{"type":"FeatureCollection","features":[{"type":"Feature","geometry":{"type":"MultiPolygon","coordinates":[[[[-57.377,50.5318],[-57.3768,50.5319],[-57.3773,50.532],[-57.377,50.5318]]],[[[-58.885,47.6002],[-58.8848,47.6005],[-58.8854,47.6002],[-58.885,47.6002]]],[[[-55.221,47.6331],[-55.2214,47.6333],[-55.2224,47.6333],[-55.221,47.6331]]],[[[-54.7518,49.4684],[-54.7519,49.4687],[-54.7532,49.4682],[-54.7518,49.4684]]],[[[-53.5988,49.0724],[-53.5984,49.073],[-53.5988,49.0733],[-53.5988,49.0724]]],[[[-53.5699,49.0663],[-53.5685,49.067],[-53.5698,49.0668],[-53.5699,49.0663]]],[[[-54.1829,47.8717],[-54.1835,47.8711],[-54.1821,47.8708],[-54.1829,47.8717]]],[[[-53.5684,47.0671],[-53.5691,47.0679],[-53.5701,47.0674],[-53.5684,47.0671]]],[[[-55.6415,51.5958],[-55.6397,51.5963],[-55.6395,51.597],[-55.6415,51.5958]]],[[[-54.7482,49.4688],[-54.7496,49.4692],[-54.7474,49.4672],[-54.7482,49.4688]]],[[[-55.3034,49.4984],[-55.3057,49.4986],[-55.3041,49.4973],[-55.3034,49.4984]]],[[[-54.741,49.4686],[-54.7431,49.469],[-54.7446,49.4678],[-54.741,49.4686]]],[[[-55.2432,46.9609],[-55.2445,46.9609],[-55.2419,46.9598],[-55.2432,46.9609]]],[[[-57.6049,47.6129],[-57.6063,47.6131],[-57.6066,47.6112],[-57.6049,47.6129]]],[[[-53.5044,49.2044],[-53.5092,49.2034],[-53.5078,49.203],[-53.5044,49.2044]]],[[[-56.0813,49.4914],[-56.0797,49.4918],[-56.0827,49.4938],[-56.0813,49.4914]]],[[[-53.5768,49.1358],[-53.5782,49.1362],[-53.5819,49.1343],[-53.5768,49.1358]]],[[[-55.1805,47.1542],[-55.1792,47.1566],[-55.1812,47.1562],[-55.1805,47.1542]]],[[[-53.5114,49.1996],[-53.5134,49.2001],[-53.515,49.198],[-53.5114,49.1996]]],[[[-56.0802,49.4884],[-56.0831,49.4912],[-56.0823,49.4891],[-56.0802,49.4884]]],[[[-53.5665,49.0655],[-53.5676,49.0669],[-53.5701,49.0642],[-53.5665,49.0655]]],[[[-53.5084,49.2047],[-53.5122,49.2049],[-53.5097,49.2037],[-53.5084,49.2047]]],[[[-53.9579,49.4597],[-53.9649,49.4601],[-53.9574,49.4591],[-53.9579,49.4597]]],[[[-54.7426,49.4702],[-54.7461,49.4714],[-54.7478,49.4701],[-54.7426,49.4702]]],[[[-54.7072,49.5617],[-54.7119,49.5629],[-54.7123,49.5615],[-54.7072,49.5617]]],[[[-53.5952,49.1204],[-53.5986,49.1188],[-53.5945,49.1184],[-53.5952,49.1204]]],[[[-53.5985,49.1157],[-53.6028,49.1141],[-53.5969,49.1148],[-53.5985,49.1157]]],[[[-55.6306,49.5054],[-55.6265,49.5082],[-55.6324,49.5066],[-55.6306,49.5054]]],[[[-58.8898,47.5988],[-58.8876,47.5998],[-58.8933,47.5977],[-58.8898,47.5988]]],[[[-59.1234,47.565],[-59.122,47.5664],[-59.1315,47.563],[-59.1234,47.565]]],[[[-60.8796,55.8873],[-60.879,55.8893],[-60.8851,55.8879],[-60.8796,55.8873]]],[[[-53.5121,49.2032],[-53.5155,49.2044],[-53.5217,49.2013],[-53.5121,49.2032]]],[[[-53.5075,49.2021],[-53.5161,49.2012],[-53.5086,49.2],[-53.5075,49.2021]]],[[[-53.5921,49.1146],[-53.5971,49.118],[-53.5979,49.1125],[-53.5921,49.1146]]],[[[-55.7774,49.6398],[-55.7818,49.6412],[-55.7742,49.6365],[-55.7774,49.6398]]],[[[-55.9541,49.742],[-55.9617,49.7409],[-55.9527,49.7388],[-55.9541,49.742]],[[-55.8773,51.5918],[-55.8677,51.5991],[-55.8822,51.5871],[-55.8773,51.5918]]],[[[-55.6371,49.5514],[-55.6503,49.5463],[-55.637,49.5475],[-55.6371,49.5514]]],[[[-53.7877,48.7238],[-53.8047,48.7221],[-53.7907,48.7191],[-53.7877,48.7238]]],[[[-53.5808,49.1143],[-53.5984,49.1094],[-53.591,49.1065],[-53.5808,49.1143]]],[[[-56.1104,50.7332],[-56.1143,50.7197],[-56.1066,50.7212],[-56.1104,50.7332]]],[[[-54.5979,49.6513],[-54.613,49.6403],[-54.6005,49.6432],[-54.5979,49.6513]]],[[[-55.4453,51.5257],[-55.4545,51.5233],[-55.4568,51.5121],[-55.4453,51.5257]]],[[[-52.7704,47.2672],[-52.7781,47.2643],[-52.7768,47.2543],[-52.7704,47.2672]]],[[[-55.6282,49.5523],[-55.6426,49.5428],[-55.6214,49.5463],[-55.6282,49.5523]]],[[[-56.0897,52.4104],[-56.1118,52.4092],[-56.092,52.4052],[-56.0897,52.4104]]],[[[-54.7554,49.4789],[-54.7651,49.4696],[-54.7516,49.4716],[-54.7554,49.4789]]],[[[-55.7995,46.8556],[-55.8083,46.859],[-55.8053,46.8431],[-55.7995,46.8556]]],[[[-54.7729,49.4878],[-54.796,49.4791],[-54.7903,49.4746],[-54.7729,49.4878]]],[[[-55.4474,51.5393],[-55.4603,51.54],[-55.4605,51.524],[-55.4474,51.5393]]],[[[-55.4435,49.5125],[-55.4797,49.5],[-55.4431,49.5037],[-55.4435,49.5125]]],[[[-54.6033,49.6556],[-54.6234,49.6522],[-54.6341,49.6404],[-54.6033,49.6556]]],[[[-54.5395,49.6689],[-54.5844,49.6511],[-54.5883,49.6431],[-54.5395,49.6689]]],[[[-57.3794,47.5266],[-57.391,47.5289],[-57.4117,47.514],[-57.3794,47.5266]]],[[[-54.3989,49.6806],[-54.4306,49.6752],[-54.4138,49.6684],[-54.3989,49.6806]]],[[[-54.8818,47.5458],[-54.8908,47.5517],[-54.9105,47.5387],[-54.8818,47.5458]]],[[[-57.6124,47.621],[-57.637,47.6195],[-57.6242,47.6061],[-57.6124,47.621]]],[[[-54.2773,49.7251],[-54.3044,49.7236],[-54.3048,49.7114],[-54.2773,49.7251]]],[[[-53.5678,49.0787],[-53.5918,49.0749],[-53.5634,49.0678],[-53.5678,49.0787]]],[[[-57.3586,47.6237],[-57.3935,47.612],[-57.3626,47.6009],[-57.3586,47.6237]]],[[[-62.4969,58.208],[-62.5292,58.1999],[-62.4852,58.1841],[-62.4969,58.208]]],[[[-55.0077,49.3845],[-55.0246,49.352],[-54.9918,49.3643],[-55.0077,49.3845]],[[-53.5698,47.183],[-53.5637,47.1885],[-53.5893,47.1455],[-53.5698,47.183]]],[[[-58.9045,53.9463],[-58.9344,53.9148],[-58.9005,53.923],[-58.9045,53.9463]]],[[[-60.0343,55.4115],[-60.0498,55.3789],[-60.0077,55.4046],[-60.0343,55.4115]]],[[[-61.2116,56.5086],[-61.2707,56.5168],[-61.2444,56.4972],[-61.2116,56.5086]]],[[[-61.285,56.5308],[-61.3151,56.521],[-61.2688,56.5236],[-61.285,56.5308]]],[[[-61.5176,56.251],[-61.5694,56.2424],[-61.508,56.2407],[-61.5176,56.251]]],[[[-60.1064,55.4004],[-60.14,55.4008],[-60.1632,55.3786],[-60.1064,55.4004]]],[[[-57.7137,54.2793],[-57.7955,54.281],[-57.7681,54.2718],[-57.7137,54.2793]]],[[[-60.9071,56.0773],[-60.9543,56.0611],[-60.9359,56.052],[-60.9071,56.0773]]],[[[-61.5185,56.2293],[-61.5534,56.2175],[-61.5318,56.2085],[-61.5185,56.2293]]],[[[-54.1775,47.7865],[-54.2076,47.7652],[-54.1887,47.762],[-54.1775,47.7865]]],[[[-55.9075,53.6893],[-55.9324,53.6678],[-55.8975,53.6655],[-55.9075,53.6893]]],[[[-53.7189,48.7549],[-53.7623,48.7439],[-53.7355,48.7361],[-53.7189,48.7549]]],[[[-61.1657,56.1789],[-61.1985,56.1716],[-61.1554,56.1646],[-61.1657,56.1789]]],[[[-58.6329,54.8655],[-58.688,54.8561],[-58.645,54.8536],[-58.6329,54.8655]]],[[[-61.5719,56.2553],[-61.6195,56.2576],[-61.6516,56.2458],[-61.5719,56.2553]]],[[[-53.5867,48.5872],[-53.5981,48.5969],[-53.6269,48.5758],[-53.5867,48.5872]]],[[[-54.9408,49.4906],[-54.963,49.479],[-54.9295,49.4683],[-54.9408,49.4906]]],[[[-61.5318,57.4796],[-61.5651,57.483],[-61.4824,57.4587],[-61.5318,57.4796]]],[[[-58.408,54.8157],[-58.4586,54.8156],[-58.4216,54.8028],[-58.408,54.8157]]],[[[-61.6034,57.484],[-61.6433,57.4641],[-61.6018,57.4588],[-61.6034,57.484]]],[[[-60.7409,55.9849],[-60.7923,55.9862],[-60.7502,55.9683],[-60.7409,55.9849]]],[[[-60.0623,55.5296],[-60.1003,55.52],[-60.0635,55.5098],[-60.0623,55.5296]]],[[[-58.2666,55.0149],[-58.2985,54.9801],[-58.2631,54.9893],[-58.2666,55.0149]]],[[[-58.8072,53.9817],[-58.8556,53.9967],[-58.8657,53.9816],[-58.8072,53.9817]]],[[[-62.5451,58.3875],[-62.5774,58.3713],[-62.5344,58.3672],[-62.5451,58.3875]]],[[[-61.1691,56.0096],[-61.2065,55.9921],[-61.1442,55.9966],[-61.1691,56.0096]]],[[[-60.9504,56.3473],[-60.9987,56.352],[-61.0111,56.3344],[-60.9504,56.3473]]],[[[-60.7626,56.1677],[-60.7976,56.148],[-60.762,56.1441],[-60.7626,56.1677]]],[[[-62.4349,58.3661],[-62.4706,58.3587],[-62.4146,58.3506],[-62.4349,58.3661]]],[[[-58.042,54.9246],[-58.0828,54.9133],[-58.0546,54.9041],[-58.042,54.9246]]],[[[-54.2494,49.556],[-54.3352,49.5394],[-54.2461,49.5465],[-54.2494,49.556]]],[[[-60.9748,56.7157],[-61.0309,56.7133],[-60.9872,56.699],[-60.9748,56.7157]]],[[[-61.7702,57.2837],[-61.8343,57.2953],[-61.8436,57.2851],[-61.7702,57.2837]]],[[[-62.9376,58.5434],[-62.9707,58.5402],[-62.9789,58.5065],[-62.9376,58.5434]]],[[[-55.0377,49.5395],[-55.0856,49.527],[-55.0584,49.512],[-55.0377,49.5395]]],[[[-58.2621,49.231],[-58.2886,49.2059],[-58.243,49.2128],[-58.2621,49.231]]],[[[-61.1824,56.1612],[-61.2285,56.1515],[-61.206,56.1419],[-61.1824,56.1612]]],[[[-54.9624,49.5583],[-54.9988,49.5397],[-54.9755,49.5327],[-54.9624,49.5583]]],[[[-55.9661,53.5752],[-56.0021,53.5712],[-55.9508,53.5592],[-55.9661,53.5752]]],[[[-52.7955,48.1569],[-52.8114,48.106],[-52.7917,48.1149],[-52.7955,48.1569]]],[[[-62.0413,56.6567],[-62.0786,56.6631],[-62.0142,56.6435],[-62.0413,56.6567]]],[[[-63.6697,59.465],[-63.7117,59.4438],[-63.6729,59.4386],[-63.6697,59.465]]],[[[-53.4822,48.2315],[-53.5175,48.2136],[-53.5145,48.194],[-53.4822,48.2315]]],[[[-58.7163,54.8858],[-58.7478,54.8693],[-58.698,54.8776],[-58.7163,54.8858]]],[[[-54.6485,47.3454],[-54.7069,47.2967],[-54.6787,47.3079],[-54.6485,47.3454]]],[[[-58.733,55.0003],[-58.7754,54.9995],[-58.7364,54.9772],[-58.733,55.0003]]],[[[-53.7028,48.9404],[-53.7663,48.9311],[-53.7278,48.925],[-53.7028,48.9404]]],[[[-60.9874,56.6555],[-61.0608,56.6405],[-61.0378,56.6265],[-60.9874,56.6555]]],[[[-56.9122,53.8541],[-56.9845,53.8426],[-56.9028,53.8442],[-56.9122,53.8541]]],[[[-56.3907,53.8299],[-56.4306,53.7907],[-56.406,53.7945],[-56.3907,53.8299]]],[[[-56.3358,53.7861],[-56.3776,53.7936],[-56.3859,53.7753],[-56.3358,53.7861]]],[[[-57.2583,54.4925],[-57.3071,54.4705],[-57.2605,54.468],[-57.2583,54.4925]]],[[[-60.3304,55.6484],[-60.3751,55.6374],[-60.338,55.6273],[-60.3304,55.6484]]],[[[-57.3269,54.4829],[-57.3798,54.4783],[-57.3437,54.4665],[-57.3269,54.4829]]],[[[-55.1194,49.4094],[-55.1313,49.3752],[-55.1062,49.3955],[-55.1194,49.4094]]],[[[-54.8231,47.3589],[-54.8533,47.3549],[-54.8635,47.3302],[-54.8231,47.3589]]],[[[-55.825,50.2094],[-55.8925,50.2012],[-55.8481,50.1914],[-55.825,50.2094]]],[[[-61.2023,56.7312],[-61.2254,56.7057],[-61.1687,56.7191],[-61.2023,56.7312]]],[[[-57.0083,53.8602],[-57.0794,53.858],[-57.0395,53.8482],[-57.0083,53.8602]]],[[[-54.8119,49.4707],[-54.8563,49.4594],[-54.8205,49.453],[-54.8119,49.4707]]],[[[-57.2143,54.4772],[-57.2443,54.4788],[-57.2461,54.4431],[-57.2005,54.4624],[-57.2143,54.4772]]],[[[-60.1506,55.4718],[-60.1825,55.458],[-60.1405,55.4446],[-60.1506,55.4718]]],[[[-59.3353,55.3093],[-59.3764,55.2962],[-59.3316,55.282],[-59.3353,55.3093]]],[[[-55.0125,49.4562],[-55.0408,49.4536],[-55.0387,49.4151],[-55.0125,49.4562]]],[[[-61.0299,56.4312],[-61.0997,56.4148],[-61.0379,56.4107],[-61.0299,56.4312]]],[[[-57.1542,54.5682],[-57.1916,54.5654],[-57.1997,54.5315],[-57.1542,54.5682]]],[[[-62.208,58.0608],[-62.2246,58.0074],[-62.1945,58.0416],[-62.208,58.0608]]],[[[-58.9399,55.0306],[-58.9547,54.9974],[-58.9252,54.983],[-58.9399,55.0306]]],[[[-55.7799,49.6615],[-55.8152,49.6332],[-55.7776,49.6341],[-55.8029,49.6521],[-55.7799,49.6615]]],[[[-58.755,55.2086],[-58.7913,55.1637],[-58.773,55.1383],[-58.755,55.2086]]],[[[-54.7858,49.686],[-54.8207,49.6775],[-54.7713,49.6443],[-54.7858,49.686]]],[[[-57.9858,54.329],[-58.0545,54.3149],[-57.9731,54.315],[-57.9858,54.329]]],[[[-60.3081,55.7733],[-60.3281,55.7406],[-60.2678,55.7557],[-60.3081,55.7733]]],[[[-61.448,57.21],[-61.5073,57.2018],[-61.453,57.1837],[-61.448,57.21]]],[[[-58.3604,54.8772],[-58.4109,54.8587],[-58.37,54.839],[-58.3604,54.8772]]],[[[-62.1001,57.5143],[-62.1546,57.4969],[-62.1133,57.4889],[-62.1001,57.5143]]],[[[-61.1902,56.8547],[-61.2436,56.8537],[-61.2434,56.8278],[-61.1902,56.8547]]],[[[-61.7822,57.6744],[-61.8351,57.6656],[-61.7643,57.64],[-61.7822,57.6744]]],[[[-61.2963,56.0169],[-61.379,56.0099],[-61.3113,55.9936],[-61.2963,56.0169]]],[[[-56.4898,53.6644],[-56.5632,53.6638],[-56.5114,53.6463],[-56.4898,53.6644]]],[[[-61.7331,56.6061],[-61.8395,56.6039],[-61.7381,56.5889],[-61.7331,56.6061]]],[[[-61.1867,56.7996],[-61.259,56.7869],[-61.2005,56.7785],[-61.1867,56.7996]]],[[[-57.7555,54.364],[-57.8033,54.3629],[-57.781,54.3416],[-57.7555,54.364]]],[[[-58.1906,49.1101],[-58.2316,49.1009],[-58.17,49.0829],[-58.1906,49.1101]]],[[[-61.2558,56.9054],[-61.3194,56.8911],[-61.2842,56.874],[-61.2558,56.9054]]],[[[-55.076,49.523],[-55.1184,49.5188],[-55.1011,49.4946],[-55.076,49.523]]],[[[-54.385,47.516],[-54.4061,47.4684],[-54.3661,47.486],[-54.385,47.516]]],[[[-62.7842,58.5617],[-62.8036,58.5166],[-62.7565,58.5367],[-62.7842,58.5617]]],[[[-54.7865,47.2702],[-54.8385,47.2647],[-54.8162,47.2333],[-54.7865,47.2702]]],[[[-61.6063,56.5907],[-61.6718,56.5873],[-61.5798,56.5793],[-61.6063,56.5907]]],[[[-61.4617,57.5162],[-61.5105,57.4952],[-61.4564,57.4918],[-61.4617,57.5162]]],[[[-57.1179,54.5005],[-57.1909,54.4975],[-57.1129,54.4796],[-57.1179,54.5005]]],[[[-55.3526,47.5676],[-55.3936,47.5429],[-55.354,47.5236],[-55.3526,47.5676]]],[[[-54.7807,49.4142],[-54.8161,49.3986],[-54.7695,49.3806],[-54.7807,49.4142]]],[[[-56.7792,49.8035],[-56.8484,49.7614],[-56.813,49.759],[-56.7792,49.8035]]],[[[-55.425,51.6419],[-55.4559,51.609],[-55.441,51.5816],[-55.4112,51.6039],[-55.425,51.6419]]],[[[-61.711,57.5871],[-61.756,57.5654],[-61.6875,57.5521],[-61.711,57.5871]]],[[[-55.9085,52.5505],[-55.9899,52.5471],[-55.9576,52.5254],[-55.9085,52.5505]]],[[[-61.0289,55.9689],[-61.1099,55.9683],[-61.01,55.9576],[-61.0289,55.9689]]],[[[-61.2458,56.2236],[-61.2956,56.1971],[-61.227,56.2022],[-61.2458,56.2236]]],[[[-64.2627,60.1987],[-64.3021,60.159],[-64.2374,60.1605],[-64.2627,60.1987]]],[[[-53.7434,48.9617],[-53.8331,48.9604],[-53.8091,48.9443],[-53.7434,48.9617]]],[[[-58.7648,55.0377],[-58.8241,55.0307],[-58.8623,54.971],[-58.7648,55.0377]]],[[[-54.1749,47.6249],[-54.2377,47.5566],[-54.2102,47.5566],[-54.1749,47.6249]]],[[[-58.8232,55.0516],[-58.8636,55.0533],[-58.8747,54.9985],[-58.8232,55.0516]]],[[[-53.6885,48.6195],[-53.7924,48.5871],[-53.724,48.5922],[-53.6885,48.6195]]],[[[-53.6967,48.8894],[-53.7843,48.8573],[-53.732,48.8569],[-53.6967,48.8894]]],[[[-61.0526,56.8969],[-61.098,56.8722],[-61.0566,56.8415],[-61.0526,56.8969]]],[[[-59.3581,55.1455],[-59.4226,55.0834],[-59.3839,55.0872],[-59.3581,55.1455]]],[[[-54.5929,49.5277],[-54.6386,49.5193],[-54.6472,49.4766],[-54.5929,49.5277]]],[[[-61.2673,56.1162],[-61.3194,56.1215],[-61.3276,56.0994],[-61.2953,56.1014],[-61.3293,56.0852],[-61.2621,56.0888],[-61.2673,56.1162]]],[[[-55.5867,52.2719],[-55.6583,52.2765],[-55.6252,52.2393],[-55.6025,52.2486],[-55.6349,52.2576],[-55.5867,52.2719]]],[[[-61.6763,57.6841],[-61.7345,57.6624],[-61.6883,57.6408],[-61.6763,57.6841]]],[[[-61.2649,56.157],[-61.3107,56.1306],[-61.2171,56.124],[-61.2649,56.157]]],[[[-53.6688,47.0031],[-53.7008,46.9988],[-53.718,46.9504],[-53.6688,47.0031]]],[[[-61.5463,57.4603],[-61.5744,57.4479],[-61.5484,57.4159],[-61.4985,57.4275],[-61.5463,57.4603]]],[[[-57.2936,54.2894],[-57.364,54.2623],[-57.3063,54.2403],[-57.3371,54.27],[-57.2936,54.2894]]],[[[-56.0718,53.5079],[-56.1926,53.5269],[-56.141,53.5033],[-56.0718,53.5079]]],[[[-61.3648,56.4275],[-61.4319,56.4112],[-61.3117,56.4072],[-61.3648,56.4275]]],[[[-54.2237,47.7427],[-54.2555,47.6841],[-54.2057,47.7106],[-54.2237,47.7427]]],[[[-61.5809,56.4495],[-61.6697,56.4404],[-61.5374,56.4235],[-61.5809,56.4495]]],[[[-61.6714,57.9277],[-61.75,57.8983],[-61.6721,57.8826],[-61.6714,57.9277]]],[[[-61.0324,56.2412],[-61.2248,56.2397],[-61.0707,56.2207],[-61.0324,56.2412]]],[[[-53.6724,48.8155],[-53.7476,48.7785],[-53.6789,48.779],[-53.6724,48.8155]]],[[[-62.1829,58.0168],[-62.2327,58.0028],[-62.2269,57.9613],[-62.1374,57.9965],[-62.1829,58.0168]]],[[[-60.0244,55.3215],[-60.1286,55.2719],[-60.052,55.2816],[-60.0244,55.3215]]],[[[-61.4846,57.2887],[-61.5302,57.2725],[-61.5259,57.2448],[-61.4631,57.2554],[-61.4846,57.2887]]],[[[-61.5386,56.6517],[-61.6418,56.6195],[-61.5512,56.6148],[-61.585,56.6351],[-61.5386,56.6517]]],[[[-55.7426,53.5195],[-55.8379,53.5129],[-55.7751,53.485],[-55.7304,53.491],[-55.7426,53.5195]]],[[[-57.2111,50.8418],[-57.2766,50.8169],[-57.2355,50.7966],[-57.1863,50.821],[-57.2111,50.8418]]],[[[-55.7319,50.2295],[-55.8048,50.229],[-55.6997,50.1979],[-55.7319,50.2295]]],[[[-61.1589,56.8576],[-61.204,56.8173],[-61.087,56.819],[-61.1589,56.8576]]],[[[-61.4225,56.2807],[-61.5781,56.2696],[-61.4643,56.2575],[-61.4225,56.2807]]],[[[-54.1703,47.8474],[-54.1952,47.8173],[-54.1671,47.7886],[-54.1339,47.8206],[-54.1703,47.8474]]],[[[-55.7141,52.5728],[-55.8451,52.5949],[-55.7113,52.5408],[-55.7141,52.5728]]],[[[-61.1881,56.3861],[-61.2648,56.3566],[-61.2611,56.3777],[-61.3515,56.3693],[-61.2853,56.3364],[-61.1881,56.3861]]],[[[-60.8504,56.0202],[-60.9595,55.9659],[-60.8951,55.958],[-60.8371,55.9955],[-60.8504,56.0202]]],[[[-55.8801,47.3],[-55.9708,47.2651],[-55.8382,47.2726],[-55.8801,47.3]]],[[[-62.674,58.5728],[-62.7241,58.5786],[-62.7517,58.5402],[-62.7218,58.5224],[-62.6298,58.5494],[-62.674,58.5728]]],[[[-63.0354,58.5571],[-63.0976,58.5307],[-63.0915,58.5017],[-63.0248,58.5034],[-63.0354,58.5571]]],[[[-62.2112,57.5184],[-62.2695,57.5239],[-62.3019,57.4861],[-62.2479,57.4698],[-62.2365,57.5016],[-62.1786,57.5065],[-62.2112,57.5184]]],[[[-55.7857,49.5894],[-55.8144,49.5512],[-55.9069,49.5269],[-55.7882,49.5315],[-55.7676,49.5451],[-55.7857,49.5894]]],[[[-55.7851,52.5521],[-55.8918,52.551],[-55.754,52.5156],[-55.8005,52.5339],[-55.7622,52.5325],[-55.7851,52.5521]]],[[[-55.8026,52.7676],[-55.8893,52.7802],[-55.8993,52.7549],[-55.8294,52.7263],[-55.8026,52.7676]]],[[[-53.6368,48.8715],[-53.7694,48.8184],[-53.7213,48.814],[-53.6368,48.8715]]],[[[-54.3802,49.6728],[-54.4155,49.665],[-54.3923,49.6438],[-54.4266,49.6088],[-54.408,49.5694],[-54.3787,49.5767],[-54.3802,49.6728]]],[[[-61.439,56.5883],[-61.5713,56.5789],[-61.4108,56.5641],[-61.439,56.5883]]],[[[-54.1462,47.4115],[-54.1853,47.4161],[-54.2165,47.3664],[-54.1491,47.373],[-54.1462,47.4115]]],[[[-60.3191,55.8452],[-60.4042,55.7942],[-60.2942,55.7957],[-60.3391,55.8291],[-60.3191,55.8452]]],[[[-55.5585,49.541],[-55.6576,49.5389],[-55.6495,49.5167],[-55.7075,49.4874],[-55.5585,49.541]]],[[[-55.7833,53.0156],[-55.8566,53.003],[-55.8006,52.9417],[-55.764,52.9932],[-55.7833,53.0156]]],[[[-60.3032,55.3859],[-60.3612,55.3497],[-60.3392,55.3535],[-60.387,55.2661],[-60.3373,55.294],[-60.3032,55.3859]]],[[[-59.9588,55.3993],[-60.0036,55.4031],[-60.0941,55.322],[-59.9984,55.3487],[-59.9588,55.3993]]],[[[-55.1723,49.3544],[-55.206,49.3266],[-55.2014,49.2661],[-55.1229,49.303],[-55.1723,49.3544]]],[[[-52.9149,47.6551],[-53.0241,47.6063],[-52.9841,47.597],[-52.9149,47.6551]]],[[[-54.7129,49.6736],[-54.7601,49.6741],[-54.7727,49.6345],[-54.7147,49.5951],[-54.686,49.6348],[-54.7209,49.6365],[-54.7129,49.6736]]],[[[-61.7401,56.4643],[-61.8913,56.4562],[-61.6965,56.4326],[-61.7471,56.4431],[-61.7401,56.4643]]],[[[-64.435,60.3759],[-64.535,60.3343],[-64.4028,60.2838],[-64.4243,60.3275],[-64.4917,60.3394],[-64.435,60.3759]]],[[[-58.6824,55.0052],[-58.7626,54.9179],[-58.6956,54.9441],[-58.7017,54.9083],[-58.6651,54.9115],[-58.6801,54.9421],[-58.6553,54.9529],[-58.6958,54.965],[-58.6627,54.9809],[-58.6824,55.0052]]],[[[-57.0512,53.6976],[-57.0381,53.7155],[-57.1296,53.7064],[-57.1723,53.6599],[-57.1122,53.6435],[-57.0512,53.6976]]],[[[-55.5803,49.5985],[-55.6935,49.6003],[-55.669,49.6243],[-55.6973,49.6283],[-55.7447,49.5707],[-55.5803,49.5985]]],[[[-55.6879,49.5612],[-55.7434,49.5617],[-55.7589,49.4879],[-55.6737,49.5162],[-55.6879,49.5612]]],[[[-54.0794,47.6953],[-54.1082,47.572],[-54.085,47.4769],[-54.0908,47.524],[-54.0611,47.5356],[-54.0884,47.6114],[-54.0577,47.6446],[-54.0794,47.6953]]],[[[-60.1289,55.3771],[-60.1946,55.3538],[-60.2149,55.2954],[-60.1361,55.3069],[-60.1289,55.3771]]],[[[-55.8567,47.7759],[-56.0327,47.7107],[-55.8995,47.7291],[-55.8567,47.7759]]],[[[-55.5506,50.9866],[-55.6383,50.9658],[-55.6228,50.8973],[-55.5739,50.8886],[-55.5938,50.9154],[-55.5357,50.9572],[-55.5506,50.9866]]],[[[-54.6809,49.4941],[-54.7891,49.4244],[-54.7122,49.3854],[-54.695,49.4573],[-54.6486,49.4702],[-54.6809,49.4941]]],[[[-57.2641,54.5813],[-57.351,54.5698],[-57.3651,54.5045],[-57.2563,54.519],[-57.2754,54.5414],[-57.2523,54.5487],[-57.2871,54.5558],[-57.2641,54.5813]]],[[[-58.3634,54.1109],[-58.4889,54.1092],[-58.5604,54.0699],[-58.44,54.065],[-58.3634,54.1109]]],[[[-56.8232,53.8],[-56.9971,53.8132],[-57.0135,53.787],[-56.987,53.7755],[-57.0035,53.7531],[-56.9375,53.7472],[-56.8232,53.8]]],[[[-60.9423,55.9397],[-61.07,55.9248],[-61.0545,55.8875],[-61.0064,55.8826],[-61.0268,55.8692],[-60.9154,55.864],[-60.9923,55.8768],[-60.8909,55.8804],[-60.9582,55.9124],[-60.9423,55.9397]]],[[[-55.7843,53.0939],[-55.8581,53.0899],[-55.8817,53.0294],[-55.7668,53.0274],[-55.7503,53.0762],[-55.7843,53.0939]]],[[[-61.648,57.3637],[-61.7492,57.3771],[-61.7769,57.3217],[-61.6504,57.2938],[-61.6566,57.3158],[-61.6121,57.3316],[-61.648,57.3637]]],[[[-55.2792,52.0164],[-55.3912,51.9656],[-55.4327,51.8945],[-55.358,51.8848],[-55.2792,52.0164]]],[[[-61.0784,56.6745],[-61.173,56.687],[-61.1251,56.6661],[-61.2013,56.6557],[-61.2395,56.5975],[-61.1863,56.5839],[-61.1844,56.6086],[-61.0518,56.6251],[-61.1207,56.6143],[-61.0684,56.6449],[-61.1153,56.6688],[-61.0784,56.6745]]],[[[-60.7535,55.9318],[-60.8627,55.9436],[-60.8708,55.8982],[-60.8108,55.8794],[-60.8996,55.8682],[-60.7893,55.8628],[-60.6854,55.9114],[-60.756,55.9019],[-60.7535,55.9318]]],[[[-55.4737,50.8001],[-55.6094,50.7598],[-55.6352,50.791],[-55.6643,50.7155],[-55.5638,50.6916],[-55.4782,50.7521],[-55.5017,50.7592],[-55.4564,50.7871],[-55.4737,50.8001]]],[[[-55.7705,53.4768],[-55.8872,53.4956],[-55.9955,53.4673],[-55.9699,53.4311],[-55.7894,53.392],[-55.8538,53.4254],[-55.7634,53.4119],[-55.8667,53.4426],[-55.7446,53.461],[-55.7705,53.4768]]],[[[-55.9388,47.7022],[-56.1098,47.6409],[-55.8866,47.6074],[-55.9372,47.6532],[-55.9388,47.7022]]],[[[-54.1241,47.679],[-54.1556,47.5717],[-54.1829,47.5693],[-54.1773,47.5959],[-54.2695,47.4657],[-54.3659,47.4054],[-54.2442,47.4023],[-54.1568,47.5369],[-54.1241,47.679]]],[[[-61.7113,57.832],[-61.8675,57.8247],[-61.9099,57.7583],[-61.8178,57.7859],[-61.845,57.7739],[-61.7776,57.7183],[-61.6945,57.7082],[-61.6678,57.7413],[-61.6993,57.7502],[-61.6499,57.7743],[-61.6872,57.8076],[-61.7261,57.7754],[-61.7113,57.832]]],[[[-61.4607,56.4041],[-61.5367,56.3819],[-61.7836,56.4056],[-61.6499,56.3385],[-61.5437,56.3212],[-61.6452,56.354],[-61.6108,56.3562],[-61.6383,56.3773],[-61.5306,56.3233],[-61.4144,56.3222],[-61.4499,56.3345],[-61.4288,56.3479],[-61.5314,56.3593],[-61.4157,56.3599],[-61.4607,56.4041]]],[[[-61.6561,57.5284],[-61.7441,57.5425],[-61.9229,57.4403],[-61.6489,57.3876],[-61.6005,57.4105],[-61.7037,57.4446],[-61.83,57.4341],[-61.7968,57.4628],[-61.6854,57.4576],[-61.6565,57.4833],[-61.7008,57.4992],[-61.6422,57.5113],[-61.6561,57.5284]]],[[[-61.8513,57.5839],[-61.898,57.5905],[-61.9577,57.5504],[-61.9826,57.5635],[-61.9335,57.5864],[-61.9946,57.584],[-62.049,57.525],[-61.9769,57.526],[-62.0125,57.5067],[-61.9689,57.4542],[-61.8694,57.4596],[-61.7822,57.5283],[-61.8513,57.5839]]],[[[-61.3287,56.5189],[-61.5952,56.5583],[-61.6105,56.5426],[-61.56,56.5119],[-61.6344,56.5012],[-61.4072,56.482],[-61.6447,56.4926],[-61.4931,56.4367],[-61.4721,56.4518],[-61.4921,56.4666],[-61.1405,56.4434],[-61.2282,56.4445],[-61.1712,56.4729],[-61.3851,56.4747],[-61.2912,56.4927],[-61.3409,56.4967],[-61.3017,56.502],[-61.3287,56.5189]]],[[[-61.0837,56.1818],[-61.197,56.1058],[-61.1482,56.0934],[-61.243,56.1049],[-61.2258,56.0577],[-61.0971,56.017],[-60.9381,56.0136],[-61.0317,56.0366],[-60.9517,56.099],[-61.0288,56.1043],[-61.0498,56.1337],[-61.1345,56.1115],[-61.0472,56.1528],[-61.0837,56.1818]]],[[[-54.5511,49.6483],[-54.6159,49.6336],[-54.6425,49.5948],[-54.66,49.6057],[-54.6144,49.6426],[-54.6491,49.6366],[-54.693,49.5975],[-54.6755,49.5827],[-54.7691,49.5269],[-54.7582,49.5497],[-54.8161,49.5548],[-54.8009,49.6078],[-54.8636,49.57],[-54.9009,49.5972],[-54.9023,49.5435],[-54.8359,49.5525],[-54.8783,49.5431],[-54.8197,49.5266],[-54.8929,49.4832],[-54.7616,49.4803],[-54.7538,49.5285],[-54.6018,49.5524],[-54.5535,49.5808],[-54.5403,49.6154],[-54.5829,49.6111],[-54.5511,49.6483]]],[[[-53.5272,48.1975],[-53.6938,48.1456],[-53.7768,48.1785],[-53.8675,48.1569],[-53.9349,48.2135],[-53.9467,48.1741],[-53.8577,48.0901],[-53.7498,48.1126],[-53.6406,48.0759],[-53.5454,48.0937],[-53.5681,48.1362],[-53.5269,48.1387],[-53.5597,48.1664],[-53.5272,48.1975]]],[[[-54.1036,49.7438],[-54.2009,49.7315],[-54.2084,49.6754],[-54.2335,49.7275],[-54.285,49.7157],[-54.2547,49.659],[-54.3209,49.6744],[-54.32,49.6014],[-54.2786,49.5958],[-54.3194,49.5764],[-54.2805,49.5629],[-54.1907,49.6157],[-54.1483,49.602],[-53.9973,49.6482],[-54.1036,49.7438]]],[[[-61.3597,56.9414],[-61.5454,56.9481],[-61.528,56.9052],[-61.6066,56.8938],[-61.634,56.8622],[-61.6144,56.8147],[-61.6654,56.7706],[-61.6393,56.7732],[-61.6631,56.7304],[-61.6144,56.7274],[-61.715,56.6661],[-61.5622,56.6934],[-61.5717,56.6732],[-61.4505,56.6555],[-61.4997,56.6508],[-61.4548,56.6121],[-61.3818,56.6025],[-61.4054,56.6097],[-61.3726,56.6293],[-61.4208,56.653],[-61.3667,56.6613],[-61.3856,56.7395],[-61.3463,56.7497],[-61.3894,56.7864],[-61.5195,56.7887],[-61.4816,56.8119],[-61.5081,56.8254],[-61.4856,56.847],[-61.4151,56.8377],[-61.4853,56.8307],[-61.468,56.8138],[-61.3659,56.8526],[-61.416,56.8872],[-61.3597,56.9414]]],[[[-55.4236,51.585],[-55.4696,51.6007],[-55.4854,51.5742],[-55.5375,51.6041],[-55.6063,51.589],[-55.6027,51.5573],[-55.6628,51.5897],[-55.6278,51.6149],[-55.7384,51.5533],[-55.7509,51.5809],[-55.711,51.5018],[-55.623,51.4847],[-55.6535,51.4665],[-55.736,51.4992],[-55.9012,51.5004],[-55.8612,51.5549],[-55.9041,51.5565],[-55.8433,51.6165],[-55.9092,51.6286],[-56.0769,51.5437],[-56.7001,51.3399],[-56.8018,51.2437],[-56.7411,51.2098],[-56.8123,51.1911],[-56.7997,51.1359],[-56.865,51.1307],[-56.897,51.062],[-56.9869,51.0491],[-56.905,51.0153],[-56.9855,50.9864],[-57.0164,51.0268],[-57.0982,51.0225],[-57.0443,51.007],[-56.9968,50.9319],[-56.8321,50.9178],[-56.9806,50.9182],[-56.9967,50.9012],[-56.9678,50.8926],[-57.0961,50.7828],[-57.4104,50.7024],[-57.3551,50.7033],[-57.3094,50.6397],[-57.2415,50.6449],[-57.3024,50.6364],[-57.2683,50.6075],[-57.1565,50.6199],[-57.2095,50.5924],[-57.3178,50.6193],[-57.3746,50.6002],[-57.3961,50.5703],[-57.3712,50.5234],[-57.3872,50.541],[-57.4756,50.4763],[-57.6073,50.1724],[-57.766,49.9771],[-57.7584,49.942],[-57.833,49.9148],[-57.7987,49.9112],[-57.8329,49.8745],[-57.6603,49.8242],[-57.7877,49.8138],[-57.8244,49.8668],[-57.8733,49.8372],[-57.8722,49.7907],[-57.9657,49.6834],[-57.9577,49.6043],[-57.919,49.5937],[-57.9424,49.5829],[-57.886,49.5203],[-57.8334,49.564],[-57.8218,49.5154],[-57.7049,49.4546],[-57.7322,49.4656],[-57.7379,49.431],[-57.8746,49.5121],[-57.9139,49.4857],[-57.8892,49.4352],[-57.9259,49.5334],[-57.9906,49.5596],[-58.1557,49.4733],[-58.2348,49.3941],[-58.2547,49.2852],[-58.204,49.2304],[-58.0315,49.2063],[-57.9259,49.25],[-57.9884,49.1815],[-58.119,49.1856],[-58.1052,49.1536],[-58.0407,49.1418],[-57.9253,49.1926],[-57.9896,49.1475],[-57.9406,49.1347],[-57.8501,49.1757],[-57.9167,49.1211],[-58.1507,49.1231],[-58.1454,49.0765],[-58.0609,48.9924],[-57.91,48.9869],[-57.8933,48.9573],[-58.078,48.9776],[-58.1642,49.0619],[-58.365,49.0544],[-58.3381,49.1013],[-58.3859,49.0998],[-58.3503,49.1152],[-58.37,49.1472],[-58.4314,49.1058],[-58.4623,49.0251],[-58.4329,49.0185],[-58.501,49.0062],[-58.5387,48.8758],[-58.6505,48.7513],[-58.6876,48.6814],[-58.6544,48.6445],[-58.7133,48.5616],[-58.8236,48.5733],[-58.8421,48.6459],[-58.8611,48.5759],[-58.9079,48.5577],[-58.8951,48.5941],[-58.9686,48.6267],[-58.7641,48.7892],[-59.2161,48.5461],[-59.2691,48.4651],[-58.7232,48.5556],[-58.5841,48.5427],[-58.5399,48.51],[-58.5407,48.5422],[-58.5312,48.4997],[-58.4613,48.5215],[-58.426,48.487],[-58.4772,48.4311],[-58.6207,48.398],[-58.5804,48.4278],[-58.6739,48.374],[-58.691,48.3296],[-58.9785,48.1292],[-59.0861,48.0981],[-59.4009,47.9185],[-59.3813,47.8388],[-59.3274,47.8295],[-59.3315,47.768],[-59.3005,47.7431],[-59.3094,47.6215],[-59.2547,47.6319],[-59.224,47.5782],[-59.1595,47.6079],[-59.1668,47.5648],[-59.0666,47.5961],[-59.0914,47.5773],[-58.9614,47.5833],[-58.9171,47.6153],[-58.937,47.6329],[-58.9153,47.6182],[-58.9385,47.5875],[-58.8437,47.6227],[-58.8109,47.5954],[-58.6946,47.6011],[-58.6832,47.639],[-58.6529,47.6227],[-58.6036,47.6764],[-58.6442,47.619],[-58.5832,47.6315],[-58.5897,47.6607],[-58.5415,47.6411],[-58.5694,47.6982],[-58.5382,47.75],[-58.561,47.6955],[-58.5278,47.6545],[-58.4884,47.6763],[-58.4954,47.6534],[-58.4229,47.64],[-58.3257,47.8009],[-58.3376,47.7495],[-58.2493,47.7671],[-58.3177,47.7287],[-58.3621,47.6514],[-58.071,47.7034],[-58.0863,47.6721],[-58.0477,47.7151],[-58.0068,47.6669],[-57.9562,47.6616],[-57.9083,47.7496],[-57.9098,47.6962],[-57.8645,47.7075],[-57.9131,47.6519],[-57.8502,47.6616],[-57.7843,47.6198],[-57.7296,47.663],[-57.7063,47.6391],[-57.7532,47.6331],[-57.6763,47.6387],[-57.6608,47.5965],[-57.523,47.6617],[-57.5505,47.6311],[-57.3469,47.6437],[-57.3063,47.7682],[-57.2682,47.7846],[-57.3045,47.7543],[-57.2853,47.7263],[-57.3423,47.5888],[-57.1771,47.6163],[-57.1819,47.6993],[-57.1365,47.6117],[-57.1794,47.5974],[-57.1402,47.5762],[-57.0126,47.5986],[-56.869,47.536],[-56.8679,47.6362],[-56.8632,47.5291],[-56.8094,47.5652],[-56.8136,47.5958],[-56.8054,47.5323],[-56.7819,47.5425],[-56.802,47.5571],[-56.7334,47.559],[-56.7442,47.5813],[-56.7108,47.5712],[-56.7742,47.6516],[-56.6825,47.579],[-56.6487,47.5998],[-56.7094,47.6146],[-56.7065,47.6589],[-56.697,47.6244],[-56.6633,47.6408],[-56.6248,47.6151],[-56.6318,47.6613],[-56.6176,47.6149],[-56.5255,47.6161],[-56.5188,47.684],[-56.5962,47.75],[-56.5562,47.7075],[-56.5103,47.723],[-56.513,47.6144],[-56.3355,47.622],[-56.4,47.6426],[-56.324,47.6272],[-56.3219,47.6715],[-56.3527,47.6786],[-56.325,47.6754],[-56.3493,47.6994],[-56.3228,47.7103],[-56.3256,47.7939],[-56.315,47.7105],[-56.2771,47.7022],[-56.309,47.6951],[-56.3124,47.6282],[-56.2209,47.6229],[-56.2243,47.6726],[-56.166,47.636],[-56.1848,47.6609],[-56.1577,47.6655],[-56.1899,47.6734],[-56.1529,47.6815],[-56.1561,47.7235],[-56.1944,47.7212],[-56.133,47.76],[-56.1706,47.874],[-56.1105,47.7489],[-56.0187,47.8043],[-56.1236,47.7282],[-56.0741,47.7256],[-56.1148,47.6907],[-56.0507,47.7004],[-56.0031,47.7581],[-55.8645,47.7849],[-55.8992,47.8092],[-55.8412,47.7905],[-55.8463,47.8722],[-55.8144,47.8746],[-55.8433,47.8914],[-55.7744,47.9186],[-55.7789,47.9542],[-55.7443,47.9205],[-55.8079,47.8792],[-55.7128,47.8808],[-55.8231,47.8394],[-55.8259,47.7992],[-55.787,47.802],[-55.8171,47.7761],[-55.6645,47.8682],[-55.8674,47.7436],[-55.8266,47.7539],[-55.9321,47.6564],[-55.8638,47.615],[-55.6215,47.6848],[-55.9242,47.5549],[-56.1881,47.4946],[-56.1172,47.4647],[-55.9839,47.4982],[-55.8059,47.5733],[-55.8242,47.5418],[-55.7222,47.6186],[-55.8531,47.5125],[-55.8037,47.5113],[-55.9391,47.4385],[-55.8622,47.4716],[-55.8065,47.4571],[-55.7924,47.4794],[-55.827,47.4811],[-55.7167,47.5931],[-55.7839,47.4932],[-55.7599,47.5009],[-55.7775,47.4494],[-55.7038,47.4843],[-55.7233,47.5079],[-55.6598,47.4945],[-55.6424,47.5574],[-55.5805,47.5824],[-55.6307,47.5391],[-55.584,47.5124],[-55.6711,47.4291],[-55.5935,47.4617],[-55.6016,47.3997],[-55.5523,47.4623],[-55.5111,47.4475],[-55.4098,47.4903],[-55.425,47.5471],[-55.3895,47.5871],[-55.4538,47.5849],[-55.4009,47.6199],[-55.477,47.6246],[-55.4744,47.6622],[-55.4559,47.643],[-55.4217,47.6773],[-55.4422,47.75],[-55.4095,47.6906],[-55.3945,47.7489],[-55.3962,47.7249],[-55.3558,47.7286],[-55.3845,47.6459],[-55.3073,47.7013],[-55.3229,47.6584],[-55.1827,47.6322],[-55.1176,47.6994],[-55.1662,47.6073],[-55.1386,47.5772],[-54.9423,47.7947],[-55.0912,47.591],[-54.9803,47.62],[-54.967,47.5961],[-54.8832,47.6259],[-54.8879,47.6486],[-54.7914,47.6604],[-54.7814,47.692],[-54.7728,47.6666],[-54.6999,47.675],[-54.8748,47.6038],[-54.8861,47.5699],[-54.828,47.5946],[-54.865,47.5667],[-54.8413,47.557],[-54.8772,47.5593],[-54.8561,47.5454],[-55.0624,47.4922],[-55.0395,47.4801],[-55.1708,47.4721],[-55.2729,47.4085],[-55.3119,47.2703],[-55.3451,47.2276],[-55.4658,47.1869],[-55.4828,47.1332],[-55.6809,47.0845],[-55.7729,47.11],[-55.9764,46.9926],[-55.9688,46.9089],[-55.7445,46.8471],[-55.7191,46.8787],[-55.6312,46.875],[-55.575,46.9209],[-55.5666,46.9011],[-55.5419,46.9474],[-55.5209,46.9081],[-55.4712,46.9322],[-55.4771,46.8767],[-55.3756,46.8776],[-55.3939,46.9199],[-55.3464,46.9011],[-55.3735,46.9316],[-55.329,46.901],[-55.264,46.9174],[-55.1875,47.0229],[-55.2177,47.0887],[-55.1797,47.0712],[-55.1719,47.0073],[-55.1704,47.0469],[-55.109,47.0551],[-55.1207,47.0885],[-55.0761,47.0781],[-55.0702,47.1008],[-55.0907,47.1664],[-55.2211,47.1475],[-55.2242,47.1119],[-55.2469,47.1693],[-55.2043,47.1464],[-55.0743,47.2007],[-55.0602,47.1453],[-55.0158,47.1831],[-55.0664,47.2235],[-54.9968,47.3005],[-54.9767,47.2768],[-54.9226,47.3029],[-54.9185,47.3516],[-54.8535,47.3856],[-54.8401,47.4329],[-54.8143,47.432],[-54.8366,47.3749],[-54.7812,47.4381],[-54.828,47.3641],[-54.7458,47.3702],[-54.6963,47.4367],[-54.7388,47.3594],[-54.7153,47.3617],[-54.6494,47.4429],[-54.6854,47.3806],[-54.6529,47.4149],[-54.6584,47.386],[-54.6313,47.3893],[-54.5461,47.4548],[-54.4293,47.6184],[-54.4049,47.6152],[-54.4946,47.4787],[-54.6134,47.3622],[-54.5853,47.3485],[-54.5328,47.3922],[-54.5197,47.3651],[-54.4546,47.4627],[-54.4643,47.4198],[-54.437,47.4223],[-54.4041,47.4515],[-54.4284,47.5024],[-54.478,47.4938],[-54.4086,47.5265],[-54.3222,47.6386],[-54.3353,47.6716],[-54.3067,47.6841],[-54.331,47.6917],[-54.2657,47.7083],[-54.206,47.7959],[-54.1878,47.8608],[-54.2599,47.9105],[-54.0993,47.8201],[-54.1075,47.8584],[-54.0774,47.8814],[-54.0781,47.8128],[-54.0444,47.7936],[-53.9777,47.8595],[-54.0304,47.7504],[-53.9711,47.7725],[-53.9408,47.6028],[-53.8998,47.6078],[-53.9134,47.5241],[-53.8907,47.5396],[-53.9374,47.4522],[-53.9154,47.4591],[-53.9214,47.4235],[-53.8591,47.4537],[-53.8676,47.4271],[-53.7855,47.4416],[-53.93,47.3828],[-53.9328,47.3529],[-53.878,47.3779],[-53.8754,47.3509],[-53.9518,47.3225],[-53.8682,47.3052],[-53.992,47.2859],[-53.9707,47.3149],[-54.005,47.3151],[-53.9889,47.252],[-53.8402,47.2684],[-53.9594,47.248],[-53.9098,47.2176],[-53.963,47.2231],[-53.9614,47.2498],[-54.0156,47.2383],[-54.0751,47.0949],[-54.1916,46.937],[-54.1982,46.8212],[-54.0622,46.7893],[-53.9604,46.8497],[-53.7752,47.0506],[-53.7209,47.0517],[-53.6422,47.1753],[-53.6247,47.189],[-53.6617,47.0978],[-53.5509,47.2189],[-53.576,47.1545],[-53.5288,47.1635],[-53.5532,47.1273],[-53.403,47.1788],[-53.5789,47.0945],[-53.5952,47.0705],[-53.5416,47.0758],[-53.6563,46.9878],[-53.6151,46.9943],[-53.618,46.9398],[-53.5816,46.9855],[-53.5775,46.9378],[-53.5106,46.9803],[-53.5273,46.9401],[-53.6103,46.9122],[-53.6617,46.8214],[-53.6651,46.7896],[-53.6107,46.757],[-53.6518,46.707],[-53.6211,46.6397],[-53.5326,46.6137],[-53.4024,46.7126],[-53.3879,46.7572],[-53.3527,46.7653],[-53.4037,46.69],[-53.3714,46.7261],[-53.3398,46.6929],[-53.2779,46.7419],[-53.2811,46.7725],[-53.2867,46.7066],[-53.2597,46.709],[-53.2198,46.6359],[-53.0728,46.6578],[-53.0363,46.7465],[-52.9816,46.7583],[-52.9373,46.816],[-52.917,46.9061],[-52.9512,46.9345],[-52.8915,46.9413],[-52.9589,46.9754],[-52.9007,46.9625],[-52.9,46.9992],[-52.975,47.01],[-52.8547,47.0162],[-52.911,47.0567],[-52.8617,47.0477],[-52.8515,47.0733],[-52.9542,47.0955],[-52.8679,47.0993],[-52.8415,47.2482],[-52.7975,47.2441],[-52.8332,47.2792],[-52.7652,47.2883],[-52.8137,47.3172],[-52.7475,47.3091],[-52.7183,47.3895],[-52.6585,47.4356],[-52.7106,47.4642],[-52.6342,47.4838],[-52.6194,47.5236],[-52.712,47.555],[-52.6519,47.6202],[-52.669,47.6659],[-52.7309,47.6607],[-52.6948,47.7069],[-52.7108,47.7558],[-52.7629,47.7628],[-52.7857,47.8099],[-52.9197,47.5405],[-53.0828,47.4719],[-53.1255,47.3868],[-53.1572,47.393],[-53.1271,47.4286],[-53.1598,47.4326],[-53.1487,47.4643],[-53.1924,47.4206],[-53.2119,47.441],[-53.1613,47.4742],[-53.1685,47.5089],[-53.2252,47.4542],[-53.1854,47.5716],[-53.2821,47.5484],[-53.1741,47.6093],[-53.2557,47.573],[-53.278,47.5828],[-53.199,47.6204],[-53.2881,47.6049],[-53.1753,47.6748],[-53.1637,47.699],[-53.2602,47.6678],[-53.1724,47.7205],[-53.2288,47.7364],[-53.0569,47.8803],[-53.084,47.8867],[-53.0785,47.9383],[-52.9786,47.9956],[-52.9573,48.0699],[-52.8491,48.1021],[-52.9451,48.1731],[-53.0687,48.0497],[-53.1161,48.034],[-53.1694,48.0626],[-53.3007,48.0083],[-53.3868,47.8927],[-53.3634,47.8692],[-53.4175,47.8714],[-53.4772,47.7899],[-53.4632,47.7715],[-53.5068,47.749],[-53.4787,47.692],[-53.531,47.6706],[-53.5141,47.6073],[-53.5688,47.6283],[-53.5409,47.5873],[-53.5733,47.5688],[-53.5472,47.5568],[-53.5564,47.5178],[-53.6252,47.5634],[-53.6646,47.5142],[-53.6519,47.5788],[-53.6693,47.5632],[-53.6763,47.6018],[-53.7217,47.581],[-53.6814,47.6877],[-53.7048,47.6944],[-53.7733,47.6088],[-53.7788,47.6345],[-53.742,47.6357],[-53.86,47.6949],[-53.8711,47.7206],[-53.8318,47.7183],[-53.8608,47.7987],[-53.9434,47.8544],[-53.8861,47.8572],[-53.7991,47.7709],[-53.7266,47.8886],[-53.8141,47.9074],[-53.6995,47.8934],[-53.6852,47.9219],[-53.7564,47.9293],[-53.6848,47.9264],[-53.633,48.0085],[-53.6842,48.0146],[-53.6131,48.0534],[-53.7031,48.0029],[-53.6942,48.0237],[-53.8127,47.9961],[-53.9356,48.0124],[-53.9606,48.029],[-53.8137,48.0154],[-53.6752,48.0608],[-53.7097,48.0855],[-53.9346,48.0766],[-53.9305,48.1296],[-53.9863,48.1827],[-53.936,48.2384],[-53.8452,48.1863],[-53.6419,48.1741],[-53.4687,48.2826],[-53.3897,48.275],[-53.4144,48.3033],[-53.3451,48.3663],[-53.3817,48.3529],[-53.3548,48.3694],[-53.3738,48.3989],[-53.3348,48.3637],[-53.3248,48.395],[-53.2062,48.3502],[-53.0522,48.4603],[-53.0723,48.4784],[-53.0498,48.509],[-53.0892,48.4981],[-53.0449,48.5384],[-53.0933,48.5508],[-53.0027,48.5468],[-53.0294,48.6535],[-53.0839,48.6652],[-53.0875,48.703],[-53.1085,48.6519],[-53.1711,48.6265],[-53.2619,48.5216],[-53.3053,48.5577],[-53.3444,48.5401],[-53.3208,48.5769],[-53.3709,48.599],[-53.3575,48.6172],[-53.45,48.6256],[-53.5476,48.4405],[-53.5523,48.4678],[-53.6507,48.3871],[-53.6712,48.3839],[-53.5603,48.4854],[-53.6066,48.473],[-53.5818,48.5016],[-53.6048,48.5018],[-53.5978,48.5325],[-53.6543,48.4346],[-53.6757,48.4263],[-53.6622,48.4618],[-53.746,48.4179],[-53.6364,48.4962],[-53.665,48.5171],[-53.6993,48.4928],[-53.6345,48.5371],[-53.663,48.5405],[-53.7898,48.4758],[-53.8715,48.397],[-53.8437,48.3738],[-53.8974,48.3549],[-53.9103,48.3809],[-53.8225,48.4725],[-54.013,48.396],[-54.088,48.406],[-54.1516,48.3346],[-54.1971,48.3847],[-53.7822,48.5071],[-53.767,48.5474],[-53.8259,48.5433],[-53.7207,48.566],[-53.9166,48.5769],[-53.9712,48.5375],[-53.9542,48.5805],[-53.617,48.6812],[-53.6566,48.6727],[-53.6209,48.691],[-53.6569,48.7015],[-53.7486,48.6507],[-53.7224,48.6844],[-53.772,48.6903],[-53.7602,48.7198],[-53.8846,48.7001],[-53.8486,48.7553],[-53.9592,48.6688],[-53.8006,48.6842],[-53.9625,48.6226],[-53.9059,48.6521],[-53.9686,48.6657],[-53.9416,48.7094],[-54.0282,48.6726],[-53.9566,48.7186],[-54.0517,48.7406],[-53.9172,48.7308],[-53.8642,48.7772],[-53.9244,48.7625],[-53.9081,48.7809],[-53.9416,48.8002],[-53.86,48.7947],[-53.8269,48.8277],[-53.9464,48.8409],[-54.0109,48.7785],[-53.9627,48.7995],[-53.9629,48.7778],[-54.0109,48.7657],[-54.0164,48.8151],[-54.1972,48.7592],[-54.222,48.7674],[-54.1888,48.7885],[-54.2075,48.8054],[-54.0105,48.8442],[-53.9976,48.8242],[-53.9812,48.844],[-54.0084,48.8566],[-53.8951,48.893],[-54.0038,48.9033],[-53.8144,48.936],[-53.919,48.971],[-53.9083,48.9919],[-53.8477,48.9742],[-53.7471,49.0078],[-53.8792,49.0158],[-53.8719,49.039],[-53.6038,49.0357],[-53.5996,49.0729],[-53.633,49.0772],[-53.6009,49.0871],[-53.6134,49.116],[-53.7052,49.0903],[-53.6162,49.119],[-53.6426,49.1413],[-53.5777,49.1235],[-53.5465,49.1492],[-53.5552,49.1889],[-53.5092,49.2102],[-53.5301,49.2205],[-53.4645,49.2555],[-53.5648,49.2798],[-53.6102,49.3247],[-53.6888,49.3212],[-53.7087,49.3413],[-53.6838,49.3248],[-53.6766,49.3584],[-53.9397,49.457],[-54.0474,49.4257],[-54.0048,49.4718],[-54.0647,49.483],[-54.1624,49.4577],[-54.2001,49.3728],[-54.2071,49.4088],[-54.252,49.3686],[-54.2349,49.4186],[-54.2794,49.3815],[-54.2828,49.4262],[-54.3147,49.4087],[-54.3178,49.4415],[-54.3761,49.4397],[-54.4357,49.3624],[-54.4159,49.3278],[-54.5158,49.2611],[-54.4672,49.3484],[-54.5065,49.3687],[-54.4481,49.4814],[-54.5681,49.4237],[-54.4667,49.5356],[-54.5189,49.5399],[-54.4721,49.5697],[-54.667,49.4503],[-54.6732,49.3953],[-54.7447,49.3621],[-54.7624,49.3132],[-54.7632,49.3523],[-54.797,49.3552],[-54.8377,49.2698],[-54.8542,49.4159],[-54.9163,49.3623],[-54.8718,49.3378],[-54.8911,49.2926],[-54.9234,49.2792],[-54.9652,49.3092],[-55.045,49.2179],[-55.0592,49.2412],[-55.0117,49.2813],[-55.0259,49.3507],[-55.0549,49.3204],[-55.0979,49.3609],[-55.0797,49.2685],[-55.1003,49.2871],[-55.1936,49.2568],[-55.3115,49.1904],[-55.3063,49.1679],[-55.2612,49.1819],[-55.2992,49.1529],[-55.2878,49.0965],[-55.1832,49.1308],[-55.3093,49.072],[-55.3337,49.1257],[-55.3647,49.1203],[-55.3373,49.1562],[-55.3927,49.1615],[-55.2434,49.257],[-55.2309,49.3996],[-55.2069,49.4136],[-55.2098,49.376],[-55.1668,49.4252],[-55.2018,49.4263],[-55.1318,49.4651],[-55.1644,49.469],[-55.1359,49.4869],[-55.1791,49.5208],[-55.1594,49.5443],[-55.2349,49.5307],[-55.216,49.4998],[-55.2807,49.5291],[-55.237,49.5173],[-55.2393,49.5404],[-55.3384,49.5359],[-55.2736,49.4699],[-55.2959,49.4693],[-55.2819,49.4037],[-55.2475,49.405],[-55.2714,49.3391],[-55.3232,49.3483],[-55.3249,49.3029],[-55.358,49.3451],[-55.3095,49.3712],[-55.3156,49.41],[-55.334,49.3736],[-55.3359,49.41],[-55.3642,49.4015],[-55.3986,49.3221],[-55.3991,49.3836],[-55.4667,49.3516],[-55.333,49.4523],[-55.3722,49.4519],[-55.349,49.4801],[-55.4581,49.421],[-55.3651,49.4979],[-55.4035,49.5076],[-55.4574,49.4976],[-55.4778,49.4533],[-55.5136,49.4722],[-55.5823,49.3562],[-55.5813,49.421],[-55.6036,49.4165],[-55.5434,49.4924],[-55.6863,49.3807],[-55.6952,49.4247],[-55.7497,49.409],[-55.6688,49.4707],[-55.8083,49.4401],[-55.762,49.4677],[-55.8062,49.4653],[-55.7303,49.4801],[-55.8051,49.4865],[-55.7807,49.5112],[-55.8483,49.5313],[-56.1416,49.4302],[-56.0763,49.4763],[-56.0879,49.5],[-55.9515,49.5287],[-55.8226,49.6065],[-55.8641,49.6192],[-56.0041,49.5664],[-55.9282,49.5938],[-55.9485,49.6028],[-55.8465,49.6904],[-55.9524,49.6392],[-55.8763,49.6866],[-56.0149,49.6618],[-55.8923,49.7164],[-56.0368,49.6817],[-56.1868,49.5741],[-56.1809,49.617],[-56.0453,49.6913],[-56.145,49.6997],[-56.0333,49.7111],[-56.0016,49.7256],[-56.0225,49.7515],[-55.9756,49.7343],[-55.7937,49.8201],[-55.6836,49.834],[-55.712,49.8543],[-55.6475,49.8517],[-55.474,49.9668],[-55.5317,50.0044],[-55.6094,49.9719],[-55.5964,49.9559],[-55.6982,49.9701],[-55.729,49.9206],[-55.7781,49.9171],[-55.7773,49.9539],[-55.8901,49.9649],[-55.8524,49.9829],[-55.929,50.0386],[-56.0438,49.976],[-56.02,50.039],[-56.2168,49.9232],[-56.0979,50.0523],[-56.1197,50.0591],[-56.0724,50.0743],[-56.1539,50.1172],[-56.1029,50.1272],[-56.1597,50.1581],[-56.3965,49.9629],[-56.3752,49.8916],[-56.4215,49.9222],[-56.4525,49.8957],[-56.4373,49.8557],[-56.465,49.9048],[-56.5817,49.8471],[-56.5104,49.8226],[-56.619,49.8148],[-56.6494,49.7437],[-56.675,49.7484],[-56.8753,49.5369],[-56.7853,49.6998],[-56.8246,49.6749],[-56.7969,49.7369],[-56.9235,49.7548],[-56.773,49.83],[-56.7658,49.8569],[-56.8125,49.8635],[-56.7461,49.8721],[-56.7692,49.8934],[-56.73,49.955],[-56.8193,49.8905],[-56.7642,50.0255],[-56.6369,50.1101],[-56.7492,50.1341],[-56.5969,50.1397],[-56.6305,50.1584],[-56.5904,50.1481],[-56.5136,50.2254],[-56.5681,50.2454],[-56.507,50.2405],[-56.4334,50.3316],[-56.4592,50.3712],[-56.5182,50.3723],[-56.4793,50.3864],[-56.5114,50.4209],[-56.4104,50.3769],[-56.2766,50.4999],[-56.363,50.5312],[-56.2539,50.5228],[-56.2199,50.6027],[-56.265,50.6174],[-56.2,50.5965],[-56.1105,50.6722],[-56.174,50.6855],[-56.1872,50.7392],[-56.1531,50.863],[-56.2024,50.847],[-56.2551,50.8987],[-56.1894,50.8501],[-56.1887,50.8777],[-56.1178,50.9118],[-56.1504,50.7593],[-56.1221,50.7431],[-56.0915,50.8115],[-56.0936,50.7218],[-55.9679,50.861],[-55.8967,50.9049],[-55.8869,50.8637],[-55.8534,50.9076],[-55.8916,50.9038],[-55.8686,50.9501],[-55.8298,50.922],[-55.8215,50.9619],[-55.851,50.9691],[-55.7789,51.0394],[-55.8433,51.0541],[-55.7752,51.0527],[-55.7285,51.0936],[-55.737,51.1518],[-55.7821,51.1511],[-55.7226,51.19],[-55.7952,51.2033],[-55.7696,51.2183],[-55.849,51.2004],[-55.8614,51.2308],[-55.9786,51.1976],[-55.9644,51.1483],[-56.0148,51.1756],[-56.1006,51.1325],[-56.0046,51.1892],[-56.0309,51.2227],[-56.0831,51.2209],[-56.0164,51.266],[-56.04,51.3071],[-56.112,51.3149],[-56.0857,51.3647],[-56.0406,51.3537],[-56.0305,51.378],[-55.956,51.3339],[-55.9268,51.3417],[-55.9543,51.3656],[-55.8899,51.3308],[-55.7586,51.3451],[-55.6033,51.2996],[-55.625,51.3433],[-55.5538,51.3558],[-55.5849,51.3861],[-55.5166,51.3581],[-55.4703,51.4362],[-55.4694,51.4702],[-55.5111,51.4815],[-55.4912,51.4889],[-55.5487,51.5024],[-55.4555,51.4904],[-55.4864,51.5605],[-55.4337,51.5464],[-55.4236,51.585]],[[-55.2027,47.0977],[-55.2032,47.1026],[-55.1996,47.1027],[-55.2027,47.0977]],[[-55.9492,51.1607],[-55.9478,51.1647],[-55.9388,51.1665],[-55.9492,51.1607]],[[-55.908,49.5702],[-55.8733,49.5891],[-55.8907,49.5724],[-55.908,49.5702]]],[[[-64.4777,60.2901],[-64.7074,60.3033],[-64.8623,60.2585],[-64.8639,60.2282],[-64.7456,60.1686],[-64.6025,60.167],[-64.5937,60.117],[-64.7673,60.1084],[-64.708,60.0846],[-64.7427,60.0561],[-64.9236,60.0615],[-64.8402,59.9703],[-64.7471,59.9745],[-64.6268,59.9303],[-64.6838,59.8772],[-64.7562,59.886],[-64.7369,59.8556],[-64.8252,59.8256],[-64.7885,59.8033],[-64.814,59.7952],[-64.79,59.7603],[-64.8102,59.7297],[-64.7494,59.7173],[-64.8895,59.6622],[-64.8598,59.5915],[-64.9271,59.5932],[-64.9394,59.5671],[-64.8396,59.5534],[-64.6798,59.4469],[-64.4338,59.542],[-64.3241,59.5128],[-64.5116,59.423],[-64.4607,59.4122],[-64.5283,59.3956],[-64.5383,59.3708],[-64.4933,59.3496],[-64.5435,59.3104],[-64.4886,59.2571],[-64.5218,59.1968],[-64.4727,59.1804],[-64.498,59.1064],[-64.376,59.0926],[-64.2618,59.013],[-64.4603,58.9815],[-64.4978,59.0194],[-64.6703,59.0386],[-64.6833,59.0747],[-64.7792,59.075],[-64.865,59.0154],[-64.8329,58.9564],[-64.8891,58.9384],[-64.8207,58.9169],[-64.6516,58.9438],[-64.5502,58.8875],[-64.2876,58.8968],[-64.2337,58.8641],[-64.2297,58.7837],[-64.1788,58.7891],[-64.1378,58.7462],[-64.0871,58.756],[-64.0453,58.8104],[-63.71,58.8871],[-63.5508,58.8366],[-63.4675,58.7621],[-63.6298,58.7147],[-63.91,58.7103],[-63.9503,58.6853],[-64.0472,58.7026],[-64.1079,58.6397],[-64.1049,58.5632],[-64.0341,58.5235],[-63.8871,58.5717],[-63.8497,58.5466],[-63.8587,58.5045],[-63.8078,58.4898],[-63.8811,58.4295],[-63.9866,58.4444],[-64.0305,58.366],[-64.1585,58.371],[-64.2178,58.2477],[-64.4217,58.1867],[-64.4354,58.0984],[-64.4123,58.0612],[-64.2185,58.037],[-64.2274,57.9896],[-64.072,57.77],[-64.026,57.7644],[-64.0209,57.8095],[-63.9124,57.8011],[-63.8834,57.7126],[-63.8042,57.6845],[-63.7536,57.7208],[-63.7486,57.6743],[-63.6926,57.6527],[-63.6681,57.724],[-63.5968,57.7413],[-63.623,57.642],[-63.7456,57.5795],[-63.7719,57.5925],[-63.7613,57.4393],[-63.7164,57.4382],[-63.7013,57.3683],[-63.8558,57.3343],[-63.8834,57.2776],[-63.8841,57.1963],[-63.8091,57.2622],[-63.7371,57.2216],[-63.8118,57.0789],[-63.8901,57.0861],[-63.8919,57.0128],[-63.8578,56.9992],[-63.9141,56.9776],[-63.9181,56.9042],[-63.8639,56.8968],[-63.8592,56.8688],[-64.0035,56.8618],[-64.0128,56.7787],[-64.0789,56.767],[-64.1453,56.6998],[-64.0908,56.6538],[-64.0249,56.653],[-64.0505,56.6064],[-63.9311,56.5338],[-63.9306,56.4662],[-63.8837,56.4691],[-63.8742,56.442],[-63.993,56.4082],[-64.178,56.4253],[-64.1154,56.4021],[-64.0982,56.3336],[-64.1486,56.3034],[-64.0874,56.2569],[-63.9349,56.2711],[-63.8629,56.2126],[-64.036,56.1549],[-64.0021,56.1027],[-64.0347,56.0702],[-63.8562,56.1371],[-63.8383,56.1225],[-63.8876,56.0929],[-63.811,56.0846],[-63.8379,56.0451],[-63.7148,56.0717],[-63.6367,56.0235],[-63.4435,56.0295],[-63.4912,56.0099],[-63.472,55.9878],[-63.563,56.0059],[-63.724,55.9305],[-63.8544,55.91],[-63.8251,55.9045],[-63.8451,55.8791],[-63.7529,55.8465],[-63.7684,55.79],[-63.6665,55.7878],[-63.7258,55.7382],[-63.6982,55.7316],[-63.7251,55.7266],[-63.7049,55.6786],[-63.7646,55.6516],[-63.6437,55.6416],[-63.6877,55.6255],[-63.6626,55.5989],[-63.6915,55.5087],[-63.7927,55.4672],[-63.6654,55.4231],[-63.3198,55.4118],[-63.3248,55.3661],[-63.5744,55.3396],[-63.5983,55.3257],[-63.5226,55.3099],[-63.6795,55.2669],[-63.5474,55.2255],[-63.4028,55.249],[-63.4526,55.202],[-63.5629,55.1876],[-63.5239,55.1682],[-63.6023,55.1287],[-63.5854,55.1036],[-63.6161,55.069],[-63.5564,55.0345],[-63.6061,55.0084],[-63.5576,54.9999],[-63.611,54.9771],[-63.5779,54.93],[-63.6123,54.9199],[-63.5914,54.8966],[-63.7917,54.9559],[-63.8298,54.9421],[-63.7996,54.9261],[-63.8527,54.8761],[-63.8172,54.8169],[-63.924,54.7784],[-63.803,54.7257],[-63.7126,54.625],[-63.8134,54.6508],[-63.8979,54.6007],[-64.1073,54.6132],[-64.1028,54.6556],[-64.1807,54.6936],[-64.1776,54.7214],[-64.2882,54.731],[-64.3975,54.7905],[-64.4959,54.7906],[-64.4748,54.7522],[-64.5342,54.7618],[-64.5569,54.7137],[-64.7697,54.7301],[-64.801,54.7558],[-64.7523,54.7673],[-64.7762,54.7882],[-64.7611,54.8295],[-64.8615,54.8411],[-64.8484,54.8763],[-64.915,54.92],[-65.0858,54.9696],[-65.1803,54.9309],[-65.2096,54.848],[-65.2827,54.8444],[-65.2963,54.8176],[-65.3358,54.852],[-65.3558,54.8188],[-65.4873,54.8344],[-65.4346,54.7842],[-65.4555,54.7286],[-65.647,54.7532],[-65.6932,54.7082],[-65.8506,54.8508],[-65.8498,54.9272],[-66.0312,54.9425],[-66.0408,54.9191],[-66.1526,54.9855],[-66.2464,54.9755],[-66.4927,55.2034],[-66.618,55.2782],[-66.6586,55.2552],[-66.7003,55.3121],[-66.8078,55.3568],[-66.8237,55.307],[-66.6704,55.1775],[-66.7552,55.215],[-66.7457,55.1532],[-66.7887,55.1184],[-66.6949,55.0695],[-66.7536,55.0906],[-66.735,55.0441],[-66.6271,54.9849],[-66.766,55.0],[-66.6027,54.8135],[-66.6594,54.7702],[-66.7374,54.8132],[-66.6691,54.7097],[-67.033,54.862],[-67.2728,55.0242],[-67.234,55.0512],[-67.2728,55.0764],[-67.4096,55.0886],[-67.4637,55.0629],[-67.3998,54.9579],[-67.0629,54.6929],[-67.1386,54.6245],[-67.2803,54.5918],[-67.2685,54.5652],[-67.3027,54.5559],[-67.2268,54.5196],[-67.2726,54.4866],[-67.4917,54.5849],[-67.5269,54.571],[-67.4737,54.5304],[-67.5004,54.4815],[-67.5817,54.4941],[-67.6095,54.4658],[-67.6481,54.5096],[-67.6678,54.4539],[-67.7723,54.4417],[-67.7247,54.3869],[-67.748,54.3503],[-67.6764,54.3185],[-67.6808,54.247],[-67.6156,54.1958],[-67.6534,54.1886],[-67.6444,54.1608],[-67.8103,54.1281],[-67.7581,54.0916],[-67.8206,54.02],[-67.6813,53.9719],[-67.6626,53.9281],[-67.5963,53.9217],[-67.6091,53.8693],[-67.5691,53.8412],[-67.4978,53.8367],[-67.6022,53.7955],[-67.5573,53.7803],[-67.6033,53.7627],[-67.5,53.7573],[-67.516,53.7288],[-67.4651,53.7089],[-67.4178,53.7251],[-67.3947,53.6147],[-67.3135,53.5842],[-67.3187,53.553],[-67.0359,53.5288],[-66.9856,53.4962],[-66.9958,53.4643],[-66.9379,53.4731],[-66.9244,53.4187],[-66.8901,53.4131],[-67.0271,53.3347],[-66.9534,53.2904],[-66.9781,53.2133],[-66.9596,53.1817],[-67.0135,53.16],[-66.9587,53.1371],[-66.9895,53.0844],[-67.0685,53.0789],[-67.0489,53.1396],[-67.1162,53.1051],[-67.1344,53.1379],[-67.263,53.1813],[-67.3428,53.1177],[-67.3854,53.132],[-67.3634,52.9962],[-67.2445,52.9795],[-67.3519,52.9367],[-67.3246,52.8778],[-67.1611,52.8175],[-67.1495,52.8545],[-67.0632,52.8755],[-67.0688,52.7777],[-67.0343,52.747],[-66.9493,52.7596],[-66.8945,52.6767],[-66.8509,52.6748],[-66.8976,52.7275],[-66.8557,52.7173],[-66.8599,52.7684],[-66.7647,52.6662],[-66.7537,52.7515],[-66.7868,52.7974],[-66.7194,52.7636],[-66.6471,52.7837],[-66.6633,52.8903],[-66.6324,52.8976],[-66.6503,52.9219],[-66.6256,52.9543],[-66.5008,52.9464],[-66.4592,53.0552],[-66.3703,53.0248],[-66.2578,52.8691],[-66.2946,52.8601],[-66.2832,52.8334],[-66.3794,52.8775],[-66.4163,52.8583],[-66.3815,52.7945],[-66.3443,52.7954],[-66.3083,52.7286],[-66.3388,52.6846],[-66.2799,52.6174],[-66.3093,52.6046],[-66.3887,52.6823],[-66.4403,52.6364],[-66.3657,52.5562],[-66.3992,52.5288],[-66.3581,52.4883],[-66.3931,52.4761],[-66.344,52.3604],[-66.4199,52.383],[-66.4905,52.3416],[-66.4329,52.2662],[-66.4704,52.2557],[-66.3568,52.1766],[-66.3764,52.1528],[-66.2679,52.1504],[-66.3126,52.2855],[-66.2667,52.3101],[-66.2008,52.227],[-66.0979,52.1955],[-66.0759,52.155],[-66.0926,52.0866],[-65.9962,52.0547],[-65.9704,52.0565],[-65.9613,52.1046],[-65.8977,52.0761],[-65.877,52.1104],[-65.8053,52.1186],[-65.7339,52.0829],[-65.6683,52.1173],[-65.6486,52.0809],[-65.6774,52.0077],[-65.6502,51.9868],[-65.6205,52.043],[-65.5399,52.0446],[-65.4993,52.1105],[-65.4961,52.0502],[-65.4562,52.0111],[-65.3998,51.9656],[-65.3591,51.9811],[-65.3493,51.9424],[-65.3995,51.9019],[-65.3598,51.8228],[-65.2835,51.8739],[-65.2539,51.8615],[-65.2602,51.8241],[-65.1696,51.8221],[-65.1804,51.7656],[-65.01,51.7652],[-64.9509,51.7154],[-64.9098,51.7367],[-64.9247,51.7779],[-64.7097,51.756],[-64.6916,51.7076],[-64.6399,51.705],[-64.6242,51.629],[-64.5485,51.5739],[-64.423,51.6761],[-64.3371,51.6653],[-64.274,51.7423],[-64.3527,51.8493],[-64.3397,51.9891],[-64.361,52.0055],[-64.2371,51.978],[-64.2919,52.0777],[-64.2515,52.0798],[-64.2499,52.1447],[-64.1664,52.1161],[-64.2466,52.2754],[-64.2098,52.2846],[-64.2162,52.313],[-64.1695,52.3067],[-64.1661,52.3645],[-64.1092,52.3941],[-64.1519,52.5199],[-64.2257,52.582],[-64.1545,52.6034],[-64.173,52.6706],[-64.1277,52.6864],[-64.1405,52.7267],[-63.7215,52.7703],[-63.7175,52.8015],[-63.6441,52.8238],[-63.6766,52.8521],[-63.61,52.8442],[-63.6199,52.8774],[-63.5849,52.8414],[-63.6175,52.7711],[-63.3803,52.6622],[-63.9502,52.6069],[-64.0458,52.5603],[-64.0973,52.4731],[-64.013,52.363],[-63.7445,52.3152],[-63.836,52.3136],[-63.7484,52.2581],[-63.6887,52.1351],[-63.7089,52.0842],[-63.6424,52.0471],[-63.8271,52.0855],[-63.8411,52.0565],[-63.8015,51.9979],[-57.1078,51.9985],[-57.1085,51.4156],[-57.0366,51.4129],[-56.9507,51.4301],[-56.9537,51.493],[-56.84,51.4687],[-56.8299,51.5221],[-56.7109,51.5763],[-56.6995,51.6313],[-56.5164,51.6731],[-56.4374,51.7454],[-56.3355,51.7487],[-56.348,51.779],[-56.214,51.7845],[-56.1324,51.8535],[-55.8883,51.964],[-55.9854,52.0261],[-55.829,52.0038],[-55.8466,52.021],[-55.7917,52.026],[-55.7674,52.0633],[-55.8035,52.0945],[-55.6994,52.0884],[-55.7181,52.157],[-55.6909,52.1695],[-55.7882,52.2023],[-55.6206,52.2175],[-55.725,52.2527],[-55.8157,52.2349],[-55.7107,52.2888],[-55.8346,52.2799],[-55.7983,52.3012],[-55.8413,52.3076],[-55.8172,52.3229],[-55.9925,52.3489],[-55.9547,52.3594],[-56.2353,52.4511],[-55.8115,52.3386],[-55.7604,52.3428],[-55.8763,52.3663],[-55.7206,52.3859],[-55.7346,52.3656],[-55.6478,52.3534],[-55.6322,52.3863],[-55.7016,52.4094],[-55.6348,52.4078],[-55.6613,52.4449],[-55.6321,52.4473],[-55.7724,52.4442],[-55.7386,52.4659],[-55.7876,52.4635],[-55.7224,52.4721],[-55.8205,52.5093],[-55.8521,52.4842],[-55.8391,52.5268],[-55.9842,52.5042],[-56.0476,52.5421],[-56.2683,52.5338],[-56.5,52.5928],[-56.1927,52.542],[-56.1387,52.583],[-56.0169,52.5549],[-55.8423,52.5817],[-55.9529,52.615],[-55.903,52.5846],[-56.0578,52.5753],[-55.977,52.5987],[-56.0385,52.6265],[-55.9689,52.6221],[-56.1419,52.6592],[-55.937,52.6431],[-55.9057,52.614],[-55.8494,52.6209],[-55.8793,52.6124],[-55.8556,52.5997],[-55.755,52.618],[-55.8026,52.6412],[-55.7414,52.651],[-55.7708,52.6672],[-55.923,52.6393],[-55.822,52.6483],[-55.7749,52.6935],[-55.9676,52.6797],[-55.9904,52.7212],[-56.0161,52.6993],[-56.056,52.7215],[-56.0109,52.723],[-56.0321,52.73],[-56.0141,52.7516],[-56.0826,52.7861],[-56.1234,52.7725],[-56.1942,52.8322],[-56.0171,52.7784],[-55.9415,52.7843],[-55.9273,52.8038],[-55.9811,52.794],[-55.9957,52.8205],[-55.9181,52.8191],[-55.928,52.8516],[-55.805,52.8375],[-55.812,52.8894],[-55.8691,52.9016],[-55.8424,52.9272],[-55.9083,52.936],[-55.8701,52.9636],[-55.9481,52.9863],[-55.8597,52.9864],[-55.8813,53.009],[-56.0684,52.9954],[-56.1499,52.9362],[-56.1147,52.9625],[-56.1484,52.9899],[-56.056,53.006],[-56.0556,53.0334],[-55.8918,53.0204],[-55.9194,53.0382],[-55.8648,53.094],[-55.9666,53.1064],[-55.8779,53.1413],[-55.9311,53.1204],[-55.8302,53.0989],[-55.7503,53.1377],[-55.8035,53.1533],[-55.7555,53.1818],[-55.8585,53.2035],[-55.7765,53.1936],[-55.7956,53.2125],[-55.7404,53.251],[-55.7772,53.2725],[-55.7849,53.2272],[-55.8535,53.2467],[-55.8038,53.2805],[-55.9227,53.3006],[-55.7986,53.3355],[-55.9362,53.3369],[-55.8573,53.3675],[-55.9248,53.3982],[-55.9819,53.3848],[-55.9749,53.3646],[-56.0343,53.3701],[-55.9625,53.4017],[-56.0543,53.443],[-56.0212,53.4508],[-56.0358,53.4719],[-56.2876,53.5598],[-56.065,53.5427],[-56.0802,53.5289],[-56.0359,53.5306],[-56.0629,53.5236],[-56.0187,53.4992],[-55.9821,53.5213],[-56.0185,53.5382],[-55.9628,53.5442],[-56.1781,53.6027],[-56.2139,53.5717],[-56.3553,53.5857],[-56.2611,53.6032],[-56.3355,53.6349],[-56.4997,53.6179],[-56.7262,53.6811],[-56.6044,53.6676],[-56.5391,53.714],[-56.4019,53.7158],[-56.4568,53.7326],[-56.417,53.7537],[-56.4786,53.7867],[-56.5616,53.7667],[-56.5169,53.7442],[-56.6184,53.7586],[-56.5934,53.7501],[-56.6325,53.7341],[-56.5977,53.7048],[-56.661,53.715],[-56.6502,53.7421],[-56.6874,53.7255],[-56.7094,53.7609],[-56.7703,53.7197],[-56.8206,53.7445],[-56.8625,53.7126],[-56.9251,53.7344],[-57.0213,53.7137],[-57.0169,53.6872],[-57.0708,53.6688],[-57.0362,53.65],[-57.0712,53.6386],[-57.0362,53.6398],[-57.1435,53.6244],[-57.1265,53.5954],[-57.1652,53.5623],[-57.1181,53.5674],[-57.1441,53.5356],[-57.2891,53.4691],[-57.2926,53.4405],[-57.3734,53.4255],[-57.3051,53.4553],[-57.2861,53.5403],[-57.3362,53.5476],[-57.3026,53.5696],[-57.3484,53.6108],[-57.4975,53.6055],[-57.1146,53.7398],[-57.1615,53.787],[-57.072,53.8149],[-57.2093,53.881],[-57.2114,53.9367],[-57.1263,53.9401],[-57.2912,54.0024],[-57.3823,54.1104],[-57.3601,54.1435],[-57.4249,54.1348],[-57.351,54.1654],[-57.4233,54.1526],[-57.3962,54.1619],[-57.4214,54.1883],[-57.5611,54.1969],[-57.6122,54.1715],[-57.5999,54.1908],[-57.647,54.2103],[-57.7802,54.1891],[-57.7558,54.2137],[-57.8625,54.2002],[-58.054,54.2383],[-58.362,54.2042],[-58.4145,54.1322],[-58.3067,54.1013],[-58.3308,54.0892],[-58.1085,54.136],[-57.8167,54.1005],[-57.7806,54.0719],[-58.1081,54.1058],[-58.4121,54.0239],[-58.5636,54.015],[-58.7206,53.9524],[-58.8505,53.9496],[-58.8658,53.8897],[-59.0681,53.7892],[-59.0492,53.7585],[-58.9783,53.7503],[-59.0204,53.741],[-59.0112,53.7135],[-59.0865,53.7188],[-59.1003,53.6773],[-59.1911,53.671],[-59.2098,53.6945],[-59.2863,53.6605],[-59.2746,53.6839],[-59.3155,53.6968],[-59.3398,53.6575],[-59.381,53.6589],[-59.5896,53.5294],[-59.9092,53.5297],[-59.7907,53.4863],[-59.8998,53.4904],[-60.0599,53.3417],[-60.1882,53.3391],[-60.2024,53.3728],[-60.4094,53.349],[-60.4145,53.3703],[-60.3503,53.3499],[-60.3692,53.3676],[-60.3312,53.4044],[-60.2896,53.3948],[-60.138,53.4651],[-60.0282,53.4375],[-60.0512,53.5062],[-60.11,53.4958],[-60.1531,53.5257],[-60.0794,53.5689],[-60.1339,53.6211],[-60.0941,53.6561],[-60.108,53.6855],[-60.0745,53.7174],[-60.0152,53.7121],[-60.0753,53.7184],[-60.0533,53.7335],[-60.1116,53.7662],[-59.8067,53.7934],[-59.8903,53.8241],[-59.8526,53.8488],[-59.4896,53.8312],[-59.1922,53.9343],[-58.9815,53.9649],[-58.937,54.0187],[-59.0646,54.0249],[-58.9794,54.0441],[-58.6154,54.0386],[-58.5179,54.1099],[-58.5512,54.1211],[-58.4433,54.1516],[-58.379,54.2266],[-58.7034,54.1372],[-58.6706,54.1236],[-58.7468,54.1316],[-59.3865,53.9959],[-59.5153,53.9889],[-59.5826,54.0338],[-59.4026,54.0276],[-58.91,54.1443],[-58.6951,54.1468],[-58.44,54.2388],[-58.2321,54.2496],[-58.2585,54.2823],[-58.0906,54.3221],[-58.2876,54.3078],[-58.084,54.3839],[-57.6007,54.3841],[-57.5973,54.4088],[-57.5072,54.4316],[-57.552,54.4465],[-57.4915,54.4633],[-57.5164,54.4723],[-57.4472,54.4413],[-57.4115,54.4624],[-57.4991,54.4818],[-57.7038,54.4596],[-57.7066,54.4816],[-57.404,54.4944],[-57.3792,54.5107],[-57.4026,54.5624],[-57.3349,54.5806],[-57.3854,54.6017],[-57.4168,54.5822],[-57.4374,54.6104],[-57.408,54.6213],[-57.4561,54.6209],[-57.4393,54.6511],[-57.4648,54.6595],[-57.681,54.6279],[-57.7296,54.649],[-57.7277,54.688],[-57.7827,54.6833],[-57.8396,54.7405],[-57.942,54.7517],[-58.0104,54.7149],[-58.0154,54.7446],[-58.1955,54.7454],[-58.0252,54.7545],[-57.8402,54.813],[-57.8749,54.8372],[-57.8796,54.7976],[-57.9157,54.8386],[-57.9997,54.7865],[-57.9701,54.8256],[-57.9902,54.8174],[-57.9719,54.8634],[-58.0026,54.8738],[-57.9427,54.8818],[-57.9421,54.9309],[-58.1409,54.8785],[-58.1708,54.8446],[-58.2247,54.8797],[-58.2238,54.7857],[-58.4086,54.7864],[-58.3979,54.7336],[-58.4494,54.7471],[-58.4354,54.7788],[-58.5712,54.7629],[-58.5019,54.8092],[-58.6853,54.8041],[-58.6927,54.8414],[-58.7318,54.8394],[-58.7762,54.782],[-58.765,54.8326],[-58.8118,54.8529],[-58.8428,54.8141],[-58.9268,54.8299],[-58.9604,54.7781],[-58.9227,54.8235],[-58.9348,54.8495],[-58.895,54.8609],[-58.9336,54.8658],[-58.8969,54.9119],[-58.9511,54.9121],[-58.9577,54.8744],[-59.0342,54.8944],[-58.8984,54.9436],[-58.9922,54.9884],[-58.9824,55.0286],[-59.0539,55.0015],[-58.9593,55.0693],[-58.9539,55.1313],[-58.9871,55.099],[-59.0029,55.1471],[-59.0672,55.1469],[-59.0951,55.0733],[-59.1255,55.0758],[-59.0971,55.0996],[-59.1209,55.1253],[-59.1638,55.1],[-59.1534,55.0767],[-59.2258,55.0885],[-59.2682,55.0254],[-59.3988,54.971],[-59.2631,55.0659],[-59.2433,55.1122],[-59.1411,55.1494],[-59.15,55.2347],[-59.2078,55.1618],[-59.2343,55.1846],[-59.2081,55.2203],[-59.2793,55.1951],[-59.4005,55.0234],[-59.4333,55.0781],[-59.6192,54.9486],[-59.7856,54.8893],[-59.819,54.8192],[-59.79,54.7852],[-59.9319,54.7423],[-59.95,54.7578],[-59.8288,54.8227],[-59.8171,54.8578],[-59.8659,54.8422],[-59.8557,54.8784],[-59.7154,54.9603],[-59.7516,54.9672],[-59.6207,55.0016],[-59.5599,55.0656],[-59.5591,55.0297],[-59.5253,55.0439],[-59.5005,55.1094],[-59.4334,55.1209],[-59.4153,55.1583],[-59.5326,55.1451],[-59.5636,55.0674],[-59.5621,55.1243],[-59.4953,55.17],[-59.5125,55.2192],[-59.5469,55.1978],[-59.5249,55.1838],[-59.6172,55.1391],[-59.5985,55.1871],[-59.6381,55.1912],[-59.6274,55.1366],[-59.6696,55.1128],[-59.7129,55.1479],[-59.8281,55.1041],[-59.8932,55.1051],[-59.8718,55.1385],[-59.9359,55.1331],[-59.9627,55.0892],[-59.963,55.1145],[-59.9905,55.1095],[-59.9644,55.1678],[-59.9271,55.144],[-59.7372,55.206],[-59.7774,55.217],[-59.7632,55.2478],[-59.7271,55.2405],[-59.7213,55.277],[-59.7782,55.2718],[-59.7808,55.3331],[-59.9259,55.2585],[-59.9206,55.2258],[-59.9741,55.2318],[-59.9554,55.2556],[-60.0315,55.227],[-60.0152,55.2124],[-60.1152,55.1189],[-60.2886,55.0179],[-60.3107,55.0523],[-60.2219,55.1202],[-60.2066,55.0933],[-60.1567,55.1252],[-60.0759,55.2089],[-60.0842,55.2479],[-60.0327,55.2652],[-60.1394,55.2349],[-60.3055,55.1084],[-60.1604,55.2307],[-60.2262,55.2198],[-60.137,55.2681],[-60.1845,55.2763],[-60.2397,55.2276],[-60.2306,55.2566],[-60.2655,55.2449],[-60.2222,55.2761],[-60.2524,55.2733],[-60.4053,55.134],[-60.4085,55.1677],[-60.449,55.1619],[-60.4835,55.1016],[-60.6943,54.9862],[-60.6414,55.036],[-60.6582,55.0579],[-60.5206,55.1064],[-60.465,55.1901],[-60.3633,55.2398],[-60.4063,55.251],[-60.4497,55.2115],[-60.4885,55.2311],[-60.5552,55.1679],[-60.6241,55.1553],[-60.4773,55.2553],[-60.5321,55.2417],[-60.5334,55.2623],[-60.4746,55.2638],[-60.4576,55.3009],[-60.4586,55.2664],[-60.3898,55.2897],[-60.4321,55.2959],[-60.3821,55.3262],[-60.3646,55.3997],[-60.3234,55.3894],[-60.3567,55.4206],[-60.2886,55.4017],[-60.1952,55.4266],[-60.24,55.4459],[-60.2017,55.442],[-60.2297,55.4498],[-60.2166,55.4803],[-60.2763,55.5073],[-60.3029,55.4583],[-60.2821,55.4251],[-60.3358,55.4355],[-60.3175,55.4566],[-60.3708,55.4189],[-60.3791,55.4476],[-60.3067,55.4817],[-60.3384,55.4939],[-60.4241,55.4298],[-60.4363,55.4056],[-60.4038,55.386],[-60.5194,55.3367],[-60.45,55.3847],[-60.4818,55.4167],[-60.4596,55.4433],[-60.3519,55.4899],[-60.3682,55.5026],[-60.3091,55.5749],[-60.3791,55.5612],[-60.4572,55.4963],[-60.3985,55.6094],[-60.4684,55.6327],[-60.5299,55.6026],[-60.4923,55.6695],[-60.3767,55.6683],[-60.398,55.6931],[-60.3273,55.7767],[-60.4307,55.7625],[-60.4907,55.8058],[-60.6049,55.6119],[-60.6832,55.5664],[-60.6253,55.6328],[-60.6724,55.6629],[-60.592,55.7035],[-60.6389,55.776],[-60.5978,55.8115],[-60.6509,55.8293],[-60.7659,55.7222],[-60.8637,55.7479],[-60.958,55.7266],[-60.8374,55.7677],[-60.7956,55.7513],[-60.7265,55.8366],[-60.9315,55.8619],[-61.1143,55.8406],[-61.2232,55.8792],[-61.0733,55.8873],[-61.0729,55.9293],[-61.1425,55.9776],[-61.2232,55.95],[-61.4708,55.9735],[-61.457,56.0052],[-61.4201,55.9705],[-61.3874,55.9885],[-61.5174,56.0248],[-61.2985,56.0198],[-61.3513,56.0517],[-61.2452,56.0555],[-61.3157,56.0623],[-61.3062,56.0849],[-61.4143,56.0418],[-61.4938,56.0687],[-61.3253,56.1053],[-61.3891,56.1281],[-61.3541,56.1494],[-61.4202,56.1147],[-61.4359,56.1462],[-61.3301,56.1759],[-61.3719,56.2043],[-61.3321,56.2331],[-61.5449,56.1905],[-61.596,56.2006],[-61.5889,56.2214],[-61.694,56.2233],[-61.769,56.1574],[-61.724,56.1916],[-61.8103,56.1976],[-61.7749,56.2246],[-62.0475,56.2209],[-62.0249,56.2296],[-62.0557,56.2394],[-61.9852,56.2466],[-62.1169,56.2995],[-61.7434,56.2751],[-61.8392,56.2615],[-61.8045,56.2464],[-61.6613,56.2648],[-61.8059,56.2962],[-61.7803,56.3033],[-61.5771,56.2813],[-61.6661,56.2944],[-61.6242,56.3028],[-61.6516,56.3213],[-61.8095,56.3262],[-61.7261,56.3399],[-61.9227,56.3419],[-61.7726,56.3569],[-61.8583,56.3842],[-61.7723,56.3897],[-61.9247,56.4141],[-61.9168,56.4363],[-62.0837,56.4109],[-62.2251,56.4706],[-61.9345,56.4553],[-61.9646,56.4847],[-62.1545,56.5],[-61.9344,56.4934],[-62.028,56.5351],[-61.7804,56.4831],[-61.6629,56.5056],[-61.6466,56.5376],[-61.8711,56.5911],[-62.2257,56.6046],[-62.2529,56.6217],[-61.9039,56.6122],[-62.0466,56.6245],[-62.1342,56.6772],[-62.519,56.7584],[-61.998,56.6598],[-61.8993,56.6798],[-61.9612,56.6476],[-61.8691,56.6267],[-61.6712,56.6186],[-61.6425,56.6449],[-61.7458,56.6771],[-61.7542,56.645],[-61.7902,56.6536],[-61.7649,56.6845],[-61.8315,56.7069],[-61.701,56.7085],[-61.7426,56.7509],[-61.8731,56.7568],[-61.9153,56.6999],[-61.8909,56.7565],[-61.9165,56.7546],[-61.933,56.8052],[-61.6561,56.8104],[-61.6555,56.8791],[-61.486,56.9864],[-61.383,56.9833],[-61.3567,56.9493],[-61.3443,56.993],[-61.3853,56.9983],[-61.3582,57.0241],[-61.3849,57.0517],[-61.3625,57.0988],[-61.4853,57.1652],[-61.7335,57.1567],[-61.6279,57.2151],[-61.638,57.2368],[-61.7907,57.1523],[-61.7853,57.1992],[-61.8621,57.1566],[-61.9082,57.2163],[-61.9844,57.2098],[-61.9566,57.2297],[-62.0227,57.2334],[-62.0405,57.2644],[-61.9466,57.2475],[-61.8953,57.2724],[-61.869,57.2557],[-61.929,57.2425],[-61.8545,57.2157],[-61.7873,57.238],[-61.8872,57.2686],[-61.8621,57.2898],[-61.8943,57.3184],[-61.8793,57.3473],[-61.9325,57.3638],[-61.8062,57.3763],[-61.9584,57.4298],[-62.1847,57.4709],[-62.3601,57.4185],[-62.4711,57.4618],[-62.5,57.4444],[-62.4869,57.4636],[-62.5529,57.5],[-62.3617,57.4486],[-62.2882,57.5372],[-62.15,57.5245],[-62.1028,57.5471],[-62.1037,57.5968],[-61.8923,57.6324],[-61.9262,57.6671],[-61.9049,57.6769],[-61.9952,57.6951],[-61.9415,57.7354],[-62.0171,57.7429],[-61.9932,57.7607],[-62.0206,57.7858],[-62.1086,57.785],[-62.1663,57.8346],[-62.0992,57.8712],[-62.1254,57.8112],[-62.0789,57.8025],[-62.0897,57.8277],[-62.0573,57.8366],[-61.9448,57.7823],[-61.8769,57.8464],[-61.9014,57.8783],[-61.9636,57.8713],[-61.9404,57.9148],[-62.0407,57.9054],[-62.0935,57.8666],[-62.0921,57.9367],[-62.1528,57.9602],[-62.132,57.9772],[-62.2048,57.9348],[-62.1835,57.8922],[-62.2844,57.9477],[-62.3581,57.8942],[-62.3199,57.9151],[-62.3363,57.9767],[-62.3944,57.9471],[-62.3949,57.8793],[-62.4262,57.858],[-62.4232,57.9618],[-62.5593,57.9713],[-62.6748,57.9288],[-62.6739,57.9553],[-62.5845,57.9859],[-62.3841,57.9915],[-62.3192,58.0216],[-62.3355,58.0667],[-62.4098,58.0423],[-62.3664,58.0771],[-62.4207,58.0806],[-62.3786,58.1069],[-62.5031,58.1057],[-62.5026,58.0645],[-62.5296,58.1077],[-62.4468,58.1724],[-62.5421,58.1786],[-62.5426,58.1117],[-62.5866,58.129],[-62.5725,58.168],[-62.6561,58.1139],[-62.7211,58.1409],[-62.7479,58.1103],[-62.7885,58.1327],[-62.8619,58.1114],[-62.8376,58.1365],[-62.95,58.1235],[-63.0912,58.07],[-63.1261,58.0003],[-63.3537,57.9688],[-63.1576,58.014],[-63.1389,58.0688],[-63.2245,58.055],[-63.0081,58.1359],[-63.0568,58.1576],[-62.6754,58.1627],[-62.6252,58.1862],[-62.6318,58.2133],[-62.5879,58.2026],[-62.6084,58.2459],[-62.6231,58.2196],[-62.672,58.2292],[-62.6239,58.25],[-62.6557,58.2674],[-62.7164,58.2389],[-62.8478,58.2508],[-62.919,58.1981],[-62.8633,58.2602],[-62.6996,58.2595],[-62.7102,58.2861],[-62.6089,58.3112],[-62.6424,58.3487],[-62.6136,58.3653],[-62.6322,58.3909],[-62.7055,58.4059],[-62.5816,58.4309],[-62.5999,58.448],[-62.5566,58.4798],[-62.7444,58.4996],[-62.7923,58.4509],[-62.7829,58.4932],[-62.8065,58.5007],[-62.8219,58.4695],[-62.9262,58.4759],[-63.0078,58.4187],[-63.0533,58.4523],[-63.091,58.3909],[-63.167,58.3574],[-63.1756,58.3834],[-63.0935,58.4611],[-63.2811,58.4652],[-63.408,58.3732],[-63.6081,58.288],[-63.3354,58.4629],[-63.4187,58.4905],[-63.5319,58.4632],[-63.4427,58.4995],[-63.4627,58.5491],[-63.4257,58.5043],[-63.3253,58.4865],[-63.1637,58.5076],[-62.9055,58.599],[-62.9279,58.6223],[-62.8672,58.6451],[-62.8515,58.7014],[-63.051,58.7102],[-63.0897,58.664],[-63.0547,58.7199],[-62.9241,58.7307],[-62.8996,58.7842],[-62.9038,58.8204],[-62.9733,58.8292],[-62.9708,58.8538],[-63.0664,58.863],[-62.9946,58.8799],[-63.0237,58.8961],[-63.1114,58.8839],[-63.1155,58.8469],[-63.1693,58.8204],[-63.1776,58.7632],[-63.1479,58.8775],[-63.1929,58.8466],[-63.3414,58.8594],[-63.2306,58.8724],[-63.1378,58.9285],[-63.2353,58.9375],[-63.1565,58.9516],[-63.1747,58.9886],[-63.3042,58.9381],[-63.2189,59.006],[-63.3543,59.0288],[-63.1951,59.0236],[-63.1404,59.0538],[-63.2981,59.0571],[-63.3085,59.0891],[-63.391,59.0955],[-63.5109,59.0593],[-63.5319,59.0238],[-63.6295,59.0418],[-63.7448,59.0093],[-63.8476,59.0481],[-63.8839,59.0326],[-63.879,58.9166],[-63.9049,59.059],[-63.9544,59.074],[-64.0073,59.0246],[-64.074,59.0173],[-63.95,59.0828],[-63.7528,59.0475],[-63.4491,59.1005],[-63.3582,59.1968],[-63.4203,59.2078],[-63.4651,59.1776],[-63.4358,59.219],[-63.4599,59.2384],[-63.4217,59.2335],[-63.3786,59.2745],[-63.444,59.2842],[-63.5597,59.2139],[-63.638,59.2143],[-63.5278,59.2588],[-63.5254,59.2922],[-63.5694,59.3018],[-63.514,59.3219],[-63.6435,59.3612],[-63.756,59.247],[-63.8382,59.2347],[-63.7577,59.2672],[-63.7035,59.3701],[-63.7552,59.3545],[-63.7586,59.3912],[-63.79,59.3667],[-63.9793,59.4],[-64.1168,59.3652],[-63.9947,59.4186],[-63.8196,59.4055],[-63.7239,59.5128],[-63.8579,59.5693],[-63.8865,59.6196],[-64.0041,59.6313],[-64.0411,59.5587],[-64.1471,59.5014],[-64.045,59.6408],[-63.9492,59.6355],[-63.9133,59.6701],[-63.9852,59.6525],[-63.9317,59.6907],[-64.0943,59.6737],[-64.2064,59.7187],[-64.2992,59.6772],[-64.2104,59.7202],[-64.2614,59.7535],[-64.2508,59.8038],[-64.2021,59.7721],[-64.1442,59.7888],[-64.1992,59.7653],[-64.1291,59.722],[-64.1625,59.7114],[-64.1337,59.6943],[-63.9435,59.7595],[-64.0958,59.7908],[-64.027,59.7988],[-64.0358,59.8242],[-64.0767,59.8163],[-64.0334,59.8498],[-64.0617,59.874],[-64.1732,59.7836],[-64.1786,59.8523],[-64.128,59.9047],[-64.3049,59.948],[-64.1612,59.9764],[-64.1729,60.037],[-64.1966,60.0158],[-64.3192,60.0556],[-64.3189,60.0104],[-64.2141,60.0115],[-64.3364,59.9937],[-64.376,59.9548],[-64.3638,59.9264],[-64.4835,59.891],[-64.5404,59.9107],[-64.3964,59.9356],[-64.397,59.9827],[-64.6114,60.002],[-64.3912,60.0112],[-64.3588,60.0469],[-64.4192,60.0755],[-64.3658,60.0796],[-64.3632,60.1298],[-64.4197,60.1155],[-64.4386,60.0657],[-64.5764,60.0708],[-64.6998,60.0214],[-64.5825,60.0806],[-64.4511,60.0898],[-64.4864,60.1206],[-64.3613,60.1725],[-64.3693,60.1981],[-64.4271,60.1986],[-64.3874,60.2259],[-64.5623,60.1696],[-64.4377,60.2311],[-64.567,60.2792],[-64.7525,60.2393],[-64.6207,60.2941],[-64.3735,60.2444],[-64.4777,60.2901]],[[-56.7143,53.75],[-56.714,53.7502],[-56.7139,53.7498],[-56.7143,53.75]],[[-63.0001,58.4194],[-63.0,58.4191],[-63.0006,58.4191],[-63.0001,58.4194]],[[-59.9626,55.2502],[-59.9637,55.2497],[-59.9632,55.2503],[-59.9626,55.2502]],[[-60.2013,55.25],[-60.2021,55.2503],[-60.2015,55.2506],[-60.2013,55.25]],[[-56.7168,53.7498],[-56.7173,53.7499],[-56.7161,53.75],[-56.7168,53.7498]],[[-60.5233,55.75],[-60.524,55.7504],[-60.5227,55.7511],[-60.5233,55.75]],[[-60.5206,55.7498],[-60.5206,55.7506],[-60.5196,55.7499],[-60.5206,55.7498]],[[-56.7158,53.75],[-56.7149,53.75],[-56.7155,53.7495],[-56.7158,53.75]],[[-60.4987,55.2123],[-60.5002,55.2118],[-60.4995,55.2125],[-60.4987,55.2123]],[[-60.5181,55.7493],[-60.5176,55.7501],[-60.517,55.7494],[-60.5181,55.7493]],[[-60.205,55.2502],[-60.2053,55.2495],[-60.2074,55.2506],[-60.205,55.2502]],[[-60.0033,55.2163],[-60.0022,55.2197],[-59.9973,55.2171],[-60.0033,55.2163]]]]},"properties":{"PRENAME":"Newfoundland and Labrador","PREABBR":"N.L.","PRUID":"10"}},{"type":"Feature","geometry":{"type":"MultiPolygon","coordinates":[[[[-63.2334,46.1913],[-63.2337,46.1927],[-63.2341,46.1914],[-63.2334,46.1913]]],[[[-62.9791,46.3093],[-62.9818,46.3098],[-62.9823,46.3075],[-62.9791,46.3093]]],[[[-63.7878,46.3714],[-63.7889,46.379],[-63.7933,46.3753],[-63.7878,46.3714]]],[[[-63.174,46.1239],[-63.1972,46.1153],[-63.1834,46.114],[-63.174,46.1239]]],[[[-64.0016,46.7473],[-63.9514,46.7017],[-63.8736,46.6568],[-64.0016,46.7473]]],[[[-63.8532,46.6272],[-63.8756,46.6287],[-63.8563,46.5987],[-63.8327,46.6111],[-63.8532,46.6272]]],[[[-63.8597,46.6509],[-63.7932,46.5898],[-63.7092,46.5724],[-63.8597,46.6509]]],[[[-61.9861,46.4629],[-62.4722,46.4748],[-62.7284,46.4442],[-62.5893,46.4144],[-62.7423,46.4435],[-62.8329,46.4329],[-62.8175,46.4122],[-62.8637,46.394],[-62.8353,46.4325],[-63.0373,46.415],[-62.9703,46.4127],[-62.9786,46.3545],[-63.0328,46.3734],[-63.0035,46.3942],[-63.0439,46.4139],[-63.138,46.4309],[-63.1114,46.4023],[-63.2701,46.4459],[-63.2094,46.411],[-63.2912,46.3767],[-63.2386,46.42],[-63.2884,46.4169],[-63.2885,46.4469],[-63.3539,46.4004],[-63.2881,46.457],[-63.3268,46.4953],[-63.4716,46.5095],[-63.4155,46.4949],[-63.4702,46.4401],[-63.4813,46.4962],[-63.4962,46.468],[-63.568,46.4623],[-63.5957,46.4806],[-63.5156,46.4704],[-63.4851,46.5177],[-63.6675,46.5679],[-63.6536,46.5424],[-63.6839,46.5321],[-63.7074,46.5623],[-63.734,46.5338],[-63.696,46.511],[-63.7482,46.4878],[-63.6946,46.4614],[-63.7329,46.4297],[-63.8524,46.4528],[-63.8036,46.4861],[-63.8289,46.518],[-63.9192,46.4896],[-63.9253,46.4555],[-63.9308,46.4802],[-63.9707,46.4643],[-63.8685,46.5222],[-63.86,46.576],[-63.8327,46.5798],[-63.891,46.6029],[-63.9281,46.5767],[-63.898,46.5965],[-63.9283,46.6222],[-63.8766,46.6064],[-63.8787,46.6382],[-63.9688,46.6793],[-63.9416,46.6897],[-63.9843,46.7294],[-64.0657,46.7488],[-64.0125,46.6921],[-64.0673,46.7062],[-64.1189,46.6742],[-64.1517,46.6926],[-64.0658,46.7147],[-64.1008,46.7246],[-64.0768,46.7638],[-64.1776,46.7449],[-64.113,46.8],[-64.1161,46.7726],[-64.0692,46.7723],[-64.0977,46.786],[-64.0732,46.7846],[-64.0818,46.81],[-64.0573,46.782],[-64.0376,46.8221],[-64.0791,46.8449],[-64.0789,46.8805],[-64.0328,46.804],[-63.9749,46.8806],[-63.9966,47.0589],[-64.1884,46.9348],[-64.4135,46.6815],[-64.3819,46.615],[-64.218,46.6301],[-64.112,46.5846],[-64.0673,46.6431],[-64.087,46.5855],[-64.0516,46.571],[-64.1118,46.523],[-64.1011,46.471],[-64.1351,46.4017],[-63.9821,46.388],[-63.9316,46.4288],[-63.8853,46.3928],[-63.7478,46.3963],[-63.7661,46.3692],[-63.6535,46.3415],[-63.8097,46.3722],[-63.7739,46.3401],[-63.8152,46.3229],[-63.6936,46.275],[-63.7006,46.2445],[-63.5458,46.2053],[-63.5622,46.2469],[-63.5258,46.2031],[-63.4823,46.2345],[-63.4526,46.1868],[-63.2526,46.1292],[-63.1309,46.1959],[-63.2577,46.1758],[-63.3577,46.2188],[-63.2675,46.1927],[-63.2479,46.2266],[-63.2609,46.1957],[-63.2092,46.1962],[-63.2153,46.2201],[-63.1579,46.2236],[-63.215,46.2836],[-63.123,46.2296],[-63.0968,46.2726],[-62.8273,46.3771],[-62.8698,46.3526],[-62.839,46.3237],[-62.8696,46.3508],[-62.9353,46.3384],[-63.1261,46.2071],[-62.994,46.1731],[-62.9637,46.2034],[-62.9296,46.1732],[-62.9637,46.1477],[-62.9492,46.1209],[-62.8796,46.1739],[-62.8862,46.1091],[-62.8641,46.111],[-63.04,46.0496],[-62.9629,46.0676],[-62.8518,45.9735],[-62.7561,45.9482],[-62.4571,46.0035],[-62.6126,46.0122],[-62.5295,46.0554],[-62.4816,46.0394],[-62.4493,46.0902],[-62.4664,46.1455],[-62.5009,46.1468],[-62.4685,46.1215],[-62.5214,46.1053],[-62.548,46.1735],[-62.6745,46.159],[-62.5579,46.1815],[-62.6449,46.1987],[-62.6107,46.2063],[-62.4957,46.1765],[-62.6318,46.2367],[-62.4082,46.213],[-62.4223,46.2557],[-62.4993,46.2644],[-62.5331,46.3202],[-62.487,46.2701],[-62.3766,46.2516],[-62.3575,46.2769],[-62.4081,46.3091],[-62.3321,46.3046],[-62.3734,46.357],[-62.2805,46.3333],[-62.3015,46.3851],[-62.2416,46.3428],[-62.1828,46.3475],[-61.9861,46.4629]]]]},"properties":{"PRENAME":"Prince Edward Island","PREABBR":"P.E.I.","PRUID":"11"}},{"type":"Feature","geometry":{"type":"MultiPolygon","coordinates":[[[[-60.9969,45.2607],[-60.9972,45.2608],[-60.9971,45.2607],[-60.9969,45.2607]]],[[[-64.2913,44.4643],[-64.2923,44.4644],[-64.291,44.4638],[-64.2913,44.4643]]],[[[-63.1081,44.7841],[-63.1081,44.7845],[-63.1086,44.7844],[-63.1081,44.7841]]],[[[-65.674,43.4878],[-65.6733,43.4881],[-65.674,43.4884],[-65.674,43.4878]]],[[[-64.6047,44.1545],[-64.6039,44.1551],[-64.6052,44.1548],[-64.6047,44.1545]]],[[[-61.0553,45.9482],[-61.0529,45.9492],[-61.0562,45.9488],[-61.0553,45.9482]]],[[[-64.2127,44.3625],[-64.2093,44.3641],[-64.2108,44.3642],[-64.2127,44.3625]]],[[[-64.9615,43.7531],[-64.9611,43.7504],[-64.9601,43.7521],[-64.9615,43.7531]]],[[[-63.151,44.775],[-63.1521,44.7728],[-63.1501,44.7741],[-63.151,44.775]]],[[[-62.198,44.9449],[-62.1973,44.9471],[-62.1989,44.9466],[-62.198,44.9449]]],[[[-63.0274,44.7342],[-63.0276,44.7358],[-63.0296,44.7344],[-63.0274,44.7342]]],[[[-62.7425,44.7621],[-62.7444,44.7622],[-62.7464,44.7603],[-62.7425,44.7621]]],[[[-62.5006,44.8398],[-62.5028,44.8402],[-62.5037,44.8388],[-62.5006,44.8398]]],[[[-63.7139,44.4479],[-63.7119,44.449],[-63.715,44.4491],[-63.7139,44.4479]]],[[[-63.0942,44.6972],[-63.0879,44.7015],[-63.0936,44.6994],[-63.0942,44.6972]]],[[[-62.4503,44.8554],[-62.4558,44.8562],[-62.4565,44.8555],[-62.4503,44.8554]]],[[[-63.7359,44.4542],[-63.7377,44.4547],[-63.7386,44.4533],[-63.7359,44.4542]]],[[[-62.3302,44.8918],[-62.3314,44.8925],[-62.3347,44.8915],[-62.3302,44.8918]]],[[[-63.7414,44.4528],[-63.7416,44.4538],[-63.7443,44.453],[-63.7414,44.4528]]],[[[-62.3816,44.8816],[-62.3805,44.8833],[-62.3818,44.8843],[-62.3816,44.8816]]],[[[-63.7522,44.4707],[-63.751,44.471],[-63.7538,44.4724],[-63.7522,44.4707]]],[[[-63.2314,44.7003],[-63.2308,44.7018],[-63.2321,44.7043],[-63.2314,44.7003]]],[[[-62.1965,44.9304],[-62.1983,44.9305],[-62.2014,44.929],[-62.1965,44.9304]]],[[[-62.1934,44.8922],[-62.1962,44.892],[-62.195,44.8906],[-62.1934,44.8922]]],[[[-62.4775,44.8621],[-62.4752,44.864],[-62.4788,44.8623],[-62.4775,44.8621]]],[[[-62.6949,44.7771],[-62.6936,44.7785],[-62.6973,44.7776],[-62.6949,44.7771]]],[[[-63.6499,44.459],[-63.6505,44.4609],[-63.6525,44.4612],[-63.6499,44.459]]],[[[-62.843,44.698],[-62.8455,44.6963],[-62.8416,44.6971],[-62.843,44.698]]],[[[-62.862,44.6641],[-62.8638,44.6648],[-62.866,44.6637],[-62.862,44.6641]]],[[[-62.3973,44.8926],[-62.3943,44.8945],[-62.3968,44.8943],[-62.3973,44.8926]]],[[[-62.2634,44.9225],[-62.2654,44.9211],[-62.2622,44.9216],[-62.2634,44.9225]]],[[[-59.9595,45.8949],[-59.9625,45.8947],[-59.9602,45.8933],[-59.9595,45.8949]]],[[[-62.6812,44.7963],[-62.6842,44.7956],[-62.6805,44.7952],[-62.6812,44.7963]]],[[[-63.2225,44.6804],[-63.2247,44.679],[-63.2243,44.676],[-63.2225,44.6804]]],[[[-63.0841,44.6939],[-63.0846,44.6918],[-63.0812,44.6922],[-63.0841,44.6939]]],[[[-63.8295,44.5083],[-63.8319,44.507],[-63.8301,44.5066],[-63.8295,44.5083]]],[[[-62.7925,44.753],[-62.7946,44.7538],[-62.795,44.752],[-62.7925,44.753]]],[[[-62.2732,44.8937],[-62.2708,44.8942],[-62.2781,44.8939],[-62.2732,44.8937]]],[[[-62.2003,44.9419],[-62.1959,44.9437],[-62.1996,44.9432],[-62.2003,44.9419]]],[[[-63.919,44.576],[-63.9193,44.5742],[-63.9174,44.5744],[-63.919,44.576]]],[[[-63.1215,44.736],[-63.1203,44.7321],[-63.1193,44.7345],[-63.1215,44.736]]],[[[-62.5197,44.8511],[-62.5187,44.8538],[-62.5208,44.8529],[-62.5197,44.8511]]],[[[-63.7766,44.4498],[-63.7735,44.4503],[-63.7754,44.4513],[-63.7766,44.4498]]],[[[-62.4602,44.8548],[-62.4661,44.854],[-62.4646,44.8533],[-62.4602,44.8548]]],[[[-63.8668,44.4858],[-63.8704,44.4856],[-63.8659,44.4845],[-63.8668,44.4858]]],[[[-63.885,44.4873],[-63.889,44.4879],[-63.8849,44.4858],[-63.885,44.4873]]],[[[-62.1577,44.8821],[-62.1535,44.882],[-62.1518,44.8833],[-62.1577,44.8821]]],[[[-63.7517,44.4643],[-63.754,44.4619],[-63.7502,44.4636],[-63.7517,44.4643]]],[[[-62.5208,44.8422],[-62.5234,44.843],[-62.5258,44.8412],[-62.5208,44.8422]]],[[[-60.3975,46.1971],[-60.3937,46.1993],[-60.3959,46.1994],[-60.3975,46.1971]],[[-62.7853,44.7546],[-62.7869,44.7558],[-62.7823,44.7545],[-62.7853,44.7546]]],[[[-63.7776,44.4692],[-63.7804,44.4697],[-63.7786,44.4678],[-63.7776,44.4692]]],[[[-62.3256,44.8926],[-62.3291,44.8934],[-62.3265,44.8916],[-62.3256,44.8926]]],[[[-64.3676,44.2242],[-64.3694,44.2231],[-64.3649,44.2214],[-64.3676,44.2242]]],[[[-62.4479,45.6465],[-62.4455,45.6477],[-62.4488,45.6481],[-62.4479,45.6465]]],[[[-59.7931,45.961],[-59.7922,45.9628],[-59.7955,45.9626],[-59.7931,45.961]]],[[[-63.1576,44.7475],[-63.1601,44.7473],[-63.1608,44.7445],[-63.1576,44.7475]],[[-63.2689,44.6306],[-63.2719,44.6331],[-63.2671,44.6292],[-63.2689,44.6306]]],[[[-63.0368,44.7552],[-63.0369,44.7575],[-63.0395,44.7562],[-63.0368,44.7552]]],[[[-63.7336,44.4453],[-63.7314,44.4467],[-63.7369,44.4456],[-63.7336,44.4453]]],[[[-62.3241,44.8726],[-62.3201,44.873],[-62.3263,44.8735],[-62.3241,44.8726]]],[[[-62.2577,44.9073],[-62.2605,44.9065],[-62.2558,44.9062],[-62.2577,44.9073]]],[[[-62.8079,44.6942],[-62.8098,44.6916],[-62.8074,44.6919],[-62.8079,44.6942]]],[[[-62.8028,44.6974],[-62.8053,44.6963],[-62.8014,44.697],[-62.8028,44.6974]]],[[[-63.7247,44.4491],[-63.7262,44.4514],[-63.7297,44.4502],[-63.7247,44.4491]]],[[[-62.1666,44.9287],[-62.1711,44.929],[-62.1678,44.9271],[-62.1666,44.9287]]],[[[-62.9364,44.7012],[-62.9391,44.701],[-62.9359,44.6995],[-62.9364,44.7012]]],[[[-60.2224,45.7475],[-60.2168,45.7527],[-60.2237,45.748],[-60.2224,45.7475]]],[[[-62.1556,44.94],[-62.1601,44.9367],[-62.1572,44.9372],[-62.1556,44.94]]],[[[-62.754,44.7689],[-62.7604,44.7684],[-62.757,44.7676],[-62.754,44.7689]]],[[[-62.6643,44.7555],[-62.666,44.7555],[-62.6614,44.7534],[-62.6643,44.7555]]],[[[-62.3804,44.82],[-62.3784,44.8222],[-62.383,44.8206],[-62.3804,44.82]]],[[[-62.3226,44.8686],[-62.3295,44.8699],[-62.3274,44.8685],[-62.3226,44.8686]]],[[[-62.1988,44.8977],[-62.1964,44.8992],[-62.2059,44.8976],[-62.1988,44.8977]]],[[[-63.5585,44.6399],[-63.5577,44.6412],[-63.5615,44.6423],[-63.5585,44.6399]]],[[[-62.7521,44.7728],[-62.7562,44.7706],[-62.7508,44.7717],[-62.7521,44.7728]]],[[[-63.2761,44.6205],[-63.2807,44.6191],[-63.2797,44.6179],[-63.2761,44.6205]]],[[[-63.8426,44.4891],[-63.8476,44.49],[-63.8435,44.4877],[-63.8426,44.4891]]],[[[-62.3001,44.9177],[-62.2943,44.919],[-62.2958,44.9196],[-62.3001,44.9177]]],[[[-63.7849,44.4777],[-63.789,44.4789],[-63.788,44.4766],[-63.7849,44.4777]]],[[[-62.4538,44.8474],[-62.4487,44.8494],[-62.4551,44.8481],[-62.4538,44.8474]]],[[[-63.7604,44.4642],[-63.7623,44.4643],[-63.7578,44.4612],[-63.7604,44.4642]]],[[[-62.1369,44.8839],[-62.1334,44.8845],[-62.1429,44.8853],[-62.1369,44.8839]]],[[[-63.8552,44.4839],[-63.8576,44.4835],[-63.853,44.4817],[-63.8552,44.4839]]],[[[-63.1155,44.738],[-63.1178,44.7381],[-63.1171,44.735],[-63.1155,44.738]]],[[[-63.222,44.6731],[-63.2252,44.6733],[-63.22,44.6702],[-63.222,44.6731]]],[[[-63.4367,44.6615],[-63.4413,44.6617],[-63.4354,44.6604],[-63.4367,44.6615]]],[[[-62.1596,44.9425],[-62.1637,44.9406],[-62.1578,44.9417],[-62.1596,44.9425]]],[[[-62.8168,44.6963],[-62.8161,44.6983],[-62.8197,44.6974],[-62.8168,44.6963]]],[[[-60.5522,45.9497],[-60.5484,45.9505],[-60.5477,45.9529],[-60.5522,45.9497]]],[[[-63.9586,44.639],[-63.9567,44.6393],[-63.9579,44.6425],[-63.9586,44.639]]],[[[-62.7991,44.7006],[-62.802,44.6989],[-62.8012,44.6974],[-62.7991,44.7006]]],[[[-62.7954,44.7478],[-62.801,44.7456],[-62.7997,44.745],[-62.7954,44.7478]]],[[[-62.337,44.9042],[-62.3367,44.9067],[-62.3388,44.9093],[-62.337,44.9042]]],[[[-63.585,44.4759],[-63.5845,44.48],[-63.5862,44.4752],[-63.585,44.4759]]],[[[-62.7069,44.7458],[-62.7117,44.7467],[-62.7081,44.7445],[-62.7069,44.7458]]],[[[-63.8328,44.5079],[-63.8379,44.5085],[-63.837,44.5064],[-63.8328,44.5079]]],[[[-62.5512,45.6549],[-62.5426,45.6545],[-62.5498,45.6561],[-62.5512,45.6549]]],[[[-62.3413,44.8241],[-62.3373,44.8249],[-62.3437,44.8249],[-62.3413,44.8241]]],[[[-63.7846,44.4534],[-63.7871,44.4529],[-63.7854,44.45],[-63.7846,44.4534]]],[[[-62.7247,44.7851],[-62.7279,44.7857],[-62.7309,44.784],[-62.7247,44.7851]]],[[[-61.0819,45.5852],[-61.0833,45.5826],[-61.08,45.5823],[-61.0819,45.5852]]],[[[-62.3452,44.8233],[-62.3513,44.8229],[-62.3488,44.8214],[-62.3452,44.8233]]],[[[-62.398,44.8898],[-62.3934,44.8923],[-62.401,44.8891],[-62.398,44.8898]]],[[[-62.3241,44.8877],[-62.3202,44.8892],[-62.3274,44.8891],[-62.3241,44.8877]]],[[[-62.2363,44.9303],[-62.2426,44.9294],[-62.2401,44.9278],[-62.2363,44.9303]]],[[[-62.6414,44.8016],[-62.6389,44.8027],[-62.6477,44.8001],[-62.6414,44.8016]]],[[[-62.383,44.8892],[-62.3818,44.8921],[-62.384,44.8935],[-62.383,44.8892]]],[[[-63.9379,44.577],[-63.9401,44.58],[-63.9411,44.5768],[-63.9379,44.577]]],[[[-62.6859,44.7939],[-62.6835,44.7951],[-62.69,44.7935],[-62.6859,44.7939]]],[[[-62.4197,44.8663],[-62.4242,44.8656],[-62.4195,44.8635],[-62.4197,44.8663]]],[[[-62.0945,44.8932],[-62.0996,44.8948],[-62.1041,44.8941],[-62.0945,44.8932]]],[[[-62.2023,44.9309],[-62.2097,44.9281],[-62.2035,44.9287],[-62.2023,44.9309]]],[[[-62.1529,44.9469],[-62.1522,44.9496],[-62.1568,44.948],[-62.1529,44.9469]]],[[[-63.5935,44.4803],[-63.5974,44.4791],[-63.5932,44.4778],[-63.5935,44.4803]]],[[[-62.4047,44.8464],[-62.4045,44.849],[-62.4083,44.8493],[-62.4047,44.8464]]],[[[-62.1655,44.9385],[-62.164,44.9424],[-62.1684,44.9392],[-62.1655,44.9385]]],[[[-62.7586,44.715],[-62.7623,44.7137],[-62.7606,44.7114],[-62.7586,44.715]]],[[[-63.9088,44.6787],[-63.9075,44.6823],[-63.9092,44.6844],[-63.9088,44.6787]]],[[[-62.6476,44.7957],[-62.6515,44.7953],[-62.6447,44.7943],[-62.6476,44.7957]]],[[[-62.6456,44.7731],[-62.6498,44.7742],[-62.6523,44.772],[-62.6456,44.7731]]],[[[-62.1704,44.9327],[-62.169,44.9355],[-62.1742,44.9339],[-62.1704,44.9327]]],[[[-62.1965,44.8917],[-62.205,44.8895],[-62.1977,44.8901],[-62.1965,44.8917]]],[[[-63.6663,44.4632],[-63.6715,44.4627],[-63.6646,44.4626],[-63.6663,44.4632]]],[[[-63.442,44.6131],[-63.4399,44.6147],[-63.4434,44.6176],[-63.442,44.6131]]],[[[-62.4082,44.894],[-62.4093,44.8957],[-62.4134,44.893],[-62.4082,44.894]]],[[[-62.3754,44.8448],[-62.3711,44.8451],[-62.3834,44.8458],[-62.3754,44.8448]]],[[[-63.1072,44.7009],[-63.1096,44.6982],[-63.1055,44.6979],[-63.1072,44.7009]]],[[[-63.244,44.72],[-63.243,44.7236],[-63.245,44.7254],[-63.244,44.72]]],[[[-63.9384,44.6339],[-63.9407,44.6313],[-63.9368,44.6318],[-63.9384,44.6339]]],[[[-63.778,44.4946],[-63.783,44.4953],[-63.7806,44.4928],[-63.778,44.4946]]],[[[-62.3577,44.836],[-62.36,44.8369],[-62.3653,44.8339],[-62.3577,44.836]]],[[[-62.1954,44.9385],[-62.1925,44.9397],[-62.2041,44.9372],[-62.1954,44.9385]]],[[[-62.5118,44.8156],[-62.5146,44.8154],[-62.5102,44.8119],[-62.5118,44.8156]]],[[[-60.5432,45.9537],[-60.5458,45.9588],[-60.5472,45.955],[-60.5432,45.9537]]],[[[-63.8368,44.5052],[-63.8426,44.504],[-63.8385,44.5026],[-63.8368,44.5052]]],[[[-63.4593,44.58],[-63.4569,44.5823],[-63.4584,44.5854],[-63.4593,44.58]]],[[[-63.5639,44.4398],[-63.5672,44.4366],[-63.5616,44.4367],[-63.5639,44.4398]]],[[[-62.333,44.8693],[-62.347,44.8698],[-62.3365,44.8681],[-62.333,44.8693]]],[[[-62.1938,44.9365],[-62.1966,44.9369],[-62.2055,44.9338],[-62.1938,44.9365]]],[[[-60.1082,45.7682],[-60.1166,45.7653],[-60.1127,45.7645],[-60.1082,45.7682]]],[[[-62.5187,44.8281],[-62.523,44.8293],[-62.5259,44.8276],[-62.5187,44.8281]]],[[[-63.935,44.5841],[-63.9311,44.5904],[-63.9355,44.587],[-63.935,44.5841]]],[[[-63.9497,44.5263],[-63.9525,44.5262],[-63.9451,44.522],[-63.9497,44.5263]]],[[[-62.9721,44.69],[-62.9791,44.6876],[-62.9736,44.6873],[-62.9721,44.69]]],[[[-62.4525,44.8263],[-62.4509,44.8226],[-62.4444,44.8239],[-62.4525,44.8263]]],[[[-59.684,46.0218],[-59.6849,46.0248],[-59.6891,46.0213],[-59.684,46.0218]]],[[[-63.8732,44.503],[-63.8756,44.4996],[-63.8697,44.4986],[-63.8732,44.503]]],[[[-62.1989,44.9249],[-62.1934,44.9266],[-62.2073,44.9265],[-62.1989,44.9249]]],[[[-63.7646,44.4693],[-63.768,44.4662],[-63.761,44.4652],[-63.7646,44.4693]]],[[[-62.432,44.8377],[-62.4369,44.8445],[-62.4315,44.8346],[-62.432,44.8377]]],[[[-62.3095,44.9082],[-62.3095,44.9116],[-62.3168,44.9099],[-62.3095,44.9082]]],[[[-62.6862,44.7781],[-62.6827,44.7794],[-62.6941,44.7759],[-62.6862,44.7781]]],[[[-62.402,45.6605],[-62.4,45.6636],[-62.4088,45.6598],[-62.402,45.6605]]],[[[-63.235,44.7036],[-63.2392,44.7099],[-63.239,44.7045],[-63.235,44.7036]]],[[[-62.828,44.6915],[-62.8319,44.692],[-62.8382,44.6869],[-62.828,44.6915]]],[[[-64.355,44.2265],[-64.361,44.2241],[-64.355,44.2225],[-64.355,44.2265]]],[[[-63.9025,44.6682],[-63.9038,44.6632],[-63.8993,44.6655],[-63.9025,44.6682]]],[[[-62.2717,44.922],[-62.2778,44.9205],[-62.276,44.9177],[-62.2717,44.922]]],[[[-60.2177,45.7529],[-60.2142,45.7546],[-60.2228,45.7552],[-60.2177,45.7529]]],[[[-64.2982,44.4526],[-64.3029,44.4585],[-64.3033,44.4542],[-64.2982,44.4526]]],[[[-64.0092,44.5269],[-64.0057,44.5195],[-64.0017,44.5198],[-64.0092,44.5269]]],[[[-62.268,44.9247],[-62.2669,44.9279],[-62.2739,44.9257],[-62.268,44.9247]]],[[[-63.8584,44.4938],[-63.8628,44.4937],[-63.8521,44.4902],[-63.8584,44.4938]]],[[[-63.5822,44.4542],[-63.595,44.4548],[-63.5858,44.4517],[-63.5822,44.4542]]],[[[-62.391,45.6663],[-62.396,45.6685],[-62.3999,45.6642],[-62.391,45.6663]]],[[[-63.2386,44.7007],[-63.2362,44.6925],[-63.2337,44.6924],[-63.2386,44.7007]]],[[[-63.7252,44.4485],[-63.7383,44.4486],[-63.7265,44.4462],[-63.7252,44.4485]]],[[[-62.5405,44.8406],[-62.5466,44.847],[-62.5453,44.842],[-62.5405,44.8406]]],[[[-62.8003,44.7145],[-62.8076,44.7124],[-62.7977,44.713],[-62.8003,44.7145]]],[[[-64.2822,44.5474],[-64.2869,44.5485],[-64.279,44.5447],[-64.2822,44.5474]]],[[[-62.5968,44.7925],[-62.5997,44.7895],[-62.5937,44.7864],[-62.5968,44.7925]]],[[[-64.2829,44.4707],[-64.2827,44.4645],[-64.2783,44.4677],[-64.2829,44.4707]]],[[[-63.7759,44.4945],[-63.778,44.5041],[-63.779,44.4981],[-63.7759,44.4945]]],[[[-66.1319,43.8154],[-66.1348,43.8196],[-66.1398,43.8142],[-66.1319,43.8154]]],[[[-63.9418,44.5963],[-63.9466,44.5947],[-63.94,44.5891],[-63.9418,44.5963]]],[[[-64.2424,44.5271],[-64.2453,44.5356],[-64.2473,44.5316],[-64.2424,44.5271]]],[[[-62.2593,44.9196],[-62.2713,44.9148],[-62.26,44.916],[-62.2593,44.9196]]],[[[-60.5665,45.9551],[-60.5661,45.9577],[-60.5821,45.9536],[-60.5665,45.9551]]],[[[-62.1177,44.8858],[-62.1298,44.8871],[-62.133,44.8845],[-62.1177,44.8858]]],[[[-65.971,43.8848],[-65.9773,43.8839],[-65.9768,43.8786],[-65.971,43.8848]]],[[[-62.1557,44.9231],[-62.1636,44.9217],[-62.1536,44.9198],[-62.1557,44.9231]]],[[[-62.8341,44.7932],[-62.8386,44.7929],[-62.8302,44.7852],[-62.8341,44.7932]]],[[[-63.8606,44.4825],[-63.8751,44.4836],[-63.8587,44.4807],[-63.8606,44.4825]]],[[[-61.1792,45.2179],[-61.1812,45.2115],[-61.1737,45.2122],[-61.1792,45.2179]]],[[[-63.1161,44.7001],[-63.1266,44.6967],[-63.122,44.694],[-63.1161,44.7001]]],[[[-63.7482,44.4693],[-63.7597,44.4695],[-63.756,44.4667],[-63.7482,44.4693]]],[[[-62.5202,44.8243],[-62.5239,44.8179],[-62.5171,44.8219],[-62.5202,44.8243]]],[[[-64.2551,44.459],[-64.2611,44.4583],[-64.2541,44.4456],[-64.2551,44.459]]],[[[-60.4579,46.9202],[-60.4616,46.9043],[-60.456,46.9038],[-60.4579,46.9202]]],[[[-62.5131,44.8357],[-62.5264,44.8313],[-62.5144,44.8326],[-62.5131,44.8357]]],[[[-63.1183,44.7059],[-63.1273,44.7042],[-63.1236,44.7004],[-63.1183,44.7059]]],[[[-62.5303,44.8296],[-62.527,44.8319],[-62.5409,44.8291],[-62.5303,44.8296]]],[[[-64.2998,44.5567],[-64.3067,44.557],[-64.2967,44.5508],[-64.2998,44.5567]]],[[[-63.7912,44.533],[-63.7979,44.5246],[-63.7924,44.526],[-63.7912,44.533]]],[[[-63.0964,44.7084],[-63.1022,44.7004],[-63.0948,44.6993],[-63.0964,44.7084]]],[[[-63.6597,44.455],[-63.6663,44.448],[-63.6607,44.448],[-63.6597,44.455]]],[[[-63.2471,44.7172],[-63.2545,44.7192],[-63.2429,44.708],[-63.2471,44.7172]]],[[[-62.8337,44.6953],[-62.8459,44.687],[-62.8299,44.6941],[-62.8337,44.6953]]],[[[-63.92,44.5834],[-63.9292,44.586],[-63.9176,44.5777],[-63.92,44.5834]]],[[[-61.1077,45.5325],[-61.1045,45.5349],[-61.1282,45.5355],[-61.1077,45.5325]]],[[[-62.4254,44.8474],[-62.428,44.8402],[-62.42,44.8434],[-62.4254,44.8474]]],[[[-63.96,44.5522],[-63.9617,44.5484],[-63.9527,44.5427],[-63.96,44.5522]]],[[[-64.2025,44.5602],[-64.2124,44.5628],[-64.2056,44.5545],[-64.2025,44.5602]]],[[[-62.4985,45.6308],[-62.5047,45.6258],[-62.491,45.6261],[-62.4985,45.6308]]],[[[-64.282,44.4802],[-64.2891,44.4754],[-64.2743,44.4738],[-64.282,44.4802]]],[[[-60.5556,45.9591],[-60.5621,45.951],[-60.5514,45.9542],[-60.5556,45.9591]]],[[[-62.8455,44.6936],[-62.8522,44.6954],[-62.8568,44.6877],[-62.8455,44.6936]]],[[[-62.3774,44.8557],[-62.379,44.8512],[-62.3694,44.8471],[-62.3774,44.8557]]],[[[-63.4983,44.6055],[-63.5052,44.6078],[-63.4877,44.5989],[-63.4983,44.6055]]],[[[-63.3862,45.8458],[-63.4139,45.8441],[-63.4026,45.8371],[-63.3862,45.8458]]],[[[-63.7207,44.4428],[-63.7349,44.4445],[-63.7248,44.4362],[-63.7207,44.4428]]],[[[-64.3688,44.2366],[-64.3751,44.2394],[-64.3811,44.2326],[-64.3688,44.2366]]],[[[-64.3106,44.457],[-64.3147,44.4512],[-64.3078,44.4461],[-64.3106,44.457]]],[[[-62.5364,44.807],[-62.5491,44.8072],[-62.5381,44.8011],[-62.5364,44.807]]],[[[-62.2916,44.9158],[-62.2985,44.9115],[-62.2948,44.9011],[-62.2916,44.9158]]],[[[-64.3636,44.2302],[-64.3726,44.2289],[-64.3572,44.2269],[-64.3636,44.2302]]],[[[-62.9027,44.6839],[-62.9086,44.6826],[-62.9038,44.6712],[-62.9027,44.6839]]],[[[-63.8385,44.5171],[-63.8445,44.5196],[-63.8409,44.5058],[-63.8385,44.5171]]],[[[-64.2862,44.513],[-64.3014,44.5146],[-64.2942,44.5104],[-64.2862,44.513]]],[[[-64.297,44.4491],[-64.3049,44.4475],[-64.3032,44.4397],[-64.297,44.4491]]],[[[-61.4203,46.0667],[-61.4328,46.0639],[-61.4254,46.0589],[-61.4203,46.0667]]],[[[-62.1557,44.9085],[-62.1703,44.9124],[-62.1742,44.9057],[-62.1557,44.9085]]],[[[-60.7867,45.7188],[-60.7925,45.7177],[-60.7746,45.7082],[-60.7867,45.7188]]],[[[-62.6542,44.7587],[-62.669,44.7611],[-62.6616,44.7557],[-62.6542,44.7587]]],[[[-62.3169,44.9094],[-62.3305,44.9067],[-62.3176,44.8998],[-62.3169,44.9094]]],[[[-61.0495,45.9528],[-61.0813,45.9475],[-61.0689,45.9465],[-61.0495,45.9528]]],[[[-64.2045,44.3506],[-64.2213,44.3475],[-64.1994,44.3476],[-64.2045,44.3506]]],[[[-62.6547,44.7867],[-62.6598,44.7728],[-62.6486,44.7784],[-62.6547,44.7867]]],[[[-64.077,44.4391],[-64.0846,44.442],[-64.0954,44.4362],[-64.077,44.4391]]],[[[-65.6001,43.5432],[-65.6012,43.5326],[-65.5936,43.5303],[-65.6001,43.5432]]],[[[-61.0913,45.5206],[-61.1313,45.5341],[-61.1378,45.5301],[-61.0913,45.5206]]],[[[-62.5394,44.8457],[-62.5423,44.833],[-62.5269,44.8397],[-62.5394,44.8457]]],[[[-64.1305,44.4745],[-64.1426,44.4686],[-64.1253,44.4682],[-64.1305,44.4745]]],[[[-63.7566,44.4527],[-63.7681,44.4527],[-63.77,44.4395],[-63.7566,44.4527]]],[[[-62.694,44.7839],[-62.7062,44.7783],[-62.6859,44.7806],[-62.694,44.7839]]],[[[-62.7902,44.7425],[-62.8042,44.7404],[-62.8033,44.7343],[-62.7902,44.7425]]],[[[-61.0822,45.5109],[-61.1046,45.5088],[-61.0904,45.5044],[-61.0822,45.5109]]],[[[-63.7419,44.4665],[-63.7525,44.457],[-63.7355,44.4586],[-63.7419,44.4665]]],[[[-64.3137,44.4158],[-64.3382,44.422],[-64.3238,44.4107],[-64.3137,44.4158]]],[[[-61.6347,45.6475],[-61.6672,45.6492],[-61.6819,45.6364],[-61.6347,45.6475]]],[[[-62.6796,44.7758],[-62.6912,44.7635],[-62.6733,44.765],[-62.6796,44.7758]]],[[[-64.3332,44.3591],[-64.321,44.3353],[-64.3171,44.3453],[-64.3332,44.3591]]],[[[-62.6075,44.7921],[-62.6259,44.791],[-62.6111,44.7757],[-62.6075,44.7921]]],[[[-66.1549,43.8153],[-66.1698,43.801],[-66.1557,43.7905],[-66.1549,43.8153]]],[[[-64.1718,44.3155],[-64.1998,44.3139],[-64.1824,44.3053],[-64.1718,44.3155]]],[[[-60.4215,46.1623],[-60.4026,46.1977],[-60.4181,46.1814],[-60.4215,46.1623]]],[[[-62.7207,44.7691],[-62.7412,44.753],[-62.7106,44.748],[-62.7207,44.7691]]],[[[-64.3153,44.2372],[-64.3599,44.2372],[-64.3261,44.2271],[-64.3153,44.2372]]],[[[-61.5568,46.0182],[-61.5819,46.0002],[-61.5577,45.989],[-61.5568,46.0182]]],[[[-61.0083,45.3527],[-61.0313,45.3498],[-60.9978,45.3401],[-61.0083,45.3527]]],[[[-63.1171,44.7247],[-63.1145,44.7001],[-63.0874,44.7129],[-63.1171,44.7247]]],[[[-62.6054,44.8089],[-62.6424,44.7953],[-62.6299,44.7847],[-62.6054,44.8089]]],[[[-65.9425,43.7693],[-65.9121,43.7146],[-65.9182,43.7434],[-65.9425,43.7693]]],[[[-61.9419,44.9936],[-61.9717,45.0021],[-61.9283,44.9867],[-61.9419,44.9936]]],[[[-66.0165,43.43],[-66.0211,43.3962],[-66.0084,43.3918],[-66.0165,43.43]]],[[[-64.7672,43.9144],[-64.7832,43.9116],[-64.7611,43.8856],[-64.7672,43.9144]]],[[[-66.0131,43.6664],[-66.0173,43.6378],[-66.0032,43.6418],[-66.0131,43.6664]]],[[[-62.7562,44.7486],[-62.7779,44.728],[-62.7576,44.7253],[-62.7562,44.7486]]],[[[-63.5297,44.6271],[-63.5341,44.6021],[-63.5017,44.5876],[-63.5297,44.6271]]],[[[-60.1399,47.2246],[-60.1629,47.1836],[-60.1375,47.205],[-60.1399,47.2246]]],[[[-62.4518,44.8507],[-62.4863,44.844],[-62.4558,44.8224],[-62.4518,44.8507]]],[[[-64.2434,44.3945],[-64.2759,44.3872],[-64.2106,44.3767],[-64.2434,44.3945]]],[[[-64.1562,44.4705],[-64.1754,44.4399],[-64.156,44.4389],[-64.1562,44.4705]]],[[[-65.915,43.7919],[-65.941,43.775],[-65.887,43.7348],[-65.915,43.7919]]],[[[-60.9158,45.5151],[-60.9478,45.5194],[-60.9616,45.4847],[-60.9158,45.5151]]],[[[-65.3017,43.6599],[-65.2995,43.6266],[-65.2633,43.6224],[-65.3017,43.6599]]],[[[-61.1457,45.5484],[-61.2003,45.5267],[-61.1398,45.5301],[-61.1457,45.5484]]],[[[-64.3449,44.2107],[-64.3799,44.194],[-64.3845,44.2229],[-64.3975,44.1794],[-64.3466,44.1804],[-64.3449,44.2107]]],[[[-65.4262,43.5478],[-65.4195,43.4841],[-65.3953,43.482],[-65.4262,43.5478]]],[[[-66.3413,44.287],[-66.395,44.2364],[-66.3417,44.2536],[-66.3413,44.287]]],[[[-62.5115,45.8226],[-62.5758,45.8234],[-62.6031,45.8039],[-62.5115,45.8226]]],[[[-59.8017,46.1244],[-59.8827,46.111],[-59.8848,46.0723],[-59.8017,46.1244]]],[[[-59.6742,46.0341],[-59.7965,46.0054],[-59.6995,45.992],[-59.7124,46.0221],[-59.6742,46.0341]]],[[[-59.9734,43.9254],[-59.8089,43.9439],[-59.6707,44.0337],[-59.8631,43.9408],[-60.0618,43.9368],[-60.1653,43.9769],[-59.9734,43.9254]]],[[[-66.2146,44.4035],[-66.3335,44.2781],[-66.3287,44.2497],[-66.2146,44.4035]]],[[[-65.6061,43.5138],[-65.6042,43.47],[-65.6556,43.4571],[-65.6193,43.4071],[-65.5567,43.4853],[-65.6061,43.5138]]],[[[-60.8906,45.5769],[-61.0224,45.5944],[-61.137,45.5541],[-61.1032,45.5573],[-61.0918,45.5137],[-60.9894,45.5124],[-61.0344,45.4816],[-61.0078,45.4669],[-60.9524,45.5156],[-60.9877,45.5385],[-60.8906,45.5769]]],[[[-60.2865,46.3096],[-60.2919,46.3371],[-60.3619,46.3247],[-60.6663,46.074],[-60.5976,46.0911],[-60.4119,46.2264],[-60.3261,46.2313],[-60.2865,46.3096]]],[[[-60.3921,47.0298],[-60.4697,46.9953],[-60.6157,47.0324],[-60.7044,46.9018],[-60.8909,46.7883],[-60.9556,46.6604],[-61.0196,46.6238],[-61.0111,46.5976],[-61.0357,46.6035],[-61.0157,46.6482],[-61.0528,46.618],[-61.0353,46.5398],[-61.0766,46.5241],[-61.1118,46.4425],[-61.0763,46.4087],[-61.1282,46.4415],[-61.3118,46.2262],[-61.4484,46.1602],[-61.4838,46.0931],[-61.3937,46.0714],[-61.4388,46.0459],[-61.4327,46.0756],[-61.4758,46.0877],[-61.5527,46.0413],[-61.5278,45.9587],[-61.5093,45.9728],[-61.5243,45.924],[-61.483,45.9015],[-61.4963,45.8033],[-61.4243,45.6416],[-61.4881,45.6928],[-61.5687,45.6923],[-61.584,45.6368],[-61.6263,45.6461],[-61.6165,45.6102],[-61.6565,45.6435],[-61.7346,45.6267],[-61.7566,45.6494],[-61.8106,45.5994],[-61.8015,45.6378],[-61.8518,45.6377],[-61.8333,45.6619],[-61.7864,45.6438],[-61.8876,45.6918],[-61.8698,45.6802],[-61.9114,45.6526],[-61.8902,45.6352],[-61.9165,45.6036],[-61.9283,45.6388],[-61.9643,45.6212],[-61.8896,45.6918],[-61.9253,45.8434],[-61.8953,45.8731],[-61.9355,45.8876],[-62.2683,45.7046],[-62.4418,45.6676],[-62.4526,45.6441],[-62.3351,45.6847],[-62.5007,45.5874],[-62.5223,45.6154],[-62.479,45.6522],[-62.5468,45.6436],[-62.5799,45.662],[-62.5483,45.6711],[-62.6236,45.6857],[-62.6525,45.6569],[-62.6643,45.6873],[-62.6946,45.6628],[-62.637,45.6422],[-62.65,45.5593],[-62.6512,45.6234],[-62.7452,45.6616],[-62.8772,45.5424],[-62.7883,45.6663],[-62.6387,45.7146],[-62.6878,45.74],[-62.7668,45.7265],[-62.7462,45.7449],[-62.7781,45.7604],[-62.6803,45.7647],[-63.1095,45.8076],[-63.0707,45.7569],[-63.1936,45.7318],[-63.2174,45.7401],[-63.1762,45.7654],[-63.2079,45.7669],[-63.3054,45.7281],[-63.3843,45.7582],[-63.2333,45.8026],[-63.6055,45.8233],[-63.4257,45.8238],[-63.486,45.8513],[-63.4138,45.8493],[-63.4667,45.8783],[-63.6707,45.876],[-63.6417,45.854],[-63.6793,45.8271],[-63.6595,45.8469],[-63.8122,45.8823],[-63.8189,45.9196],[-63.9096,45.9829],[-64.0258,46.0052],[-64.0468,45.9768],[-64.1591,45.9753],[-64.2607,45.8715],[-64.2744,45.8368],[-64.2444,45.8228],[-64.3051,45.7668],[-64.3415,45.7677],[-64.2995,45.8214],[-64.382,45.7955],[-64.375,45.7706],[-64.4491,45.7362],[-64.4526,45.6851],[-64.5757,45.5964],[-64.8495,45.479],[-64.7885,45.4685],[-64.9141,45.4301],[-64.9447,45.3279],[-64.8347,45.3532],[-64.7679,45.3281],[-64.7748,45.2895],[-64.7056,45.3162],[-64.6881,45.3778],[-64.5525,45.4138],[-64.4276,45.4046],[-64.4586,45.3933],[-64.3923,45.3644],[-64.3311,45.3659],[-64.3262,45.4028],[-64.2511,45.3781],[-64.1041,45.4169],[-64.0321,45.4114],[-64.062,45.3946],[-64.0383,45.383],[-63.948,45.3964],[-63.8866,45.3486],[-63.8684,45.3803],[-63.7785,45.4029],[-63.3502,45.3715],[-63.4897,45.315],[-63.5346,45.3363],[-63.5608,45.3121],[-63.7154,45.3233],[-63.7408,45.2962],[-63.8033,45.3132],[-63.8671,45.2606],[-63.9,45.2778],[-64.0123,45.2352],[-63.9722,45.2178],[-64.0561,45.2321],[-64.155,45.1962],[-64.2235,45.1081],[-64.2658,45.1238],[-64.2824,45.0895],[-64.2869,45.1383],[-64.3298,45.1358],[-64.3594,45.0928],[-64.4111,45.1471],[-64.3512,45.1655],[-64.3902,45.1957],[-64.3334,45.2987],[-64.4964,45.3348],[-64.4027,45.3075],[-64.399,45.2792],[-64.9498,45.1033],[-65.6455,44.7668],[-65.7598,44.6852],[-65.7305,44.6678],[-65.626,44.7126],[-65.6043,44.6611],[-65.7541,44.5833],[-65.7858,44.6924],[-65.9518,44.6086],[-66.2061,44.4052],[-66.2026,44.3752],[-66.0897,44.489],[-65.9381,44.5788],[-65.8601,44.5915],[-65.8456,44.57],[-66.1184,44.3456],[-66.1408,44.2222],[-66.213,44.1088],[-66.1542,44.0032],[-66.1686,43.8549],[-66.1311,43.8756],[-66.1515,43.8155],[-66.1156,43.8503],[-66.1256,43.7405],[-66.0862,43.7799],[-66.0644,43.7039],[-66.0759,43.7324],[-66.0465,43.7497],[-66.0247,43.685],[-65.9933,43.7411],[-65.9788,43.6949],[-65.964,43.7449],[-66.0159,43.8153],[-65.9709,43.8876],[-65.9947,43.8093],[-65.971,43.7923],[-65.9936,43.7868],[-65.9473,43.7728],[-65.9692,43.8119],[-65.9306,43.7803],[-65.9371,43.8414],[-65.8689,43.7528],[-65.8581,43.813],[-65.8029,43.5913],[-65.7768,43.7066],[-65.7865,43.5665],[-65.7512,43.5334],[-65.7418,43.5717],[-65.7308,43.4922],[-65.6554,43.4814],[-65.5753,43.5671],[-65.4709,43.449],[-65.4571,43.4831],[-65.492,43.5128],[-65.4473,43.5286],[-65.4607,43.5573],[-65.4317,43.5497],[-65.468,43.6051],[-65.3402,43.5366],[-65.3344,43.5783],[-65.3694,43.6035],[-65.3233,43.6052],[-65.3492,43.6307],[-65.3269,43.6772],[-65.3782,43.7485],[-65.3388,43.7294],[-65.328,43.7697],[-65.3233,43.6905],[-65.236,43.657],[-65.217,43.6994],[-65.26,43.7696],[-65.2349,43.7652],[-65.2338,43.8143],[-65.1777,43.6981],[-65.1427,43.7416],[-65.1305,43.6527],[-65.0915,43.7502],[-65.0715,43.6872],[-65.0278,43.6952],[-65.0041,43.7628],[-65.0543,43.8324],[-64.9785,43.7441],[-64.9243,43.7949],[-64.9721,43.8719],[-64.9095,43.7899],[-64.8758,43.8312],[-64.9171,43.8801],[-64.8344,43.8135],[-64.8036,43.8642],[-64.8253,43.8725],[-64.7835,43.8679],[-64.8554,43.9178],[-64.8271,43.9517],[-64.6618,43.9891],[-64.7101,44.0509],[-64.5527,44.0697],[-64.5754,44.0896],[-64.5449,44.1209],[-64.6264,44.1341],[-64.5938,44.1388],[-64.6139,44.156],[-64.4924,44.1395],[-64.4366,44.1991],[-64.4463,44.2335],[-64.3842,44.2252],[-64.4132,44.2354],[-64.3512,44.2884],[-64.288,44.2419],[-64.2442,44.2606],[-64.2301,44.2927],[-64.3043,44.2978],[-64.2574,44.3248],[-64.313,44.343],[-64.2867,44.3206],[-64.3379,44.3212],[-64.3438,44.3642],[-64.2156,44.3698],[-64.3147,44.3835],[-64.2917,44.3839],[-64.3304,44.3982],[-64.252,44.4109],[-64.3316,44.4058],[-64.3807,44.449],[-64.3042,44.4659],[-64.3333,44.4732],[-64.2944,44.4824],[-64.3044,44.5688],[-64.2195,44.5328],[-64.2078,44.5788],[-64.167,44.5923],[-64.1005,44.5244],[-64.1249,44.5299],[-64.1138,44.4789],[-64.0759,44.4713],[-64.0504,44.5233],[-64.006,44.5076],[-64.065,44.6365],[-63.9125,44.6625],[-63.8899,44.6917],[-63.9364,44.6351],[-63.9103,44.6412],[-63.9392,44.6232],[-63.9125,44.5823],[-63.9384,44.5055],[-63.8405,44.4907],[-63.8513,44.5266],[-63.8191,44.4977],[-63.7876,44.542],[-63.816,44.4809],[-63.7734,44.4743],[-63.7639,44.5259],[-63.7719,44.4844],[-63.7282,44.4518],[-63.7051,44.4607],[-63.7367,44.5058],[-63.7158,44.474],[-63.6272,44.4754],[-63.6475,44.4326],[-63.5958,44.475],[-63.612,44.4927],[-63.5769,44.4575],[-63.5188,44.502],[-63.5596,44.5578],[-63.5517,44.5985],[-63.6183,44.6344],[-63.5667,44.6177],[-63.5699,44.6495],[-63.6589,44.6822],[-63.6623,44.7303],[-63.4519,44.5891],[-63.4132,44.652],[-63.4543,44.682],[-63.2817,44.6279],[-63.2856,44.6549],[-63.2738,44.6352],[-63.2376,44.6805],[-63.2581,44.7382],[-63.2362,44.7461],[-63.2076,44.6748],[-63.1547,44.7798],[-63.1479,44.6882],[-63.1701,44.6826],[-63.0926,44.6856],[-63.1459,44.6915],[-63.1251,44.7905],[-63.1122,44.7383],[-63.0396,44.6764],[-63.0047,44.7219],[-63.0848,44.7984],[-63.0069,44.7931],[-62.9991,44.6967],[-62.8907,44.7249],[-62.9021,44.7421],[-62.8375,44.7038],[-62.7992,44.7207],[-62.839,44.7455],[-62.7982,44.7658],[-62.8848,44.8156],[-62.763,44.7715],[-62.703,44.7918],[-62.7133,44.8147],[-62.6565,44.7866],[-62.677,44.8079],[-62.6255,44.8105],[-62.6183,44.8473],[-62.5451,44.7879],[-62.5706,44.8689],[-62.5334,44.8449],[-62.4892,44.8901],[-62.5451,44.9261],[-62.4389,44.8543],[-62.3959,44.8723],[-62.417,44.9003],[-62.3815,44.9143],[-62.3454,44.8838],[-62.3468,44.9287],[-62.3343,44.9062],[-62.2445,44.9435],[-62.2558,44.9736],[-62.1802,44.933],[-62.1654,44.977],[-62.1006,44.9488],[-62.1274,44.9664],[-61.9793,44.9784],[-62.0987,44.9995],[-62.1052,45.032],[-62.0835,45.0038],[-62.0308,45.028],[-62.0092,45.0046],[-61.9975,45.03],[-61.9476,45.0101],[-61.9796,45.0706],[-61.884,45.0273],[-62.0003,45.1373],[-61.9761,45.1497],[-62.0,45.1937],[-61.9503,45.0848],[-61.8528,45.0363],[-61.8726,45.0735],[-61.8184,45.0786],[-61.843,45.1072],[-61.7442,45.0704],[-61.7845,45.0937],[-61.7698,45.1126],[-61.6545,45.0901],[-61.7151,45.1183],[-61.6455,45.1234],[-61.8028,45.2464],[-61.7255,45.2204],[-61.6842,45.1616],[-61.6518,45.1717],[-61.6732,45.2039],[-61.607,45.1472],[-61.5417,45.1694],[-61.4702,45.1486],[-61.4564,45.1795],[-61.4136,45.1623],[-61.3108,45.191],[-61.3878,45.2014],[-61.3796,45.23],[-61.277,45.2657],[-61.1954,45.2531],[-61.1913,45.2089],[-61.1849,45.2563],[-61.1543,45.2658],[-61.167,45.3146],[-61.1574,45.2703],[-61.1146,45.2824],[-61.1527,45.211],[-61.0769,45.2274],[-61.0917,45.2487],[-61.0447,45.2383],[-61.0588,45.256],[-61.0237,45.2717],[-61.0528,45.304],[-60.9784,45.2723],[-60.9911,45.3162],[-60.9595,45.3214],[-60.9842,45.3373],[-61.4928,45.3679],[-61.5053,45.3996],[-61.4765,45.4003],[-61.488,45.3791],[-61.4333,45.4215],[-61.3784,45.4106],[-61.2293,45.4827],[-61.2487,45.5221],[-61.3847,45.5826],[-61.4151,45.6467],[-61.2887,45.548],[-61.2949,45.5784],[-61.2245,45.5887],[-61.2396,45.6267],[-61.1568,45.5919],[-61.2012,45.5687],[-61.1661,45.5648],[-61.026,45.5985],[-61.0395,45.6361],[-60.9227,45.6219],[-60.8938,45.6382],[-60.9184,45.6641],[-60.8469,45.6348],[-60.8721,45.6198],[-60.6861,45.5661],[-60.6233,45.6133],[-60.4967,45.6313],[-60.4931,45.6602],[-60.4967,45.6321],[-60.4227,45.6429],[-60.2967,45.7078],[-60.3089,45.7334],[-60.2582,45.7074],[-60.2263,45.7271],[-60.2225,45.7473],[-60.252,45.7348],[-60.2298,45.7663],[-60.0823,45.8025],[-60.1688,45.8419],[-60.1505,45.8784],[-59.9921,45.8752],[-59.9799,45.918],[-59.9225,45.9156],[-59.8661,45.9585],[-59.7883,45.951],[-59.8466,45.9933],[-59.8297,46.0136],[-59.9286,46.006],[-59.9684,46.0348],[-59.8904,46.0589],[-59.9137,46.1051],[-59.8165,46.181],[-59.8811,46.192],[-59.9551,46.1542],[-59.953,46.2172],[-60.0867,46.2061],[-60.0276,46.2427],[-60.1266,46.2675],[-60.2139,46.2045],[-60.1839,46.1441],[-60.2443,46.1034],[-60.2039,46.137],[-60.2285,46.1875],[-60.2654,46.1554],[-60.3273,46.1577],[-60.2052,46.2515],[-60.2665,46.2678],[-60.279,46.3145],[-60.32,46.2093],[-60.3886,46.2024],[-60.5131,46.0937],[-60.7961,45.9595],[-60.7982,45.9358],[-60.699,45.9008],[-60.3563,46.0293],[-60.7448,45.793],[-60.7439,45.7516],[-60.7682,45.7594],[-60.7388,45.7424],[-60.7801,45.7483],[-60.7236,45.731],[-60.7467,45.7314],[-60.74,45.6887],[-60.7776,45.706],[-60.8578,45.6523],[-60.8786,45.6618],[-60.8003,45.7019],[-60.8296,45.7282],[-60.81,45.7347],[-60.9404,45.7717],[-61.0922,45.6854],[-61.1694,45.7101],[-61.1149,45.7374],[-61.1203,45.7631],[-61.16,45.7534],[-61.1026,45.7922],[-61.0214,45.8321],[-60.9892,45.8181],[-60.9757,45.8542],[-60.9315,45.8447],[-60.9936,45.8794],[-60.9132,45.8694],[-61.0169,45.903],[-60.9706,45.8886],[-61.0763,45.855],[-61.1113,45.8919],[-60.9962,45.9061],[-60.9874,45.9491],[-60.97,45.9148],[-60.8135,45.9461],[-60.7953,46.0227],[-60.737,46.0689],[-60.832,46.0511],[-60.8756,46.0113],[-60.843,46.0533],[-60.919,46.041],[-60.8868,46.0253],[-61.0733,45.9276],[-61.1294,45.9305],[-61.1314,45.9685],[-60.991,45.9885],[-60.8822,46.0944],[-60.861,46.0839],[-60.8909,46.0647],[-60.7071,46.1297],[-60.7167,46.0942],[-60.6486,46.1163],[-60.6145,46.1346],[-60.6398,46.1484],[-60.5984,46.1479],[-60.4169,46.2924],[-60.415,46.3422],[-60.4479,46.3457],[-60.6212,46.2066],[-60.5907,46.2556],[-60.624,46.264],[-60.6168,46.3029],[-60.6007,46.2684],[-60.5412,46.2897],[-60.5223,46.3737],[-60.3512,46.6151],[-60.4334,46.6328],[-60.3494,46.6536],[-60.405,46.6749],[-60.3434,46.7008],[-60.3663,46.711],[-60.3252,46.7441],[-60.3029,46.8505],[-60.3512,46.8845],[-60.4651,46.8674],[-60.4317,46.8815],[-60.4801,46.8847],[-60.4528,46.9034],[-60.5213,46.9014],[-60.4589,46.9215],[-60.3921,47.0298]],[[-65.5017,43.4988],[-65.5002,43.4947],[-65.5047,43.4962],[-65.5017,43.4988]],[[-65.8111,43.6327],[-65.8137,43.6252],[-65.8137,43.632],[-65.8111,43.6327]]]]},"properties":{"PRENAME":"Nova Scotia","PREABBR":"N.S.","PRUID":"12"}},{"type":"Feature","geometry":{"type":"MultiPolygon","coordinates":[[[[-67.2912,45.1843],[-67.2913,45.185],[-67.2912,45.1843],[-67.2912,45.1843]]],[[[-67.2907,45.1817],[-67.2916,45.1835],[-67.2913,45.1826],[-67.2907,45.1817]],[[-66.5708,45.1055],[-66.5721,45.1065],[-66.5684,45.1041],[-66.5708,45.1055]]],[[[-65.632,47.6279],[-65.6346,47.6271],[-65.6326,47.6262],[-65.632,47.6279]]],[[[-65.6263,47.6478],[-65.6233,47.6506],[-65.6282,47.6484],[-65.6263,47.6478]]],[[[-65.3588,47.0876],[-65.3566,47.0882],[-65.3631,47.0892],[-65.3588,47.0876]]],[[[-65.4544,47.0498],[-65.4508,47.0528],[-65.4549,47.0512],[-65.4544,47.0498]]],[[[-66.5043,45.1086],[-66.5075,45.108],[-66.5082,45.1049],[-66.5043,45.1086]]],[[[-64.6128,46.386],[-64.6105,46.3874],[-64.6116,46.3895],[-64.6128,46.386]]],[[[-66.1053,45.209],[-66.1089,45.2096],[-66.1109,45.2049],[-66.1053,45.209]]],[[[-64.8558,47.557],[-64.8583,47.5626],[-64.8628,47.5545],[-64.8558,47.557]]],[[[-66.5408,45.1212],[-66.5448,45.1173],[-66.539,45.1197],[-66.5408,45.1212]]],[[[-64.5024,47.8858],[-64.4931,47.9147],[-64.4995,47.9051],[-64.5024,47.8858]]],[[[-65.0687,47.2318],[-65.0954,47.2261],[-65.0829,47.2256],[-65.0687,47.2318]]],[[[-64.8592,47.5523],[-64.8741,47.513],[-64.8681,47.5171],[-64.8592,47.5523]]],[[[-64.91,47.3686],[-64.9409,47.3],[-64.9159,47.338],[-64.91,47.3686]]],[[[-64.9095,46.8353],[-64.9026,46.8133],[-64.8706,46.7784],[-64.9095,46.8353]]],[[[-67.0435,45.1183],[-67.0488,45.1038],[-67.032,45.0969],[-67.0435,45.1183]]],[[[-66.8151,44.632],[-66.8406,44.612],[-66.8137,44.62],[-66.8151,44.632]]],[[[-66.8365,45.0665],[-66.8573,45.0299],[-66.8317,45.0496],[-66.8365,45.0665]]],[[[-65.0242,47.1272],[-65.0505,47.1284],[-64.9585,47.0781],[-65.0242,47.1272]]],[[[-66.7304,44.6812],[-66.7499,44.6671],[-66.7429,44.6533],[-66.7304,44.6812]]],[[[-66.1459,48.0005],[-66.201,48.0115],[-66.1162,47.9822],[-66.1459,48.0005]]],[[[-66.693,44.6452],[-66.7269,44.6219],[-66.6917,44.6179],[-66.693,44.6452]]],[[[-64.7598,47.8242],[-64.8006,47.8034],[-64.7546,47.7805],[-64.7598,47.8242]]],[[[-66.9391,45.0247],[-67.0213,44.9763],[-66.9848,44.9253],[-66.9391,45.0247]]],[[[-66.9031,44.9572],[-66.9801,44.8666],[-66.9527,44.8364],[-66.9228,44.8359],[-66.9308,44.8712],[-66.8899,44.9109],[-66.9281,44.9374],[-66.9031,44.9572]]],[[[-64.5179,48.0199],[-64.5968,47.931],[-64.5777,47.8892],[-64.5117,47.9435],[-64.4937,47.9156],[-64.4679,47.9424],[-64.5,47.9543],[-64.4724,47.959],[-64.5016,47.9996],[-64.4758,47.974],[-64.5179,48.0199]]],[[[-66.7756,44.7996],[-66.8611,44.7226],[-66.9045,44.598],[-66.7375,44.6817],[-66.7638,44.7539],[-66.7312,44.7634],[-66.7756,44.7996]]],[[[-64.5028,47.8825],[-64.5875,47.8537],[-64.5685,47.8781],[-64.6301,47.8868],[-64.6879,47.8576],[-64.7064,47.8102],[-64.6673,47.8158],[-64.6943,47.7836],[-64.6184,47.7956],[-64.698,47.7565],[-64.6491,47.7462],[-64.6637,47.7188],[-64.6147,47.741],[-64.5028,47.8825]]],[[[-64.8026,47.804],[-65.0667,47.7648],[-65.0866,47.794],[-64.9782,47.8319],[-65.1903,47.8176],[-65.4498,47.6894],[-65.622,47.6525],[-65.6682,47.5995],[-65.6726,47.6466],[-65.6208,47.6567],[-65.6988,47.7117],[-65.7067,47.7827],[-65.7648,47.8641],[-65.8386,47.9132],[-66.0826,47.9249],[-66.3712,48.0321],[-66.4201,48.0124],[-66.3739,48.0254],[-66.3618,48.0721],[-66.7434,47.9843],[-66.9213,47.9846],[-66.9638,47.9431],[-66.958,47.8921],[-67.059,47.9356],[-67.2108,47.8755],[-67.3469,47.896],[-67.3369,47.8717],[-67.3743,47.8438],[-67.5929,47.9244],[-67.598,47.9998],[-68.1226,47.9999],[-68.1228,47.9165],[-68.3823,47.9161],[-68.3835,47.5531],[-68.5681,47.4272],[-69.051,47.3001],[-69.0508,47.2565],[-68.9,47.1777],[-68.6175,47.2434],[-68.58,47.2871],[-68.3779,47.2874],[-68.3631,47.3547],[-68.2345,47.3553],[-67.9572,47.1996],[-67.8829,47.1044],[-67.7902,47.0672],[-67.7812,45.9435],[-67.7506,45.9176],[-67.8039,45.8829],[-67.7553,45.8234],[-67.8065,45.7944],[-67.782,45.7311],[-67.8181,45.6937],[-67.7272,45.6626],[-67.7346,45.6889],[-67.7096,45.6813],[-67.6456,45.6133],[-67.4567,45.6043],[-67.4255,45.5784],[-67.4162,45.5013],[-67.5035,45.4896],[-67.4192,45.3771],[-67.4897,45.2821],[-67.3534,45.1292],[-67.296,45.1479],[-67.2649,45.2038],[-67.2255,45.1649],[-67.1608,45.1687],[-67.2018,45.1874],[-67.19,45.237],[-67.1478,45.1784],[-67.1393,45.2247],[-67.1314,45.1399],[-67.083,45.0765],[-67.0381,45.0691],[-67.0687,45.1312],[-67.0321,45.1255],[-67.034,45.1683],[-66.9842,45.1463],[-66.991,45.1894],[-66.969,45.15],[-66.9443,45.2035],[-67.0,45.2521],[-66.944,45.2136],[-66.9559,45.1617],[-66.8935,45.1127],[-66.825,45.1272],[-66.8634,45.1982],[-66.8204,45.25],[-66.8515,45.2224],[-66.8482,45.1701],[-66.803,45.1625],[-66.8173,45.1992],[-66.7849,45.208],[-66.7779,45.1487],[-66.843,45.1577],[-66.8203,45.1238],[-66.9149,45.1126],[-66.8923,45.0383],[-66.8504,45.0796],[-66.8142,45.0636],[-66.815,45.0954],[-66.7662,45.1257],[-66.8062,45.0406],[-66.7365,45.0556],[-66.7343,45.094],[-66.7176,45.0566],[-66.6098,45.1148],[-66.5819,45.0989],[-66.5924,45.1235],[-66.5205,45.118],[-66.4624,45.1677],[-66.5,45.1938],[-66.4614,45.1678],[-66.5005,45.1278],[-66.4296,45.1261],[-66.4794,45.1174],[-66.4584,45.058],[-66.4115,45.0866],[-66.4375,45.0979],[-66.2502,45.1437],[-66.2601,45.189],[-66.3011,45.1672],[-66.3419,45.1766],[-66.3252,45.1977],[-66.2201,45.1766],[-66.2386,45.1441],[-66.2183,45.1416],[-66.1453,45.1823],[-66.1511,45.2204],[-66.0537,45.2362],[-66.0751,45.2708],[-66.0405,45.2791],[-66.0081,45.2165],[-65.9527,45.2308],[-65.9087,45.194],[-65.8165,45.2642],[-65.7406,45.2516],[-65.6599,45.3062],[-65.5551,45.3128],[-65.5325,45.3622],[-65.2824,45.4792],[-64.9767,45.5602],[-64.957,45.6089],[-64.7786,45.6351],[-64.7792,45.5935],[-64.6935,45.7124],[-64.6435,45.7173],[-64.7201,45.7497],[-64.7509,45.7148],[-64.7467,45.7452],[-64.6658,45.7449],[-64.5712,45.8498],[-64.7059,45.989],[-64.7065,46.0397],[-64.7552,46.085],[-64.8777,46.0528],[-64.8998,46.006],[-64.8814,46.052],[-64.9964,46.051],[-64.737,46.0882],[-64.6959,46.0021],[-64.5605,45.8687],[-64.5295,45.9241],[-64.5609,45.9629],[-64.571,46.0811],[-64.5258,46.0924],[-64.5706,46.0811],[-64.5712,46.0164],[-64.5244,45.9295],[-64.5423,45.8567],[-64.489,45.8068],[-64.5526,45.728],[-64.5166,45.7206],[-64.3315,45.8694],[-64.3846,45.8764],[-64.3145,45.9033],[-64.3275,45.9567],[-64.3131,45.9038],[-64.3457,45.8913],[-64.2975,45.8824],[-64.3189,45.8634],[-64.2749,45.8385],[-64.1591,45.9753],[-64.0468,45.9768],[-64.0709,46.0193],[-64.1115,46.0175],[-64.0863,46.0511],[-63.9234,46.0513],[-63.7724,46.1022],[-63.772,46.1352],[-63.8312,46.1445],[-63.8152,46.1645],[-63.883,46.1439],[-63.9792,46.1829],[-64.0671,46.1709],[-64.0424,46.1637],[-64.0674,46.1652],[-64.059,46.1368],[-64.1204,46.1839],[-64.1322,46.1381],[-64.1474,46.1712],[-64.1784,46.1585],[-64.1444,46.1844],[-64.2658,46.236],[-64.3632,46.2248],[-64.3549,46.1984],[-64.4152,46.2375],[-64.5556,46.2194],[-64.5661,46.2734],[-64.6215,46.2233],[-64.5976,46.2623],[-64.717,46.2341],[-64.5325,46.2898],[-64.5122,46.3226],[-64.5605,46.3677],[-64.5659,46.3239],[-64.7321,46.3148],[-64.8619,46.252],[-64.7917,46.2702],[-64.7641,46.3123],[-64.6114,46.3467],[-64.6351,46.4458],[-64.6712,46.4658],[-64.7277,46.4193],[-64.6898,46.4567],[-64.7148,46.4716],[-64.8687,46.3893],[-64.902,46.2994],[-64.8667,46.3425],[-64.9005,46.3669],[-64.9858,46.3392],[-64.9434,46.371],[-64.8982,46.358],[-64.8003,46.448],[-64.6949,46.4789],[-64.7185,46.4976],[-64.6741,46.4868],[-64.692,46.5304],[-64.6089,46.4609],[-64.7226,46.5838],[-64.759,46.5656],[-64.72,46.5833],[-64.7077,46.6601],[-64.7586,46.7061],[-64.8045,46.7069],[-64.7293,46.6919],[-64.7554,46.6829],[-64.7449,46.6474],[-64.7655,46.6879],[-64.8086,46.6544],[-64.7818,46.6892],[-64.8347,46.6909],[-64.8619,46.6511],[-64.8417,46.6439],[-64.9168,46.6162],[-64.8815,46.5631],[-64.9098,46.5778],[-64.9062,46.5269],[-64.9498,46.5436],[-64.908,46.5699],[-64.9196,46.5981],[-65.095,46.5],[-65.2282,46.5016],[-65.0904,46.5155],[-65.053,46.5419],[-65.0956,46.5472],[-65.0143,46.5654],[-65.0742,46.5788],[-64.9942,46.5653],[-65.0031,46.5908],[-64.9242,46.5967],[-64.9139,46.6253],[-64.946,46.6436],[-64.8687,46.6466],[-64.849,46.6955],[-64.89,46.7152],[-64.9121,46.6924],[-64.9023,46.7201],[-64.9826,46.6628],[-64.9113,46.7432],[-64.8235,46.71],[-64.9006,46.7454],[-64.8874,46.7788],[-65.0,46.7219],[-64.9161,46.7628],[-64.9177,46.8331],[-65.1124,46.7888],[-65.157,46.75],[-65.1122,46.7892],[-64.9343,46.8315],[-65.0078,46.8393],[-64.9031,46.8848],[-64.9103,46.8417],[-64.8883,46.916],[-64.916,46.9305],[-64.8891,46.9169],[-64.8123,46.9754],[-64.8172,47.0111],[-64.8502,47.0096],[-64.8175,47.0113],[-64.8272,47.0563],[-64.8473,47.0439],[-64.7969,47.0732],[-64.9448,47.076],[-65.016,47.036],[-65.0081,47.0096],[-65.0291,47.0293],[-64.9954,47.0486],[-65.0102,47.0792],[-65.0287,47.0616],[-65.0106,47.0838],[-65.1015,47.0743],[-65.145,47.0386],[-65.1031,46.9935],[-65.1351,46.9039],[-65.2368,46.8756],[-65.1353,46.9038],[-65.1028,46.9718],[-65.1446,47.0439],[-65.1543,47.0124],[-65.2126,47.0405],[-65.1953,47.0106],[-65.2253,47.0253],[-65.306,46.9824],[-65.2117,47.0352],[-65.2388,47.0389],[-65.2055,47.0822],[-65.4012,47.0188],[-65.3038,47.063],[-65.3848,47.0741],[-65.562,47.0],[-65.3543,47.094],[-65.3945,47.116],[-65.3643,47.1392],[-65.3761,47.1748],[-65.4416,47.2037],[-65.4109,47.2391],[-65.4611,47.229],[-65.4715,47.2628],[-65.4617,47.2294],[-65.4106,47.2391],[-65.4413,47.2036],[-65.3756,47.1748],[-65.3803,47.1205],[-65.349,47.0897],[-65.1343,47.1907],[-65.0149,47.2861],[-64.9699,47.2801],[-64.9706,47.3464],[-64.9029,47.4046],[-64.9081,47.3719],[-64.8714,47.4685],[-64.9053,47.5543],[-64.8301,47.5984],[-64.8533,47.5647],[-64.7792,47.6567],[-64.8004,47.6326],[-64.8574,47.6885],[-64.7753,47.66],[-64.6661,47.7178],[-64.744,47.7687],[-64.7761,47.746],[-64.7479,47.7155],[-64.7723,47.6939],[-64.7952,47.7402],[-64.8895,47.7543],[-64.7997,47.7533],[-64.8026,47.804]],[[-67.2958,45.1706],[-67.295,45.1707],[-67.2956,45.1705],[-67.2958,45.1706]],[[-67.2945,45.171],[-67.2928,45.172],[-67.2918,45.1716],[-67.2945,45.171]]]]},"properties":{"PRENAME":"New Brunswick","PREABBR":"N.B.","PRUID":"13"}},{"type":"Feature","geometry":{"type":"MultiPolygon","coordinates":[[[[-73.5662,45.4851],[-73.5649,45.486],[-73.5664,45.4852],[-73.5662,45.4851]]],[[[-74.2484,45.1792],[-74.2479,45.1796],[-74.2485,45.1794],[-74.2484,45.1792]]],[[[-74.0091,45.3912],[-74.0088,45.3915],[-74.0094,45.3917],[-74.0091,45.3912]]],[[[-72.9773,46.0742],[-72.9763,46.0753],[-72.9769,46.0749],[-72.9773,46.0742]]],[[[-74.009,45.3918],[-74.0086,45.3924],[-74.0095,45.3926],[-74.009,45.3918]]],[[[-74.337,45.1609],[-74.3375,45.1606],[-74.3357,45.1603],[-74.337,45.1609]]],[[[-73.8306,45.6077],[-73.8291,45.6084],[-73.8304,45.6085],[-73.8306,45.6077]]],[[[-74.3925,45.1287],[-74.3929,45.1287],[-74.3918,45.1276],[-74.3925,45.1287]]],[[[-74.3852,45.1301],[-74.3853,45.1306],[-74.3871,45.1304],[-74.3852,45.1301]]],[[[-73.9098,45.3148],[-73.9087,45.3165],[-73.9099,45.3155],[-73.9098,45.3148]]],[[[-73.9977,45.3919],[-73.9995,45.3921],[-73.9976,45.3903],[-73.9977,45.3919]]],[[[-73.552,45.4953],[-73.5509,45.4997],[-73.5517,45.4991],[-73.552,45.4953]]],[[[-73.8466,45.5803],[-73.8488,45.5802],[-73.8475,45.579],[-73.8466,45.5803]]],[[[-73.856,45.5079],[-73.8584,45.5071],[-73.857,45.5058],[-73.856,45.5079]]],[[[-73.9106,45.3152],[-73.9086,45.3183],[-73.9105,45.3168],[-73.9106,45.3152]]],[[[-73.9542,45.4022],[-73.959,45.4024],[-73.9548,45.4013],[-73.9542,45.4022]]],[[[-73.8293,45.3547],[-73.8307,45.3557],[-73.8338,45.3532],[-73.8293,45.3547]]],[[[-73.4582,45.7044],[-73.4573,45.7058],[-73.4597,45.7031],[-73.4582,45.7044]]],[[[-73.8468,45.5785],[-73.8437,45.5807],[-73.8464,45.5797],[-73.8468,45.5785]]],[[[-73.4714,45.6951],[-73.4675,45.6973],[-73.4692,45.6972],[-73.4714,45.6951]]],[[[-74.1703,45.2412],[-74.1701,45.2425],[-74.1739,45.2412],[-74.1703,45.2412]]],[[[-72.977,46.074],[-72.9695,46.0788],[-72.9754,46.0758],[-72.977,46.074]]],[[[-70.8795,47.0399],[-70.8776,47.0409],[-70.8844,47.0412],[-70.8795,47.0399]]],[[[-73.907,45.3142],[-73.9057,45.3152],[-73.9058,45.3172],[-73.907,45.3142]]],[[[-73.8093,45.6137],[-73.8126,45.6141],[-73.8117,45.6126],[-73.8093,45.6137]]],[[[-73.6858,45.6885],[-73.6879,45.6896],[-73.6903,45.6892],[-73.6858,45.6885]]],[[[-66.427,50.1199],[-66.4256,50.1214],[-66.4292,50.1201],[-66.427,50.1199]]],[[[-68.7294,48.3781],[-68.7309,48.3766],[-68.7287,48.3767],[-68.7294,48.3781]]],[[[-73.5123,45.486],[-73.5099,45.4803],[-73.5115,45.4856],[-73.5123,45.486]]],[[[-73.4864,45.5967],[-73.487,45.5979],[-73.4875,45.5944],[-73.4864,45.5967]]],[[[-65.7907,50.2609],[-65.7923,50.2581],[-65.7897,50.2592],[-65.7907,50.2609]]],[[[-68.5533,49.0562],[-68.5547,49.0561],[-68.5524,49.053],[-68.5533,49.0562]]],[[[-73.8184,45.6026],[-73.8177,45.6046],[-73.8194,45.6051],[-73.8184,45.6026]]],[[[-72.9876,46.0714],[-72.9827,46.0741],[-72.9858,46.0734],[-72.9876,46.0714]]],[[[-68.5508,49.0458],[-68.5519,49.0515],[-68.5524,49.0496],[-68.5508,49.0458]]],[[[-73.7418,45.6728],[-73.7385,45.6755],[-73.7404,45.6753],[-73.7418,45.6728]]],[[[-73.6121,45.6386],[-73.6161,45.6367],[-73.6163,45.6349],[-73.6121,45.6386]]],[[[-73.674,45.4309],[-73.6711,45.4313],[-73.6837,45.4325],[-73.674,45.4309]]],[[[-73.8156,45.6099],[-73.8128,45.6111],[-73.8124,45.6137],[-73.8156,45.6099]]],[[[-73.6408,45.6947],[-73.6407,45.6932],[-73.6376,45.6922],[-73.6408,45.6947]]],[[[-68.525,49.0563],[-68.5273,49.055],[-68.525,49.0541],[-68.525,49.0563]]],[[[-73.8531,45.5807],[-73.8551,45.58],[-73.8542,45.5777],[-73.8531,45.5807]]],[[[-73.8128,45.6019],[-73.8117,45.6047],[-73.815,45.602],[-73.8128,45.6019]]],[[[-73.8944,45.3981],[-73.8971,45.3976],[-73.8921,45.3969],[-73.8944,45.3981]]],[[[-73.5904,45.4147],[-73.5955,45.4145],[-73.5933,45.4134],[-73.5904,45.4147]]],[[[-73.8749,45.4846],[-73.8778,45.4838],[-73.8772,45.4819],[-73.8749,45.4846]]],[[[-74.1668,45.2752],[-74.1693,45.2752],[-74.1678,45.2713],[-74.1668,45.2752]]],[[[-73.8506,45.577],[-73.8502,45.5802],[-73.8531,45.5775],[-73.8506,45.577]]],[[[-73.9734,45.4217],[-73.9763,45.4201],[-73.9713,45.4209],[-73.9734,45.4217]]],[[[-74.1865,45.2606],[-74.1881,45.262],[-74.1903,45.2601],[-74.1865,45.2606]]],[[[-74.0029,45.3798],[-74.0042,45.3784],[-74.0017,45.3767],[-74.0029,45.3798]]],[[[-73.5371,45.697],[-73.5318,45.6984],[-73.5408,45.6977],[-73.5371,45.697]]],[[[-73.4629,45.7125],[-73.4607,45.7148],[-73.466,45.7117],[-73.4629,45.7125]]],[[[-73.3427,45.7933],[-73.3403,45.7962],[-73.3458,45.7923],[-73.3427,45.7933]]],[[[-68.3942,49.0975],[-68.3942,49.0991],[-68.3999,49.0944],[-68.3942,49.0975]]],[[[-73.6112,45.6354],[-73.6085,45.6379],[-73.6142,45.6352],[-73.6112,45.6354]]],[[[-73.5268,45.5078],[-73.527,45.5112],[-73.5286,45.5051],[-73.5268,45.5078]]],[[[-68.7497,48.3669],[-68.7546,48.366],[-68.7554,48.3637],[-68.7497,48.3669]]],[[[-73.8866,45.5268],[-73.8902,45.525],[-73.8857,45.5238],[-73.8866,45.5268]]],[[[-73.2332,45.8712],[-73.2293,45.8748],[-73.235,45.8725],[-73.2332,45.8712]]],[[[-73.7163,45.681],[-73.7215,45.6797],[-73.7141,45.6797],[-73.7163,45.681]]],[[[-73.8036,45.6188],[-73.8088,45.6182],[-73.8059,45.6162],[-73.8036,45.6188]]],[[[-72.9796,46.0727],[-72.9778,46.0745],[-72.9857,46.0714],[-72.9796,46.0727]]],[[[-74.1748,45.2586],[-74.179,45.2575],[-74.1751,45.256],[-74.1748,45.2586]]],[[[-73.6045,45.6434],[-73.6092,45.6404],[-73.6007,45.6446],[-73.6045,45.6434]]],[[[-73.7539,45.5247],[-73.7581,45.522],[-73.754,45.5203],[-73.7539,45.5247]]],[[[-73.443,45.7088],[-73.4388,45.7127],[-73.4399,45.7148],[-73.443,45.7088]]],[[[-73.8038,45.6122],[-73.8006,45.6153],[-73.8067,45.614],[-73.8038,45.6122]]],[[[-73.5638,45.4071],[-73.5614,45.4078],[-73.5768,45.4067],[-73.5638,45.4071]]],[[[-73.8627,45.3228],[-73.859,45.3243],[-73.86,45.328],[-73.8627,45.3228]]],[[[-73.5431,45.6824],[-73.5401,45.6873],[-73.543,45.6857],[-73.5431,45.6824]]],[[[-73.8507,45.5165],[-73.855,45.5147],[-73.8485,45.5162],[-73.8507,45.5165]]],[[[-65.9493,50.2868],[-65.9531,50.2816],[-65.9494,50.2831],[-65.9493,50.2868]]],[[[-68.3714,49.1312],[-68.3748,49.1303],[-68.3778,49.1266],[-68.3714,49.1312]]],[[[-68.8871,48.416],[-68.8909,48.4165],[-68.8941,48.4138],[-68.8871,48.416]]],[[[-72.9944,46.107],[-73.0085,46.1055],[-73.002,46.1037],[-72.9944,46.107]]],[[[-73.7525,45.5179],[-73.7569,45.5146],[-73.7536,45.5144],[-73.7525,45.5179]]],[[[-73.8112,45.6083],[-73.8166,45.6071],[-73.8168,45.6037],[-73.8112,45.6083]]],[[[-73.5365,45.6831],[-73.5316,45.6904],[-73.5345,45.6886],[-73.5365,45.6831]]],[[[-73.3964,45.7589],[-73.3965,45.7608],[-73.4045,45.7581],[-73.3964,45.7589]]],[[[-73.5741,45.4272],[-73.5842,45.4251],[-73.5714,45.4263],[-73.5741,45.4272]]],[[[-73.4499,45.7093],[-73.4535,45.7069],[-73.4554,45.702],[-73.4499,45.7093]]],[[[-74.1721,45.2776],[-74.1743,45.2733],[-74.1706,45.2742],[-74.1721,45.2776]]],[[[-73.4763,45.6616],[-73.4808,45.661],[-73.4784,45.6564],[-73.4763,45.6616]]],[[[-73.4927,45.7036],[-73.499,45.7023],[-73.5,45.6999],[-73.4927,45.7036]]],[[[-68.3892,49.1099],[-68.3811,49.118],[-68.3899,49.1112],[-68.3892,49.1099]]],[[[-73.4641,45.7013],[-73.4624,45.7025],[-73.4699,45.7005],[-73.4641,45.7013]]],[[[-68.5777,48.4497],[-68.5912,48.4423],[-68.5813,48.4462],[-68.5777,48.4497]]],[[[-72.9558,46.089],[-72.9611,46.0872],[-72.9656,46.0821],[-72.9558,46.089]]],[[[-73.7933,45.6211],[-73.7921,45.6244],[-73.7987,45.6177],[-73.7933,45.6211]]],[[[-65.5856,50.2728],[-65.5936,50.2697],[-65.585,50.2701],[-65.5856,50.2728]]],[[[-73.8265,45.6096],[-73.8288,45.6083],[-73.8274,45.5993],[-73.8265,45.6096]]],[[[-72.3987,46.4112],[-72.4182,46.4075],[-72.4087,46.4083],[-72.3987,46.4112]]],[[[-73.7567,45.6591],[-73.7628,45.6575],[-73.7663,45.6533],[-73.7567,45.6591]]],[[[-73.8401,45.3384],[-73.8497,45.3396],[-73.8511,45.3354],[-73.8401,45.3384]]],[[[-74.169,45.2847],[-74.1763,45.281],[-74.1722,45.2799],[-74.169,45.2847]]],[[[-73.6547,45.6889],[-73.6584,45.6843],[-73.652,45.6881],[-73.6547,45.6889]]],[[[-73.4706,45.6993],[-73.4769,45.6955],[-73.472,45.6955],[-73.4706,45.6993]]],[[[-73.737,45.4333],[-73.7464,45.4322],[-73.7397,45.4306],[-73.737,45.4333]]],[[[-73.7463,45.5237],[-73.7536,45.5235],[-73.7513,45.5206],[-73.7463,45.5237]]],[[[-73.2945,45.858],[-73.2908,45.8597],[-73.284,45.868],[-73.2945,45.858]]],[[[-73.8153,45.6125],[-73.8209,45.6127],[-73.821,45.6091],[-73.8153,45.6125]]],[[[-73.8489,45.3335],[-73.8574,45.3311],[-73.8466,45.3334],[-73.8489,45.3335]]],[[[-73.9914,45.4027],[-73.9989,45.4019],[-73.9941,45.3986],[-73.9914,45.4027]]],[[[-73.5533,45.4049],[-73.5632,45.4064],[-73.5449,45.4034],[-73.5533,45.4049]]],[[[-73.4523,45.7183],[-73.4442,45.7258],[-73.4476,45.7256],[-73.4523,45.7183]]],[[[-73.4894,45.5735],[-73.4948,45.5706],[-73.501,45.5618],[-73.4894,45.5735]]],[[[-68.4096,49.0774],[-68.4063,49.0832],[-68.4153,49.078],[-68.4096,49.0774]]],[[[-73.4594,45.7106],[-73.4534,45.7168],[-73.4628,45.711],[-73.4594,45.7106]]],[[[-73.5371,45.6834],[-73.5352,45.689],[-73.5446,45.6796],[-73.5371,45.6834]]],[[[-73.833,45.3529],[-73.846,45.3405],[-73.8404,45.3411],[-73.833,45.3529]]],[[[-73.4676,45.6652],[-73.4668,45.6675],[-73.4764,45.6589],[-73.4676,45.6652]]],[[[-73.9616,45.4017],[-73.9683,45.3988],[-73.9563,45.4013],[-73.9616,45.4017]]],[[[-68.4001,49.0882],[-68.3937,49.095],[-68.4048,49.0853],[-68.4001,49.0882]]],[[[-73.6866,45.6866],[-73.6923,45.6876],[-73.7031,45.6812],[-73.6866,45.6866]]],[[[-73.9906,45.4219],[-74.001,45.4239],[-74.0043,45.4178],[-73.9906,45.4219]]],[[[-73.6949,45.4121],[-73.6862,45.4164],[-73.7108,45.41],[-73.6949,45.4121]]],[[[-73.4598,45.7088],[-73.4685,45.7078],[-73.4731,45.7018],[-73.4598,45.7088]]],[[[-73.8503,45.522],[-73.8622,45.52],[-73.8481,45.5172],[-73.8503,45.522]]],[[[-73.5716,45.426],[-73.5866,45.4226],[-73.5765,45.4213],[-73.5716,45.426]]],[[[-73.4049,45.7578],[-73.4148,45.7461],[-73.4035,45.7546],[-73.4049,45.7578]]],[[[-74.6408,45.0028],[-74.6515,45.0045],[-74.6612,44.9995],[-74.6408,45.0028]]],[[[-73.8947,45.4075],[-73.9017,45.4006],[-73.8861,45.4038],[-73.8947,45.4075]]],[[[-72.95,46.1054],[-72.9706,46.1023],[-72.9601,46.096],[-72.95,46.1054]]],[[[-73.4823,45.7121],[-73.4952,45.707],[-73.4857,45.705],[-73.4823,45.7121]]],[[[-74.0121,45.4364],[-74.032,45.4273],[-74.0214,45.4288],[-74.0121,45.4364]]],[[[-73.6454,45.6966],[-73.6568,45.691],[-73.6397,45.691],[-73.6454,45.6966]]],[[[-61.262,50.1838],[-61.279,50.1752],[-61.2648,50.174],[-61.262,50.1838]]],[[[-73.3468,45.8126],[-73.3426,45.8173],[-73.362,45.8047],[-73.3468,45.8126]]],[[[-74.5847,45.031],[-74.5995,45.0229],[-74.5787,45.0297],[-74.5847,45.031]]],[[[-66.3853,50.0952],[-66.3997,50.0876],[-66.3734,50.0881],[-66.3853,50.0952]]],[[[-70.781,46.9788],[-70.8031,46.9611],[-70.7804,46.9729],[-70.781,46.9788]]],[[[-66.3565,50.142],[-66.3647,50.1343],[-66.3457,50.1258],[-66.3565,50.142]]],[[[-72.9894,46.0994],[-72.9976,46.104],[-73.0343,46.0784],[-72.9894,46.0994]],[[-73.5351,45.5272],[-73.5328,45.5313],[-73.5337,45.5063],[-73.5351,45.5272]]],[[[-73.455,45.6605],[-73.4501,45.673],[-73.4695,45.6479],[-73.455,45.6605]]],[[[-73.6673,45.692],[-73.689,45.6904],[-73.6572,45.6895],[-73.6673,45.692]]],[[[-66.2986,50.1718],[-66.3102,50.1614],[-66.2903,50.1619],[-66.2986,50.1718]]],[[[-72.9895,46.0884],[-73.0128,46.0743],[-73.0,46.0755],[-72.9895,46.0884]]],[[[-74.562,45.0326],[-74.5902,45.0227],[-74.5702,45.0225],[-74.562,45.0326]]],[[[-70.6572,47.039],[-70.6829,47.0216],[-70.6707,47.0195],[-70.6572,47.039]]],[[[-68.5833,48.462],[-68.5437,48.4864],[-68.6029,48.454],[-68.5833,48.462]]],[[[-70.7114,47.0244],[-70.7335,47.0181],[-70.7602,47.001],[-70.7114,47.0244]]],[[[-73.4745,45.6355],[-73.4921,45.6107],[-73.4915,45.5921],[-73.4745,45.6355]]],[[[-66.3826,50.1047],[-66.4228,50.1109],[-66.394,50.0941],[-66.3826,50.1047]]],[[[-73.4556,45.6432],[-73.4735,45.6194],[-73.462,45.619],[-73.4556,45.6432]]],[[[-73.47,45.593],[-73.462,45.6045],[-73.4955,45.579],[-73.47,45.593]]],[[[-73.3616,45.7857],[-73.3781,45.7879],[-73.4048,45.7588],[-73.3616,45.7857]]],[[[-74.2612,45.5208],[-74.3058,45.5077],[-74.2473,45.5117],[-74.2612,45.5208]]],[[[-73.4619,45.6168],[-73.4789,45.6179],[-73.4861,45.5951],[-73.4619,45.6168]]],[[[-66.0803,58.8538],[-66.1087,58.8475],[-66.0589,58.8422],[-66.0803,58.8538]]],[[[-58.5728,51.1252],[-58.5986,51.1131],[-58.5778,51.099],[-58.5728,51.1252]]],[[[-73.5383,45.475],[-73.5602,45.4458],[-73.5319,45.4669],[-73.5383,45.475]]],[[[-66.3615,50.1758],[-66.3774,50.1536],[-66.3593,50.1457],[-66.3615,50.1758]]],[[[-61.6888,47.2883],[-61.7143,47.2685],[-61.6907,47.2692],[-61.6888,47.2883]]],[[[-58.3198,51.2251],[-58.3573,51.1983],[-58.3089,51.2162],[-58.3198,51.2251]]],[[[-59.4176,50.5859],[-59.461,50.5798],[-59.4184,50.5832],[-59.4456,50.5749],[-59.4188,50.5549],[-59.4176,50.5859]]],[[[-60.0115,50.2243],[-60.0453,50.1921],[-60.0124,50.2059],[-60.0115,50.2243]]],[[[-73.5262,45.5214],[-73.5159,45.4149],[-73.7207,45.4088],[-73.5153,45.4145],[-73.5262,45.5214]],[[-73.5261,45.5002],[-73.5264,45.4998],[-73.5276,45.5005],[-73.5261,45.5002]],[[-73.5253,45.5112],[-73.527,45.5171],[-73.5199,45.4981],[-73.5253,45.5112]],[[-73.5237,45.5003],[-73.5288,45.5042],[-73.5271,45.5114],[-73.5237,45.5003]]],[[[-66.2822,50.1566],[-66.3093,50.1261],[-66.2734,50.1373],[-66.2822,50.1566]]],[[[-63.0643,50.2575],[-63.0811,50.2349],[-63.0467,50.241],[-63.0643,50.2575]]],[[[-64.1555,48.5045],[-64.1766,48.4878],[-64.1498,48.4875],[-64.1555,48.5045]]],[[[-59.1032,50.794],[-59.1437,50.7757],[-59.1111,50.7801],[-59.1161,50.7536],[-59.1032,50.794]]],[[[-63.7474,50.2282],[-63.7695,50.2193],[-63.7476,50.195],[-63.7474,50.2282]]],[[[-77.5502,58.2216],[-77.5949,58.2221],[-77.5115,58.2093],[-77.5502,58.2216]]],[[[-65.7,59.1433],[-65.722,59.1464],[-65.6621,59.1133],[-65.7,59.1433]]],[[[-79.5785,54.597],[-79.6262,54.5647],[-79.5632,54.5768],[-79.6043,54.573],[-79.5785,54.597]]],[[[-79.4308,54.1818],[-79.5076,54.1678],[-79.497,54.1563],[-79.4308,54.1818]]],[[[-58.6508,51.1143],[-58.6651,51.0831],[-58.6303,51.1021],[-58.6508,51.1143]]],[[[-72.9618,46.0957],[-73.0246,46.0652],[-72.9779,46.0753],[-72.9618,46.0957]]],[[[-79.1944,54.0845],[-79.2865,54.0767],[-79.1632,54.0793],[-79.1944,54.0845]]],[[[-68.8422,48.4155],[-68.8896,48.3869],[-68.8491,48.3965],[-68.8422,48.4155]]],[[[-71.7112,61.5297],[-71.7532,61.517],[-71.6803,61.5188],[-71.7112,61.5297]]],[[[-60.0759,50.201],[-60.1227,50.1763],[-60.0652,50.1825],[-60.0759,50.201]]],[[[-73.459,45.6912],[-73.4769,45.6938],[-73.481,45.6611],[-73.459,45.6912]]],[[[-65.729,59.0832],[-65.7576,59.0625],[-65.6936,59.0586],[-65.729,59.0832]]],[[[-58.5495,51.2069],[-58.5748,51.1883],[-58.5113,51.1807],[-58.5495,51.2069]]],[[[-73.0485,46.1318],[-73.0736,46.092],[-73.0439,46.1137],[-73.0485,46.1318]]],[[[-63.3133,50.2156],[-63.356,50.2057],[-63.2824,50.1975],[-63.3382,50.2053],[-63.3133,50.2156]]],[[[-77.6532,59.7075],[-77.7127,59.6966],[-77.6147,59.6931],[-77.6532,59.7075]]],[[[-65.8903,59.0076],[-65.9276,58.9837],[-65.862,58.9755],[-65.8903,59.0076]]],[[[-61.4208,47.7985],[-61.4567,47.8024],[-61.5124,47.7812],[-61.4208,47.7985]]],[[[-78.5545,58.824],[-78.6274,58.8048],[-78.5609,58.7941],[-78.5545,58.824]]],[[[-65.5745,59.4431],[-65.5425,59.4041],[-65.5017,59.4081],[-65.5745,59.4431]]],[[[-69.4195,58.9877],[-69.4451,58.9732],[-69.4045,58.9449],[-69.3904,58.9733],[-69.4195,58.9877]]],[[[-63.7897,50.2127],[-63.8419,50.2216],[-63.8277,50.1978],[-63.7897,50.2127]]],[[[-65.2592,59.8612],[-65.3094,59.8585],[-65.2281,59.8492],[-65.2592,59.8612]]],[[[-73.2853,45.8437],[-73.3769,45.7881],[-73.3525,45.7931],[-73.2853,45.8437]]],[[[-79.093,53.7118],[-79.1556,53.7049],[-79.0517,53.6879],[-79.093,53.7118]]],[[[-58.8582,50.8276],[-58.8955,50.7832],[-58.8462,50.7854],[-58.8582,50.8276]]],[[[-69.7003,47.884],[-69.6864,47.9032],[-69.7757,47.7994],[-69.7003,47.884]]],[[[-63.5966,50.2286],[-63.6602,50.2173],[-63.606,50.2064],[-63.5966,50.2286]]],[[[-65.764,59.1849],[-65.8171,59.1587],[-65.7573,59.1524],[-65.764,59.1849]]],[[[-73.0126,46.1105],[-73.0661,46.0713],[-73.0404,46.0716],[-73.0126,46.1105]]],[[[-65.5907,59.4024],[-65.6379,59.4011],[-65.5612,59.3454],[-65.5907,59.4024]]],[[[-59.7974,50.4136],[-59.8425,50.3738],[-59.7834,50.3962],[-59.7974,50.4136]]],[[[-69.6583,59.9578],[-69.6907,59.9172],[-69.6354,59.9171],[-69.6583,59.9578]]],[[[-73.1295,46.1055],[-73.1183,46.1218],[-73.177,46.0467],[-73.1295,46.1055]]],[[[-57.7056,51.4449],[-57.7552,51.419],[-57.7249,51.4016],[-57.7056,51.4449]]],[[[-58.3263,51.2686],[-58.3471,51.2668],[-58.3285,51.2347],[-58.2817,51.2329],[-58.3263,51.2686]]],[[[-77.8449,61.6743],[-77.9358,61.6726],[-77.8028,61.6442],[-77.8449,61.6743]]],[[[-58.4405,51.3044],[-58.505,51.279],[-58.4219,51.2833],[-58.4405,51.3044]]],[[[-69.3889,48.0634],[-69.4241,48.0516],[-69.4956,47.9863],[-69.3889,48.0634]]],[[[-59.4463,50.5698],[-59.5051,50.5433],[-59.4378,50.5335],[-59.4202,50.5472],[-59.4463,50.5698]]],[[[-69.1161,59.1392],[-69.1468,59.1143],[-69.0822,59.0677],[-69.1161,59.1392]]],[[[-78.381,58.9545],[-78.4663,58.947],[-78.4726,58.9184],[-78.4048,58.9197],[-78.381,58.9545]]],[[[-73.0752,46.1183],[-73.1543,46.0553],[-73.082,46.0837],[-73.0752,46.1183]]],[[[-63.103,50.2322],[-63.1985,50.2094],[-63.1089,50.2089],[-63.103,50.2322]]],[[[-78.5241,58.6317],[-78.5935,58.6405],[-78.6176,58.6156],[-78.494,58.6186],[-78.5241,58.6317]]],[[[-58.5582,51.168],[-58.6607,51.1166],[-58.6176,51.1127],[-58.6038,51.1448],[-58.5897,51.1254],[-58.5582,51.168]]],[[[-73.039,46.1459],[-73.1107,46.1295],[-73.1551,46.0603],[-73.039,46.1459]]],[[[-58.4316,51.169],[-58.5764,51.1286],[-58.5305,51.1149],[-58.4316,51.169]]],[[[-58.3659,51.2568],[-58.4386,51.2126],[-58.3469,51.2147],[-58.3659,51.2568]]],[[[-70.4214,47.1686],[-70.5053,47.1282],[-70.5752,47.0402],[-70.4214,47.1686]]],[[[-73.8641,45.5185],[-73.9443,45.4758],[-73.8911,45.4719],[-73.8641,45.5185]]],[[[-63.8853,50.2413],[-63.9257,50.2322],[-63.9229,50.2058],[-63.8532,50.1924],[-63.8853,50.2413]]],[[[-61.7024,47.5008],[-61.8401,47.4063],[-61.7718,47.3906],[-61.7024,47.5008]]],[[[-58.6758,51.1135],[-58.8052,51.0632],[-58.8018,51.0266],[-58.7785,51.0154],[-58.7617,51.0727],[-58.6941,51.0737],[-58.6758,51.1135]]],[[[-70.3156,47.4261],[-70.39,47.4225],[-70.4311,47.3699],[-70.3156,47.4261]]],[[[-73.5428,45.5046],[-73.6917,45.4301],[-73.5956,45.4231],[-73.5428,45.5046]],[[-73.5783,45.4703],[-73.5996,45.4361],[-73.6318,45.4159],[-73.5783,45.4703]]],[[[-73.9002,45.3953],[-74.0009,45.3837],[-73.9569,45.3491],[-73.852,45.3659],[-73.9002,45.3953]]],[[[-59.3321,50.6447],[-59.3916,50.6305],[-59.3771,50.5795],[-59.3308,50.6104],[-59.3556,50.5221],[-59.2919,50.5573],[-59.3321,50.6447]]],[[[-58.4202,51.2771],[-58.5216,51.2687],[-58.5772,51.2251],[-58.4104,51.2302],[-58.4202,51.2771]]],[[[-61.409,47.6311],[-61.5549,47.6209],[-61.936,47.4055],[-61.9636,47.3008],[-61.9396,47.3084],[-61.9155,47.25],[-61.9841,47.2798],[-62.02,47.2286],[-61.8164,47.2289],[-61.9317,47.2875],[-61.931,47.3388],[-61.851,47.3762],[-61.8622,47.4242],[-61.5531,47.6193],[-61.4425,47.6321],[-61.4839,47.6139],[-61.4795,47.5747],[-61.5625,47.5567],[-61.5432,47.5416],[-61.3904,47.6139],[-61.409,47.6311]]],[[[-69.2375,59.1626],[-69.3474,59.1346],[-69.2723,59.0741],[-69.3427,58.9407],[-69.2726,58.9835],[-69.2223,58.9523],[-69.1564,59.0411],[-69.0898,59.0593],[-69.1831,59.0748],[-69.1641,59.1463],[-69.2375,59.1626]]],[[[-70.7969,47.0234],[-70.9382,46.9964],[-71.1411,46.8487],[-71.003,46.8583],[-70.8792,46.9271],[-70.7969,47.0234]]],[[[-73.5291,45.698],[-73.733,45.6761],[-73.8814,45.5588],[-73.8857,45.5261],[-73.7672,45.5126],[-73.5291,45.698]]],[[[-73.4782,45.701],[-73.6191,45.6314],[-73.6793,45.5487],[-73.7605,45.5063],[-73.8459,45.5165],[-73.9747,45.4258],[-73.9474,45.4022],[-73.7923,45.4482],[-73.6691,45.431],[-73.5856,45.4693],[-73.5058,45.5807],[-73.4782,45.701]]],[[[-74.3792,45.5616],[-74.4719,45.3027],[-74.3435,45.2054],[-74.1808,45.2818],[-74.1702,45.2534],[-74.1302,45.2589],[-74.1631,45.2358],[-74.0042,45.234],[-73.9176,45.3186],[-73.9761,45.3198],[-73.9496,45.3321],[-74.0062,45.3647],[-74.0078,45.4235],[-74.2386,45.4957],[-74.3358,45.4965],[-74.3792,45.5616]],[[-74.0442,45.2907],[-74.0993,45.2567],[-74.1296,45.2595],[-74.0442,45.2907]],[[-73.9806,45.3251],[-73.987,45.3052],[-74.0344,45.3017],[-73.9806,45.3251]],[[-74.0441,45.3027],[-74.1864,45.2703],[-74.1717,45.2991],[-74.0441,45.3027]]],[[[-62.6874,49.6427],[-63.0847,49.7675],[-63.871,49.8769],[-64.1495,49.9521],[-64.4632,49.9131],[-64.5244,49.8639],[-64.4142,49.7996],[-64.3808,49.7927],[-64.3934,49.8299],[-64.3607,49.8278],[-64.2716,49.7587],[-63.8236,49.6367],[-63.6341,49.5127],[-63.5746,49.4088],[-63.596,49.3914],[-63.2945,49.3233],[-63.0772,49.2265],[-62.7602,49.1585],[-62.5374,49.1471],[-62.2475,49.0622],[-61.9998,49.0876],[-61.8253,49.0639],[-61.7007,49.0845],[-61.6692,49.1331],[-61.8956,49.3518],[-62.0,49.3374],[-61.9741,49.3659],[-62.0618,49.3871],[-62.0888,49.3774],[-62.102,49.2911],[-62.1359,49.2892],[-62.1021,49.2912],[-62.0891,49.3776],[-62.1801,49.3963],[-62.2083,49.3456],[-62.1803,49.3965],[-62.2466,49.422],[-62.2534,49.4551],[-62.3966,49.4846],[-62.5135,49.5882],[-62.6874,49.6427]]],[[[-64.8506,49.187],[-65.5552,49.2569],[-66.2388,49.197],[-66.6499,49.1136],[-67.1614,48.9421],[-67.5775,48.8491],[-67.9617,48.6847],[-68.0624,48.6729],[-68.1393,48.6186],[-68.1655,48.6446],[-68.4732,48.5207],[-68.5395,48.4453],[-68.7586,48.3539],[-68.7532,48.3757],[-68.8192,48.3659],[-68.8053,48.3471],[-68.9528,48.2905],[-69.3477,48.0137],[-69.3935,48.0184],[-69.5131,47.9408],[-69.628,47.7484],[-69.903,47.5268],[-70.0249,47.4862],[-70.0556,47.3737],[-70.1934,47.309],[-70.3094,47.1598],[-70.5,47.01],[-70.9873,46.8348],[-71.1638,46.8333],[-71.2075,46.7736],[-71.3466,46.7182],[-71.693,46.629],[-71.7776,46.6299],[-71.8464,46.6709],[-72.0137,46.5633],[-72.1644,46.5387],[-72.2477,46.418],[-72.4481,46.3764],[-72.6657,46.2433],[-72.6662,46.1933],[-72.9176,46.129],[-72.914,46.0684],[-72.9472,46.1171],[-72.9797,46.0721],[-73.1482,46.0417],[-73.2305,45.8651],[-73.4326,45.7149],[-73.4409,45.6714],[-73.4191,45.6723],[-73.527,45.5335],[-73.4911,45.4315],[-73.5117,45.4066],[-73.7558,45.4022],[-73.8268,45.3294],[-73.9133,45.3237],[-73.9926,45.2287],[-74.1579,45.225],[-74.2227,45.1756],[-74.3221,45.1673],[-74.408,45.126],[-74.402,45.0889],[-74.4321,45.0907],[-74.4656,45.0344],[-74.6374,44.9993],[-71.5053,45.0134],[-71.4977,45.0706],[-71.4295,45.1225],[-71.3974,45.2032],[-71.4422,45.2385],[-71.3846,45.2331],[-71.2966,45.2991],[-71.23,45.2495],[-71.147,45.2396],[-71.0976,45.3018],[-71.0089,45.3193],[-71.0096,45.3476],[-70.9189,45.3125],[-70.893,45.2387],[-70.8387,45.2339],[-70.8021,45.3667],[-70.826,45.3984],[-70.7962,45.4277],[-70.6598,45.3775],[-70.6218,45.4031],[-70.7172,45.4883],[-70.6874,45.5685],[-70.5577,45.667],[-70.4002,45.72],[-70.4171,45.7952],[-70.2593,45.8895],[-70.239,45.9441],[-70.315,45.9626],[-70.2843,45.9956],[-70.3178,46.0187],[-70.279,46.0559],[-70.3019,46.0822],[-70.2525,46.1005],[-70.2362,46.1452],[-70.2925,46.1915],[-70.1918,46.3497],[-70.0564,46.4156],[-69.9971,46.6958],[-69.2238,47.4597],[-69.0436,47.4273],[-69.051,47.3001],[-68.5681,47.4272],[-68.3835,47.5531],[-68.3823,47.9161],[-68.1228,47.9165],[-68.1226,47.9999],[-67.598,47.9998],[-67.5929,47.9244],[-67.3743,47.8438],[-67.3369,47.8717],[-67.3484,47.8956],[-67.2108,47.8755],[-67.059,47.9356],[-66.956,47.8926],[-66.9638,47.9431],[-66.9213,47.9846],[-66.5795,48.0446],[-66.4752,48.1211],[-66.3584,48.1083],[-66.2954,48.0644],[-66.2834,48.1174],[-66.0994,48.0978],[-66.1251,48.0852],[-65.9071,48.2031],[-65.9,48.1697],[-65.8314,48.1712],[-65.8553,48.1523],[-65.8135,48.1221],[-65.5521,48.0747],[-65.4484,48.0038],[-65.1683,48.0428],[-64.9486,48.1513],[-64.9987,48.182],[-64.9633,48.1829],[-64.9802,48.1986],[-64.9372,48.1766],[-64.773,48.2063],[-64.7404,48.2806],[-64.6959,48.3044],[-64.7358,48.3396],[-64.6922,48.3274],[-64.6015,48.3863],[-64.3173,48.4182],[-64.3148,48.4737],[-64.2047,48.5248],[-64.2895,48.5534],[-64.2742,48.6162],[-64.2943,48.5668],[-64.3305,48.6107],[-64.168,48.6236],[-64.3764,48.7687],[-64.402,48.824],[-64.5,48.8471],[-64.4899,48.8701],[-64.3753,48.8494],[-64.1631,48.7486],[-64.2166,48.7991],[-64.2005,48.8561],[-64.2406,48.8996],[-64.5057,49.0685],[-64.8506,49.187]]],[[[-73.6711,62.4801],[-73.8456,62.465],[-73.9901,62.3607],[-74.175,62.3201],[-74.1942,62.3383],[-74.3528,62.2558],[-74.7065,62.2552],[-74.7482,62.2092],[-74.5365,62.1021],[-74.7201,62.1587],[-74.7698,62.1324],[-74.7449,62.1731],[-74.8554,62.1928],[-74.847,62.2207],[-74.9152,62.2532],[-75.0609,62.2721],[-75.1283,62.2193],[-75.1182,62.2801],[-75.342,62.3169],[-75.4145,62.3072],[-75.3785,62.25],[-75.4531,62.3037],[-75.5313,62.2498],[-75.8079,62.1786],[-75.7754,62.1522],[-75.8123,62.1785],[-75.8851,62.166],[-75.5613,62.2719],[-75.9483,62.3526],[-76.0265,62.3049],[-76.0251,62.3552],[-76.1159,62.3333],[-76.1083,62.3771],[-76.5535,62.4576],[-76.5754,62.4234],[-76.6081,62.4578],[-76.6607,62.4335],[-76.6647,62.4669],[-76.6338,62.4778],[-76.7974,62.5225],[-76.8649,62.5251],[-76.8826,62.4831],[-76.8946,62.533],[-76.9551,62.5056],[-76.9229,62.5372],[-77.0556,62.5335],[-77.0606,62.4982],[-77.0823,62.5334],[-77.1556,62.5075],[-77.189,62.5443],[-77.3662,62.5597],[-77.391,62.5249],[-77.3695,62.5],[-77.4244,62.5808],[-77.5119,62.5819],[-77.5775,62.5127],[-77.6754,62.5126],[-77.7231,62.4654],[-77.8946,62.4272],[-77.8757,62.4045],[-77.9316,62.4236],[-77.8971,62.379],[-77.9809,62.3477],[-77.9267,62.3888],[-78.0048,62.3778],[-78.0387,62.3396],[-78.0396,62.3636],[-78.0901,62.3627],[-78.1387,62.314],[-78.098,62.3026],[-78.1477,62.3044],[-78.1946,62.2559],[-78.1242,62.2953],[-78.1776,62.1863],[-78.1586,62.0134],[-78.0821,61.9308],[-78.0926,61.8668],[-78.0254,61.788],[-78.0043,61.7059],[-77.9375,61.679],[-77.7849,61.6891],[-77.7872,61.6472],[-77.7281,61.5929],[-77.5883,61.6083],[-77.6007,61.5857],[-77.5704,61.5769],[-77.6551,61.5718],[-77.4953,61.5477],[-77.5043,61.5193],[-77.6081,61.5579],[-77.7106,61.544],[-77.7042,61.5152],[-77.5517,61.4811],[-77.7201,61.4669],[-77.6915,61.4593],[-77.7171,61.4251],[-77.6113,61.3978],[-77.6394,61.3862],[-77.6947,61.3841],[-77.6752,61.4106],[-77.8128,61.463],[-77.786,61.3779],[-77.759,61.3761],[-77.7744,61.3217],[-77.7277,61.3287],[-77.7747,61.3077],[-77.7341,61.2885],[-77.7709,61.2808],[-77.7515,61.2344],[-77.7932,61.2394],[-77.7198,61.2208],[-77.7089,61.1761],[-77.7832,61.1791],[-77.8261,61.1443],[-77.8292,61.0504],[-77.9123,61.0408],[-78.0066,60.9572],[-78.0958,60.9298],[-78.1996,60.8526],[-78.2262,60.8102],[-78.1719,60.8195],[-78.2269,60.7843],[-78.0734,60.8164],[-78.0926,60.7933],[-77.9904,60.7755],[-77.8446,60.7993],[-77.8931,60.774],[-77.8271,60.776],[-77.8716,60.7602],[-77.5109,60.8426],[-77.7735,60.7596],[-77.649,60.7859],[-77.7912,60.7401],[-77.6083,60.7638],[-77.8376,60.6389],[-77.7988,60.5923],[-77.6758,60.5422],[-77.5153,60.5616],[-77.4196,60.5373],[-77.5809,60.5395],[-77.5855,60.4975],[-77.7234,60.4552],[-77.6968,60.433],[-77.7756,60.3856],[-77.653,60.3657],[-77.6528,60.3297],[-77.5954,60.324],[-77.593,60.2754],[-77.5,60.268],[-77.5831,60.2526],[-77.535,60.2536],[-77.5146,60.2093],[-77.4632,60.2002],[-77.5799,60.1993],[-77.4384,60.1178],[-77.6154,60.111],[-77.5944,60.0649],[-77.6364,60.0575],[-77.4444,60.0272],[-77.4435,60.0535],[-77.3924,60.0578],[-77.3311,60.0151],[-77.1903,60.0462],[-77.2403,60.01],[-77.3381,60.0075],[-77.2405,59.9846],[-77.4119,59.9397],[-77.3376,59.9403],[-77.4195,59.9232],[-77.381,59.9311],[-77.3689,59.9056],[-77.4598,59.9204],[-77.363,59.8894],[-77.3936,59.881],[-77.3513,59.8287],[-77.2979,59.8288],[-77.3591,59.806],[-77.2772,59.7996],[-77.4495,59.784],[-77.5106,59.7322],[-77.5699,59.7559],[-77.5588,59.7132],[-77.4721,59.7015],[-77.573,59.6929],[-77.501,59.6709],[-77.5,59.6368],[-77.8096,59.7072],[-77.7639,59.6857],[-77.827,59.6784],[-77.7924,59.6224],[-77.709,59.6052],[-77.7611,59.5755],[-77.7108,59.5437],[-77.8903,59.5069],[-77.9101,59.4902],[-77.886,59.4714],[-77.91,59.4696],[-77.8391,59.4351],[-77.952,59.4051],[-77.9286,59.3851],[-77.9116,59.4108],[-77.7203,59.4183],[-77.7528,59.4047],[-77.6411,59.3704],[-77.8473,59.3632],[-77.7712,59.3167],[-77.8429,59.321],[-77.8145,59.3035],[-77.8394,59.2998],[-77.827,59.2797],[-77.9201,59.3076],[-77.8424,59.2793],[-77.9488,59.2613],[-77.9101,59.2534],[-77.9233,59.2366],[-77.9882,59.2621],[-78.0243,59.2446],[-77.9156,59.2309],[-77.935,59.2078],[-78.055,59.23],[-78.1518,59.1983],[-78.096,59.1852],[-78.1487,59.1762],[-78.1197,59.149],[-78.1887,59.1364],[-78.0729,59.0852],[-78.2085,59.0677],[-78.2425,59.1076],[-78.2195,59.0435],[-78.3168,59.05],[-78.2828,58.9779],[-78.3489,58.9437],[-78.2534,58.9267],[-78.3504,58.9229],[-78.351,58.8915],[-78.4682,58.9163],[-78.4729,58.8593],[-78.5135,58.8357],[-78.4785,58.8939],[-78.5471,58.8622],[-78.5051,58.9307],[-78.5364,58.9478],[-78.5762,58.9196],[-78.5578,58.8444],[-78.514,58.835],[-78.5076,58.7987],[-78.5307,58.7962],[-78.5024,58.7706],[-78.5356,58.7751],[-78.3421,58.7021],[-78.4746,58.7096],[-78.4374,58.7139],[-78.4414,58.7417],[-78.5313,58.7506],[-78.5574,58.7931],[-78.586,58.7743],[-78.4905,58.7169],[-78.4924,58.6847],[-78.5549,58.6926],[-78.4856,58.6571],[-78.5975,58.6754],[-78.5662,58.6658],[-78.5829,58.6435],[-78.4952,58.6306],[-78.4617,58.5799],[-78.4818,58.5765],[-78.4266,58.5414],[-78.3473,58.5334],[-78.4478,58.5767],[-78.4277,58.5986],[-78.4744,58.6368],[-78.3239,58.6186],[-78.3945,58.5902],[-78.3224,58.5569],[-78.3086,58.5127],[-78.2226,58.5416],[-78.2857,58.5681],[-78.2101,58.5582],[-78.241,58.4943],[-78.1763,58.4496],[-78.0965,58.4616],[-78.103,58.4275],[-78.0075,58.391],[-78.0689,58.3809],[-77.9781,58.344],[-77.8567,58.3307],[-77.8814,58.3238],[-77.5778,58.2243],[-77.5,58.2832],[-77.542,58.2293],[-77.4465,58.1647],[-77.5275,58.1607],[-77.219,58.0226],[-77.061,58.0016],[-77.0,58.0213],[-77.2004,58.0012],[-77.0919,57.9404],[-77.0504,57.8673],[-76.9276,57.7697],[-76.8333,57.6657],[-76.8672,57.6273],[-76.7409,57.4704],[-76.7605,57.4606],[-76.6616,57.4069],[-76.6878,57.3867],[-76.628,57.3137],[-76.55,57.0959],[-76.5693,56.9242],[-76.5427,56.9098],[-76.5189,56.7866],[-76.5564,56.5185],[-76.5178,56.4521],[-76.5595,56.3496],[-76.548,56.3013],[-76.6262,56.2377],[-76.6219,56.196],[-76.6707,56.1938],[-76.6411,56.1903],[-76.6417,56.1467],[-76.6907,56.0481],[-76.7985,56.0011],[-76.8302,55.9299],[-77.1976,55.6679],[-77.0776,55.7192],[-77.1233,55.6614],[-77.5526,55.3959],[-77.6737,55.3585],[-77.7843,55.2645],[-78.1272,55.1496],[-78.3166,55.042],[-78.8929,54.8951],[-78.9802,54.8329],[-79.464,54.7417],[-79.4495,54.7592],[-79.7629,54.6324],[-79.6441,54.6372],[-79.6565,54.6118],[-79.5696,54.6313],[-79.5891,54.6018],[-79.5404,54.62],[-79.556,54.5934],[-79.5025,54.5886],[-79.591,54.5533],[-79.5,54.5374],[-79.5415,54.5004],[-79.4924,54.496],[-79.5197,54.4855],[-79.4912,54.4638],[-79.5353,54.4604],[-79.4818,54.4562],[-79.4742,54.4254],[-79.504,54.414],[-79.4622,54.408],[-79.5038,54.4039],[-79.4818,54.3943],[-79.5101,54.3654],[-79.4735,54.365],[-79.4618,54.3262],[-79.4008,54.336],[-79.4625,54.3255],[-79.4828,54.2916],[-79.4184,54.3006],[-79.4299,54.2675],[-79.3604,54.2703],[-79.4208,54.2495],[-79.2819,54.235],[-79.3933,54.1764],[-79.2117,54.1929],[-79.2524,54.1877],[-79.2179,54.1696],[-79.2553,54.1419],[-79.0585,54.1688],[-79.1168,54.1386],[-79.0572,54.0923],[-79.1773,54.0832],[-79.0766,54.0627],[-79.1122,54.0617],[-79.0732,54.0547],[-79.1127,54.0474],[-79.0736,54.0437],[-79.0933,54.0236],[-79.0,54.0417],[-79.04,54.0244],[-78.9615,53.9977],[-79.1033,53.9689],[-79.038,53.9665],[-79.1069,53.9497],[-79.0402,53.9347],[-79.1321,53.9451],[-78.9852,53.8999],[-79.1144,53.8917],[-79.0589,53.8784],[-79.0844,53.8692],[-79.0602,53.8416],[-79.0,53.8441],[-79.0652,53.8228],[-79.0,53.814],[-79.0811,53.7956],[-79.0365,53.7856],[-79.0796,53.7359],[-79.0128,53.7267],[-79.0853,53.7142],[-78.9815,53.7014],[-79.0908,53.7076],[-78.9977,53.6742],[-79.0538,53.6627],[-78.9965,53.6336],[-79.0398,53.608],[-79.0172,53.6272],[-79.0488,53.6285],[-79.0706,53.5887],[-78.9985,53.6164],[-78.9534,53.598],[-78.9748,53.5705],[-78.884,53.5565],[-78.9628,53.5372],[-79.0363,53.5604],[-78.9959,53.5332],[-79.1365,53.5026],[-79.0893,53.4866],[-79.0945,53.4541],[-79.0479,53.4544],[-79.0705,53.4297],[-78.9862,53.442],[-79.0653,53.4078],[-78.9914,53.4266],[-78.977,53.398],[-78.9311,53.405],[-78.9584,53.3634],[-78.924,53.3579],[-78.9824,53.3445],[-78.9449,53.2947],[-78.9835,53.2745],[-78.9199,53.2722],[-78.95,53.2368],[-78.9004,53.2225],[-78.9701,53.1716],[-78.9267,53.1649],[-78.9908,53.0716],[-78.9219,53.0577],[-78.9924,53.0171],[-78.9093,52.9962],[-78.9318,52.983],[-78.8754,52.982],[-78.8566,53.0009],[-78.891,52.9989],[-78.8483,53.0175],[-78.8022,53.0],[-78.8564,52.9879],[-78.7937,52.9871],[-78.8351,52.9646],[-78.7793,52.9556],[-78.9118,52.9156],[-78.8721,52.9018],[-78.8712,52.8595],[-78.7071,52.8692],[-78.7935,52.8139],[-78.7213,52.8186],[-78.7503,52.7967],[-78.715,52.7759],[-78.7891,52.7795],[-78.7967,52.7549],[-78.8341,52.7786],[-78.8717,52.7421],[-78.7716,52.7319],[-78.7955,52.72],[-78.7763,52.7009],[-78.8267,52.7001],[-78.8091,52.6832],[-78.7362,52.6882],[-78.7418,52.6567],[-78.8149,52.6392],[-78.7087,52.6221],[-78.7333,52.5921],[-78.7,52.5932],[-78.7691,52.5457],[-78.5522,52.521],[-78.5651,52.4729],[-78.5,52.4772],[-78.5,52.4449],[-78.5486,52.4372],[-78.5059,52.4132],[-78.5434,52.3718],[-78.5023,52.3473],[-78.5794,52.254],[-78.518,52.242],[-78.5764,52.2088],[-78.5458,52.2067],[-78.5383,52.1604],[-78.5822,52.1036],[-78.5,52.0759],[-78.5779,52.1035],[-78.6605,52.0772],[-78.646,52.052],[-78.7154,52.0508],[-78.6786,52.0],[-78.721,52.0191],[-78.7285,51.9661],[-78.7932,51.9663],[-78.8997,51.9058],[-78.834,51.8631],[-78.8531,51.8237],[-79.0444,51.7635],[-78.944,51.6927],[-78.9277,51.6459],[-78.8699,51.6321],[-78.7626,51.6705],[-78.8717,51.6313],[-78.808,51.5998],[-78.8275,51.5104],[-78.7634,51.4831],[-78.8936,51.3918],[-78.8696,51.3333],[-78.9251,51.25],[-78.9497,51.25],[-78.9315,51.2761],[-78.9806,51.4605],[-79.0956,51.5329],[-79.2451,51.545],[-79.2269,51.6446],[-79.3612,51.6573],[-79.5396,51.553],[-79.5234,51.504],[-79.549,51.5142],[-79.5143,51.486],[-79.5105,47.5436],[-79.5869,47.4331],[-79.4268,47.2501],[-79.435,47.0842],[-79.2237,46.8427],[-79.1708,46.8252],[-79.0943,46.6883],[-79.0153,46.6269],[-78.9899,46.5489],[-78.8927,46.4619],[-78.7271,46.3829],[-78.7115,46.326],[-78.3884,46.2917],[-78.3096,46.2532],[-78.1351,46.2747],[-77.7956,46.1976],[-77.675,46.1985],[-77.2791,46.0155],[-77.2784,45.9489],[-77.1903,45.8639],[-76.9877,45.7866],[-76.9134,45.8037],[-76.9275,45.8469],[-76.901,45.8533],[-76.9276,45.8923],[-76.7831,45.8735],[-76.7703,45.7341],[-76.6928,45.7087],[-76.7119,45.6655],[-76.6593,45.5607],[-76.366,45.4578],[-76.2451,45.4686],[-76.201,45.5189],[-76.0899,45.5139],[-75.8178,45.3727],[-75.6832,45.4591],[-75.2364,45.5869],[-75.0355,45.5938],[-74.9283,45.6457],[-74.6359,45.6386],[-74.3806,45.5697],[-74.327,45.5103],[-74.2987,45.5171],[-74.3192,45.534],[-74.1815,45.5289],[-74.174,45.4958],[-74.0494,45.4587],[-73.8834,45.5343],[-73.8859,45.5612],[-73.7276,45.6825],[-73.4699,45.7142],[-73.2702,45.8863],[-73.1954,45.9805],[-73.1889,46.0673],[-73.1537,46.106],[-72.9745,46.1863],[-73.0096,46.1912],[-72.847,46.2666],[-72.5837,46.3001],[-72.4654,46.3919],[-72.2672,46.4511],[-72.2448,46.5184],[-72.1798,46.5676],[-72.0378,46.5878],[-71.8817,46.6899],[-71.6934,46.6673],[-71.2716,46.755],[-71.2039,46.8061],[-71.1997,46.852],[-71.0071,46.9785],[-70.7429,47.0876],[-70.5727,47.2732],[-70.4975,47.3853],[-70.5,47.4412],[-70.4529,47.4261],[-70.2312,47.4881],[-70.1997,47.579],[-70.1397,47.6225],[-70.1485,47.6519],[-69.9915,47.7034],[-69.9057,47.7699],[-69.8483,47.8869],[-69.8029,47.9154],[-69.8147,47.9599],[-69.7625,48.0016],[-69.7655,48.0549],[-69.7067,48.0978],[-69.7223,48.125],[-69.5827,48.2133],[-69.611,48.2498],[-69.5721,48.2152],[-69.4666,48.2704],[-69.3219,48.4132],[-69.2321,48.5725],[-69.13,48.5768],[-69.0433,48.744],[-69.066,48.7665],[-69.0215,48.8126],[-69.0669,48.8434],[-69.0228,48.8304],[-69.0519,48.7814],[-69.0089,48.7612],[-68.9293,48.8063],[-68.9548,48.8239],[-68.878,48.8197],[-68.7696,48.8995],[-68.6375,48.9006],[-68.619,48.9258],[-68.6912,48.9315],[-68.6376,48.9355],[-68.6375,49.0037],[-68.5855,49.0603],[-68.4291,49.0803],[-68.3891,49.1447],[-68.3939,49.0921],[-68.465,49.0449],[-68.1929,49.0986],[-68.1832,49.1552],[-68.3298,49.1911],[-68.1456,49.2022],[-68.1306,49.2545],[-68.1543,49.274],[-68.0825,49.2529],[-68.0497,49.295],[-67.8719,49.2976],[-67.8357,49.3343],[-67.8729,49.3735],[-67.8354,49.3699],[-67.8352,49.3338],[-67.8936,49.2911],[-67.8177,49.2689],[-67.7665,49.303],[-67.7914,49.3194],[-67.3812,49.3161],[-67.2254,49.4846],[-67.2352,49.5945],[-67.1663,49.669],[-67.1486,49.8092],[-67.091,49.8479],[-67.0436,49.8228],[-66.9653,49.9133],[-66.9573,49.9817],[-66.8929,50.0205],[-66.74,50.0384],[-66.711,50.1112],[-66.5581,50.1506],[-66.4524,50.1268],[-66.4264,50.1638],[-66.5152,50.1603],[-66.55,50.2233],[-66.4527,50.2859],[-66.3911,50.2693],[-66.416,50.2215],[-66.3648,50.185],[-66.2402,50.2132],[-66.086,50.19],[-66.105,50.2327],[-66.0347,50.25],[-66.0957,50.2256],[-66.0621,50.201],[-65.9503,50.291],[-65.8195,50.2503],[-65.7973,50.2762],[-65.7576,50.2553],[-65.7181,50.2804],[-65.7422,50.2585],[-65.5419,50.2717],[-65.5205,50.3069],[-65.5142,50.2822],[-65.2385,50.3061],[-64.8753,50.2598],[-64.5461,50.2831],[-64.4548,50.3238],[-64.1654,50.2555],[-63.9981,50.3071],[-63.8194,50.3031],[-63.6123,50.2372],[-63.4802,50.2498],[-63.4482,50.2038],[-63.4019,50.2013],[-63.3609,50.2346],[-63.2225,50.2207],[-63.2158,50.2454],[-63.1552,50.2469],[-63.1952,50.284],[-63.0572,50.2776],[-63.0016,50.3113],[-62.9442,50.2744],[-62.8113,50.2786],[-62.8237,50.3112],[-62.8015,50.3161],[-62.7982,50.2808],[-62.7801,50.3104],[-62.7698,50.2883],[-62.7023,50.3111],[-62.755,50.2829],[-62.6838,50.2643],[-62.5513,50.2822],[-62.4531,50.253],[-62.4084,50.2925],[-62.4004,50.2597],[-62.3843,50.283],[-62.3645,50.2634],[-62.3461,50.3376],[-62.3461,50.2741],[-62.3072,50.2527],[-62.0916,50.2209],[-62.1122,50.25],[-62.0836,50.2178],[-62.0008,50.209],[-61.9217,50.2373],[-61.9256,50.2166],[-61.8223,50.2025],[-61.84,50.1877],[-61.7989,50.1984],[-61.8245,50.1865],[-61.8096,50.127],[-61.6275,50.1534],[-61.5624,50.2463],[-61.5887,50.1543],[-61.8144,50.1111],[-61.7351,50.0855],[-61.2981,50.1933],[-61.1809,50.1741],[-61.1593,50.2079],[-61.1785,50.2013],[-61.1167,50.1788],[-61.1071,50.2085],[-61.0619,50.1751],[-61.0851,50.25],[-61.0615,50.2131],[-60.9721,50.1976],[-60.9543,50.2332],[-61.0528,50.2451],[-61.0282,50.2607],[-61.0014,50.2315],[-60.9123,50.2406],[-60.9488,50.2379],[-60.9435,50.1822],[-60.9224,50.2234],[-60.8894,50.2057],[-60.7974,50.257],[-60.8653,50.3029],[-60.7383,50.2848],[-60.7935,50.2769],[-60.7852,50.2533],[-60.8677,50.2016],[-60.7907,50.2524],[-60.8305,50.1971],[-60.7753,50.2069],[-60.7577,50.2437],[-60.6735,50.2105],[-60.6336,50.2388],[-60.609,50.2009],[-60.5074,50.25],[-60.444,50.2272],[-60.4199,50.2481],[-60.3768,50.209],[-60.3648,50.2408],[-60.3421,50.2082],[-60.2977,50.253],[-60.2925,50.3249],[-60.3178,50.3206],[-60.2865,50.3445],[-60.2432,50.3286],[-60.2916,50.3008],[-60.2865,50.2512],[-60.242,50.2727],[-60.2944,50.2222],[-60.1497,50.2866],[-60.1909,50.2512],[-60.1489,50.2471],[-60.1933,50.2106],[-60.1506,50.229],[-60.1762,50.1988],[-60.1502,50.1951],[-60.0945,50.2493],[-60.1003,50.2207],[-60.0618,50.2488],[-60.0355,50.2257],[-60.0181,50.2805],[-59.9936,50.2785],[-60.022,50.2445],[-59.9805,50.2493],[-59.9767,50.3117],[-59.9518,50.252],[-59.9034,50.3019],[-59.9096,50.2812],[-59.817,50.3258],[-59.8101,50.3485],[-59.8489,50.3195],[-59.8787,50.3518],[-59.8259,50.364],[-59.9027,50.3714],[-59.7857,50.4559],[-59.8065,50.4273],[-59.6095,50.4686],[-59.5984,50.5],[-59.6097,50.4646],[-59.5804,50.4748],[-59.5212,50.5539],[-59.4737,50.5575],[-59.4644,50.6248],[-59.4127,50.6226],[-59.4304,50.6567],[-59.3418,50.6511],[-59.3209,50.7115],[-59.2307,50.6825],[-59.2637,50.708],[-59.2627,50.7573],[-59.2242,50.7256],[-59.2001,50.7423],[-59.2078,50.7229],[-59.1879,50.7426],[-59.2166,50.7584],[-59.14,50.768],[-59.1009,50.8179],[-59.0934,50.771],[-59.0139,50.7373],[-59.0616,50.7753],[-59.0177,50.7685],[-58.9526,50.8153],[-58.9856,50.8573],[-58.9525,50.8867],[-58.9931,50.8808],[-58.956,50.9134],[-58.9881,50.9443],[-58.9488,50.9889],[-59.0396,50.9665],[-59.0464,50.9969],[-59.0154,50.9788],[-58.9689,51.0374],[-58.9,51.0591],[-58.8799,51.0336],[-58.9235,50.9803],[-58.8949,50.9458],[-58.8828,50.9801],[-58.9179,50.9805],[-58.8259,51.0243],[-58.8304,51.0535],[-58.8722,51.0376],[-58.8406,51.053],[-58.8559,51.0907],[-58.821,51.0603],[-58.8012,51.1002],[-58.7389,51.0916],[-58.5646,51.1792],[-58.6685,51.2238],[-58.6792,51.25],[-58.6164,51.2329],[-58.6372,51.2739],[-58.6088,51.28],[-58.5901,51.2315],[-58.5849,51.262],[-58.5808,51.2348],[-58.4787,51.3113],[-58.4289,51.3148],[-58.4114,51.2846],[-58.2865,51.2638],[-58.307,51.3123],[-58.2574,51.3118],[-58.3369,51.3694],[-58.2691,51.3943],[-58.3057,51.3701],[-58.245,51.3277],[-58.2606,51.2904],[-58.2331,51.264],[-58.2121,51.3166],[-58.2128,51.2662],[-58.1679,51.2767],[-58.1077,51.3576],[-58.1455,51.2783],[-58.0724,51.2949],[-58.0455,51.3647],[-58.0626,51.3005],[-58.0266,51.3274],[-58.0246,51.3043],[-57.785,51.4389],[-57.8137,51.4086],[-57.7751,51.3957],[-57.7914,51.4195],[-57.744,51.4723],[-57.6962,51.4719],[-57.6913,51.4196],[-57.58,51.4727],[-57.6095,51.4178],[-57.5064,51.435],[-57.4949,51.4658],[-57.4755,51.4357],[-57.4408,51.4427],[-57.4542,51.4838],[-57.4193,51.4618],[-57.2427,51.5052],[-57.248,51.4561],[-57.2075,51.4113],[-57.1085,51.4156],[-57.1078,51.9985],[-63.8015,51.9979],[-63.8411,52.0565],[-63.8271,52.0855],[-63.6424,52.0471],[-63.7089,52.0842],[-63.6887,52.1351],[-63.7484,52.2581],[-63.836,52.3136],[-63.7445,52.3152],[-64.013,52.363],[-64.0973,52.4731],[-64.0458,52.5603],[-63.9502,52.6069],[-63.3803,52.6622],[-63.6175,52.7711],[-63.5849,52.8414],[-63.6144,52.8775],[-63.61,52.8442],[-63.6766,52.8521],[-63.6441,52.8238],[-63.7175,52.8015],[-63.7215,52.7703],[-64.1405,52.7267],[-64.1277,52.6864],[-64.173,52.6706],[-64.1545,52.6034],[-64.2257,52.582],[-64.1519,52.5199],[-64.1092,52.3941],[-64.1661,52.3645],[-64.1695,52.3067],[-64.2162,52.313],[-64.2098,52.2846],[-64.2466,52.2754],[-64.1664,52.1161],[-64.2499,52.1447],[-64.2515,52.0798],[-64.2919,52.0777],[-64.2371,51.978],[-64.361,52.0055],[-64.3397,51.9891],[-64.3527,51.8493],[-64.274,51.7423],[-64.3371,51.6653],[-64.423,51.6761],[-64.5485,51.5739],[-64.6242,51.629],[-64.6399,51.705],[-64.6916,51.7076],[-64.7097,51.756],[-64.9247,51.7779],[-64.9098,51.7367],[-64.9509,51.7154],[-65.01,51.7652],[-65.1804,51.7656],[-65.1696,51.8221],[-65.2602,51.8241],[-65.2539,51.8615],[-65.2835,51.8739],[-65.3598,51.8228],[-65.3995,51.9019],[-65.3493,51.9424],[-65.3591,51.9811],[-65.3998,51.9656],[-65.4562,52.0111],[-65.4961,52.0502],[-65.4993,52.1105],[-65.5399,52.0446],[-65.6205,52.043],[-65.6502,51.9868],[-65.6774,52.0077],[-65.6486,52.0809],[-65.6683,52.1173],[-65.7339,52.0829],[-65.8053,52.1186],[-65.877,52.1104],[-65.8977,52.0761],[-65.9613,52.1046],[-65.9704,52.0565],[-65.9962,52.0547],[-66.0926,52.0866],[-66.0759,52.155],[-66.0979,52.1955],[-66.2008,52.227],[-66.2667,52.3101],[-66.3126,52.2855],[-66.2679,52.1504],[-66.3764,52.1528],[-66.3568,52.1766],[-66.4704,52.2557],[-66.4329,52.2662],[-66.4905,52.3416],[-66.4199,52.383],[-66.344,52.3604],[-66.3931,52.4761],[-66.3581,52.4883],[-66.3992,52.5288],[-66.3657,52.5562],[-66.4403,52.6364],[-66.3887,52.6823],[-66.3093,52.6046],[-66.2799,52.6174],[-66.3388,52.6846],[-66.3083,52.7286],[-66.3443,52.7954],[-66.3815,52.7945],[-66.4163,52.8583],[-66.3794,52.8775],[-66.275,52.8403],[-66.2946,52.8601],[-66.2578,52.8691],[-66.3267,52.9726],[-66.3703,53.0248],[-66.4592,53.0552],[-66.5008,52.9464],[-66.6256,52.9543],[-66.6503,52.9219],[-66.6324,52.8976],[-66.6633,52.8903],[-66.6471,52.7837],[-66.7194,52.7636],[-66.7868,52.7974],[-66.7537,52.7515],[-66.7647,52.6662],[-66.8599,52.7684],[-66.8557,52.7173],[-66.8976,52.7275],[-66.8509,52.6748],[-66.8945,52.6767],[-66.9493,52.7596],[-67.0343,52.747],[-67.0688,52.7777],[-67.0632,52.8755],[-67.1495,52.8545],[-67.1611,52.8175],[-67.3246,52.8778],[-67.3519,52.9367],[-67.2445,52.9795],[-67.3634,52.9962],[-67.3854,53.132],[-67.3428,53.1177],[-67.263,53.1813],[-67.1344,53.1379],[-67.1162,53.1051],[-67.0489,53.1396],[-67.0685,53.0789],[-66.9895,53.0844],[-66.9587,53.1371],[-67.0135,53.16],[-66.9596,53.1817],[-66.9781,53.2133],[-66.9534,53.2904],[-67.0271,53.3347],[-66.8901,53.4131],[-66.9244,53.4187],[-66.9379,53.4731],[-66.9958,53.4643],[-66.9856,53.4962],[-67.0359,53.5288],[-67.3187,53.553],[-67.3135,53.5842],[-67.3947,53.6147],[-67.4178,53.7251],[-67.4651,53.7089],[-67.516,53.7288],[-67.5,53.7573],[-67.6033,53.7627],[-67.5573,53.7803],[-67.6022,53.7955],[-67.4978,53.8367],[-67.5691,53.8412],[-67.6091,53.8693],[-67.5963,53.9217],[-67.6626,53.9281],[-67.6813,53.9719],[-67.8206,54.02],[-67.7581,54.0916],[-67.8103,54.1281],[-67.6444,54.1608],[-67.6534,54.1886],[-67.6156,54.1958],[-67.6808,54.247],[-67.6764,54.3185],[-67.748,54.3503],[-67.7247,54.3869],[-67.7723,54.4417],[-67.6678,54.4539],[-67.6481,54.5096],[-67.6095,54.4658],[-67.5817,54.4941],[-67.5004,54.4815],[-67.4737,54.5304],[-67.5269,54.571],[-67.4917,54.5849],[-67.2726,54.4866],[-67.2268,54.5196],[-67.3027,54.5559],[-67.2685,54.5652],[-67.2803,54.5918],[-67.1386,54.6245],[-67.0629,54.6929],[-67.3998,54.9579],[-67.4637,55.0629],[-67.4096,55.0886],[-67.2728,55.0764],[-67.234,55.0512],[-67.2728,55.0242],[-67.033,54.862],[-66.6691,54.7097],[-66.7374,54.8132],[-66.6594,54.7702],[-66.6027,54.8135],[-66.766,55.0],[-66.6271,54.9849],[-66.735,55.0441],[-66.7536,55.0906],[-66.6949,55.0695],[-66.7887,55.1184],[-66.7457,55.1532],[-66.7552,55.215],[-66.6704,55.1775],[-66.8237,55.307],[-66.8078,55.3568],[-66.7003,55.3121],[-66.6586,55.2552],[-66.618,55.2782],[-66.4927,55.2034],[-66.2464,54.9755],[-66.1526,54.9855],[-66.0408,54.9191],[-66.0312,54.9425],[-65.8498,54.9272],[-65.8506,54.8508],[-65.6932,54.7082],[-65.647,54.7532],[-65.4555,54.7286],[-65.4346,54.7842],[-65.4873,54.8344],[-65.3558,54.8188],[-65.3358,54.852],[-65.2963,54.8176],[-65.2827,54.8444],[-65.2096,54.848],[-65.1803,54.9309],[-65.0858,54.9696],[-64.915,54.92],[-64.8484,54.8763],[-64.8615,54.8411],[-64.7611,54.8295],[-64.7762,54.7882],[-64.7523,54.7673],[-64.801,54.7558],[-64.7697,54.7301],[-64.5569,54.7137],[-64.5342,54.7618],[-64.4748,54.7522],[-64.4959,54.7906],[-64.3975,54.7905],[-64.2882,54.731],[-64.1776,54.7214],[-64.1807,54.6936],[-64.1028,54.6556],[-64.1073,54.6132],[-63.8979,54.6007],[-63.8134,54.6508],[-63.7126,54.625],[-63.803,54.7257],[-63.924,54.7784],[-63.8172,54.8169],[-63.8527,54.8761],[-63.7996,54.9261],[-63.8298,54.9421],[-63.7917,54.9559],[-63.5914,54.8966],[-63.6123,54.9199],[-63.5779,54.93],[-63.611,54.9771],[-63.5576,54.9999],[-63.6061,55.0084],[-63.5564,55.0345],[-63.6161,55.069],[-63.5854,55.1036],[-63.6023,55.1287],[-63.5239,55.1682],[-63.5629,55.1876],[-63.4526,55.202],[-63.4028,55.249],[-63.5474,55.2255],[-63.6795,55.2669],[-63.5226,55.3099],[-63.5983,55.3257],[-63.5744,55.3396],[-63.3248,55.3661],[-63.3198,55.4118],[-63.6654,55.4231],[-63.7927,55.4672],[-63.6915,55.5087],[-63.6626,55.5989],[-63.6877,55.6255],[-63.6437,55.6416],[-63.7646,55.6516],[-63.7049,55.6786],[-63.7251,55.7266],[-63.6982,55.7316],[-63.7258,55.7382],[-63.6665,55.7878],[-63.7684,55.79],[-63.7529,55.8465],[-63.8451,55.8791],[-63.8251,55.9045],[-63.8544,55.91],[-63.724,55.9305],[-63.563,56.0059],[-63.472,55.9878],[-63.4912,56.0099],[-63.4435,56.0295],[-63.6367,56.0235],[-63.7148,56.0717],[-63.8379,56.0451],[-63.811,56.0846],[-63.8876,56.0929],[-63.8383,56.1225],[-63.8562,56.1371],[-64.0347,56.0702],[-64.0021,56.1027],[-64.036,56.1549],[-63.8629,56.2126],[-63.9349,56.2711],[-64.0874,56.2569],[-64.1486,56.3034],[-64.0982,56.3336],[-64.1154,56.4021],[-64.178,56.4253],[-63.993,56.4082],[-63.8742,56.442],[-63.8837,56.4691],[-63.9306,56.4662],[-63.9311,56.5338],[-64.0505,56.6064],[-64.0249,56.653],[-64.0908,56.6538],[-64.1453,56.6998],[-64.0789,56.767],[-64.0128,56.7787],[-64.0035,56.8618],[-63.8592,56.8688],[-63.8639,56.8968],[-63.9181,56.9042],[-63.9141,56.9776],[-63.8578,56.9992],[-63.8919,57.0128],[-63.8901,57.0861],[-63.8118,57.0789],[-63.7371,57.2216],[-63.8091,57.2622],[-63.8841,57.1963],[-63.8834,57.2776],[-63.8558,57.3343],[-63.7013,57.3683],[-63.7164,57.4382],[-63.7613,57.4393],[-63.7719,57.5925],[-63.7456,57.5795],[-63.623,57.642],[-63.5968,57.7413],[-63.6681,57.724],[-63.6926,57.6527],[-63.7486,57.6743],[-63.7536,57.7208],[-63.8042,57.6845],[-63.8834,57.7126],[-63.9124,57.8011],[-64.0209,57.8095],[-64.026,57.7644],[-64.072,57.77],[-64.2274,57.9896],[-64.2185,58.037],[-64.4123,58.0612],[-64.4354,58.0984],[-64.4217,58.1867],[-64.2178,58.2477],[-64.1585,58.371],[-64.0305,58.366],[-63.9866,58.4444],[-63.8811,58.4295],[-63.8078,58.4898],[-63.8587,58.5045],[-63.8497,58.5466],[-63.8871,58.5717],[-64.0341,58.5235],[-64.1049,58.5632],[-64.1079,58.6397],[-64.0472,58.7026],[-63.9503,58.6853],[-63.91,58.7103],[-63.6298,58.7147],[-63.4675,58.7621],[-63.5508,58.8366],[-63.71,58.8871],[-64.0453,58.8104],[-64.0871,58.756],[-64.1378,58.7462],[-64.1788,58.7891],[-64.2297,58.7837],[-64.2337,58.8641],[-64.2876,58.8968],[-64.5502,58.8875],[-64.6516,58.9438],[-64.8207,58.9169],[-64.8891,58.9384],[-64.8329,58.9564],[-64.865,59.0154],[-64.7792,59.075],[-64.6833,59.0747],[-64.6703,59.0386],[-64.4978,59.0194],[-64.4603,58.9815],[-64.2618,59.013],[-64.376,59.0926],[-64.498,59.1064],[-64.4727,59.1804],[-64.5218,59.1968],[-64.4886,59.2571],[-64.5435,59.3104],[-64.4933,59.3496],[-64.5383,59.3708],[-64.5283,59.3956],[-64.4607,59.4122],[-64.5116,59.423],[-64.3241,59.5128],[-64.4338,59.542],[-64.6798,59.4469],[-64.8396,59.5534],[-64.9394,59.5671],[-64.9271,59.5932],[-64.8598,59.5915],[-64.8895,59.6622],[-64.7494,59.7173],[-64.8102,59.7297],[-64.79,59.7603],[-64.814,59.7952],[-64.7885,59.8033],[-64.8252,59.8256],[-64.7369,59.8556],[-64.7562,59.886],[-64.6838,59.8772],[-64.6268,59.9303],[-64.7471,59.9745],[-64.8402,59.9703],[-64.9236,60.0615],[-64.7427,60.0561],[-64.708,60.0846],[-64.7673,60.1084],[-64.5937,60.117],[-64.6025,60.167],[-64.7456,60.1686],[-64.8639,60.2282],[-64.8623,60.2585],[-64.7074,60.3033],[-64.5254,60.3045],[-64.7309,60.3655],[-64.5995,60.3078],[-64.809,60.3663],[-64.7975,60.338],[-64.8466,60.3709],[-64.8126,60.3325],[-64.8408,60.3282],[-64.7795,60.3308],[-64.8018,60.303],[-64.7788,60.2877],[-64.8418,60.3149],[-64.8943,60.2613],[-64.9176,60.2799],[-64.9585,60.2534],[-64.9069,60.2308],[-64.9469,60.2423],[-64.95,60.2178],[-64.8849,60.2309],[-64.845,60.2204],[-64.9003,60.223],[-64.892,60.2046],[-64.8348,60.2031],[-64.9642,60.1881],[-64.9442,60.1099],[-64.9749,60.1606],[-65.0075,60.1585],[-64.9254,60.0509],[-65.0305,60.1254],[-65.0723,60.0925],[-65.0201,60.0775],[-65.0406,60.0671],[-65.0091,60.0399],[-65.0471,60.064],[-65.0657,60.0419],[-65.1039,60.0622],[-65.0647,60.0346],[-65.1385,60.0516],[-65.1002,60.0075],[-65.135,60.0037],[-65.0732,59.9951],[-65.0076,59.9353],[-65.1048,59.9894],[-65.1224,59.9727],[-64.9983,59.8976],[-65.1441,59.9648],[-65.1265,59.9305],[-65.1669,59.9389],[-65.1278,59.9138],[-65.2313,59.9217],[-65.1659,59.9114],[-65.12,59.8621],[-65.197,59.8921],[-65.2332,59.8814],[-65.1969,59.8559],[-65.2753,59.8774],[-65.159,59.7982],[-64.9783,59.7631],[-65.1325,59.7928],[-65.1618,59.7746],[-65.2119,59.8242],[-65.3279,59.8615],[-65.3391,59.827],[-65.3918,59.8229],[-65.3121,59.7536],[-65.4053,59.8162],[-65.4842,59.7913],[-65.4516,59.7483],[-65.5375,59.7478],[-65.5134,59.6787],[-65.464,59.6751],[-65.423,59.6298],[-65.5234,59.67],[-65.3871,59.5],[-65.178,59.4809],[-65.0974,59.4099],[-64.9275,59.366],[-65.1067,59.3975],[-65.1652,59.4263],[-65.1652,59.466],[-65.2883,59.4933],[-65.3915,59.4923],[-65.2568,59.4023],[-65.4016,59.4789],[-65.3842,59.4568],[-65.5206,59.4805],[-65.4425,59.4351],[-65.5107,59.4521],[-65.4947,59.4302],[-65.3324,59.3823],[-65.4274,59.4102],[-65.4114,59.3742],[-65.4373,59.3839],[-65.4516,59.3499],[-65.3925,59.3398],[-65.3518,59.2837],[-65.2896,59.2829],[-65.3342,59.2773],[-65.305,59.2382],[-65.5532,59.3866],[-65.575,59.374],[-65.5269,59.3374],[-65.5705,59.344],[-65.5577,59.2996],[-65.4714,59.2535],[-65.5497,59.2839],[-65.5576,59.2549],[-65.4694,59.1411],[-65.5043,59.1454],[-65.5837,59.2608],[-65.606,59.261],[-65.5912,59.1929],[-65.5571,59.147],[-65.6416,59.2606],[-65.7221,59.2839],[-65.6914,59.257],[-65.7473,59.2707],[-65.7093,59.2383],[-65.7517,59.2352],[-65.6393,59.2074],[-65.7397,59.182],[-65.6345,59.1006],[-65.635,59.0719],[-65.5232,59.0808],[-65.562,59.1234],[-65.5139,59.1026],[-65.5,59.0718],[-65.5925,59.0577],[-65.5,58.994],[-65.6859,59.0607],[-65.7746,59.0427],[-65.6749,59.0292],[-65.7836,59.0174],[-65.6604,58.9749],[-65.6609,58.9365],[-65.859,58.9913],[-65.825,58.9579],[-66.0003,58.9138],[-65.9225,58.8732],[-65.773,58.8586],[-65.8341,58.8336],[-65.8258,58.7783],[-65.8667,58.8407],[-65.9592,58.8256],[-65.996,58.8655],[-66.0696,58.8342],[-66.1024,58.7741],[-66.0326,58.7641],[-66.0177,58.7279],[-66.0577,58.7371],[-66.0192,58.719],[-66.0483,58.6976],[-66.0,58.6878],[-66.0126,58.6402],[-66.0649,58.65],[-66.1167,58.6992],[-66.102,58.7181],[-66.1623,58.7285],[-66.2318,58.7959],[-66.2637,58.7977],[-66.2546,58.764],[-66.2691,58.8099],[-66.3553,58.8119],[-66.3416,58.848],[-66.4542,58.8313],[-66.4461,58.7778],[-66.469,58.7687],[-66.4441,58.7136],[-66.5477,58.7152],[-66.5275,58.7044],[-66.5539,58.6639],[-66.5745,58.68],[-66.5641,58.6301],[-66.6131,58.6197],[-66.6105,58.5487],[-66.661,58.5468],[-66.6194,58.4745],[-66.5481,58.4809],[-66.5527,58.4558],[-66.5,58.4305],[-66.7321,58.5107],[-66.8081,58.4967],[-66.7889,58.4763],[-66.8118,58.4479],[-66.8497,58.4571],[-66.853,58.424],[-66.9056,58.4524],[-66.8715,58.4758],[-66.9368,58.5132],[-67.0105,58.4219],[-67.0796,58.4203],[-67.0449,58.3836],[-67.0898,58.3398],[-67.1781,58.4003],[-67.2322,58.3251],[-67.3248,58.3245],[-67.3843,58.2594],[-67.4749,58.2842],[-67.5821,58.2263],[-67.6946,58.1017],[-67.6988,58.215],[-67.6746,58.202],[-67.6433,58.2574],[-67.6907,58.2825],[-67.7376,58.2621],[-67.7117,58.2864],[-67.753,58.3107],[-67.7058,58.3453],[-67.7292,58.4063],[-67.6825,58.4227],[-67.7107,58.4486],[-67.795,58.4596],[-67.8386,58.3888],[-67.8126,58.3396],[-67.8518,58.3127],[-67.9419,58.397],[-67.9279,58.4342],[-67.9533,58.4309],[-67.9034,58.5046],[-67.9723,58.5222],[-67.955,58.5516],[-68.0059,58.5851],[-68.0263,58.5197],[-68.0017,58.5002],[-68.1264,58.5319],[-68.1776,58.4904],[-68.1689,58.4548],[-68.2179,58.4775],[-68.1911,58.5568],[-68.3231,58.5163],[-68.4063,58.3856],[-68.4078,58.4235],[-68.2697,58.5614],[-68.3406,58.5954],[-68.331,58.6837],[-68.381,58.6957],[-68.3482,58.7811],[-68.4029,58.7897],[-68.3937,58.8179],[-68.5028,58.8186],[-68.5209,58.8696],[-68.5812,58.8982],[-68.7396,58.8849],[-68.76,58.9201],[-68.8605,58.88],[-69.0092,58.8714],[-68.9882,58.9072],[-69.2059,58.8744],[-69.2009,58.8979],[-69.2516,58.9042],[-69.386,58.8732],[-69.4068,58.8185],[-69.4417,58.8211],[-69.4654,58.7837],[-69.6116,58.7675],[-69.643,58.6654],[-69.6821,58.7148],[-69.8127,58.5828],[-69.8653,58.6441],[-69.7797,58.7077],[-69.834,58.7367],[-69.8368,58.7116],[-69.9276,58.6893],[-69.9075,58.7839],[-70.0144,58.7309],[-70.0654,58.7681],[-70.2583,58.7814],[-70.2044,58.8106],[-70.0706,58.7867],[-70.0252,58.8321],[-69.971,58.8074],[-69.8783,58.8262],[-69.8869,58.884],[-69.7887,58.828],[-69.8094,58.9581],[-69.9133,58.9506],[-69.9959,59.0],[-69.8867,58.9521],[-69.8502,58.9775],[-69.8667,59.0464],[-69.8454,59.0613],[-69.7674,58.9587],[-69.7707,59.0291],[-69.7265,58.9615],[-69.7203,59.0127],[-69.6977,58.9918],[-69.689,58.897],[-69.6581,58.9465],[-69.6593,58.8811],[-69.6957,58.8789],[-69.68,58.8092],[-69.6522,58.7892],[-69.6458,58.8144],[-69.5464,58.8095],[-69.5179,58.902],[-69.4762,58.8761],[-69.4368,58.9038],[-69.4929,59.0792],[-69.4359,59.0213],[-69.3433,59.1071],[-69.4377,59.104],[-69.4576,59.1407],[-69.497,59.1088],[-69.5376,59.1537],[-69.4536,59.2246],[-69.3733,59.1895],[-69.3535,59.2453],[-69.2886,59.2036],[-69.2853,59.2286],[-69.2269,59.23],[-69.273,59.3068],[-69.2372,59.3033],[-69.2472,59.3349],[-69.3452,59.3024],[-69.3685,59.3094],[-69.35,59.3414],[-69.4308,59.3647],[-69.6011,59.3175],[-69.6109,59.2872],[-69.761,59.3221],[-69.6293,59.3497],[-69.6206,59.3905],[-69.6635,59.3849],[-69.6338,59.4214],[-69.6554,59.4623],[-69.7507,59.485],[-69.7468,59.509],[-69.6386,59.5878],[-69.5176,59.6173],[-69.499,59.6705],[-69.6612,59.6932],[-69.5538,59.7428],[-69.5829,59.7588],[-69.5523,59.7693],[-69.605,59.7866],[-69.5727,59.818],[-69.6117,59.8177],[-69.5443,59.8696],[-69.7263,59.8968],[-69.7504,59.916],[-69.7091,59.9207],[-69.7127,59.9625],[-69.8418,60.0304],[-69.8257,60.0817],[-69.7148,60.0394],[-69.7167,60.0709],[-69.6181,60.0713],[-69.6583,60.0931],[-69.6066,60.1107],[-69.6405,60.1391],[-69.5945,60.1652],[-69.608,60.2096],[-69.5838,60.2215],[-69.6832,60.2592],[-69.6597,60.2817],[-69.7107,60.3023],[-69.8239,60.2885],[-69.6617,60.3562],[-69.7715,60.4177],[-69.7104,60.4584],[-69.8275,60.5034],[-69.7796,60.545],[-69.6744,60.5424],[-69.7047,60.5604],[-69.6259,60.5806],[-69.6988,60.6057],[-69.6432,60.6277],[-69.6878,60.6352],[-69.669,60.654],[-69.6973,60.7016],[-69.4097,60.7855],[-69.4117,60.8224],[-69.3777,60.7965],[-69.3798,60.8213],[-69.3567,60.8143],[-69.4041,60.8888],[-69.3701,60.9159],[-69.4394,60.9302],[-69.4145,60.9471],[-69.4492,60.9606],[-69.5017,61.0671],[-69.6114,61.0794],[-69.6494,61.0542],[-69.6281,61.0228],[-69.6761,61.0233],[-69.6581,61.0004],[-69.684,60.9501],[-69.6324,60.9166],[-69.6443,60.877],[-69.7364,60.8744],[-69.7266,60.9111],[-69.7616,60.9185],[-69.8327,60.8875],[-69.9005,60.8],[-69.9877,60.8442],[-70.0651,60.8328],[-70.08,60.8596],[-70.0547,60.8703],[-70.144,60.8814],[-70.0774,60.8989],[-70.0938,60.9708],[-70.1607,61.001],[-70.1058,61.0536],[-70.1454,61.0617],[-70.1301,61.0908],[-70.2327,61.0577],[-70.2393,61.0923],[-70.3045,61.1009],[-70.3473,61.0871],[-70.3322,61.0532],[-70.4052,61.09],[-70.3578,61.0403],[-70.4264,61.0709],[-70.417,61.0066],[-70.4925,61.0704],[-70.5137,61.0403],[-70.5531,61.0476],[-70.529,61.0087],[-70.6215,61.0395],[-70.6795,61.0203],[-70.6439,61.0543],[-70.7615,61.0833],[-70.7227,60.9997],[-70.8345,61.0787],[-70.9189,61.0768],[-70.9384,61.045],[-70.9122,61.1008],[-70.9895,61.1282],[-71.1153,61.1168],[-71.1608,61.143],[-71.1646,61.0909],[-71.2181,61.1626],[-71.4347,61.119],[-71.3826,61.1653],[-71.4441,61.1709],[-71.4384,61.2242],[-71.5215,61.2174],[-71.4871,61.168],[-71.5791,61.1637],[-71.5363,61.1837],[-71.5462,61.2243],[-71.6283,61.1956],[-71.5793,61.254],[-71.6437,61.2725],[-71.6854,61.2388],[-71.6523,61.2729],[-71.7616,61.2916],[-71.803,61.2501],[-71.8052,61.2747],[-71.8429,61.2714],[-71.6912,61.3135],[-71.7478,61.3305],[-71.641,61.3264],[-71.8219,61.3444],[-71.7678,61.3631],[-71.9165,61.3937],[-71.7067,61.3699],[-71.6349,61.3776],[-71.6631,61.4064],[-71.5676,61.4092],[-72.0,61.4487],[-71.7109,61.4674],[-71.8059,61.4965],[-71.745,61.507],[-71.8367,61.5396],[-71.5399,61.5649],[-71.5214,61.5798],[-71.558,61.5925],[-71.5509,61.6174],[-71.9397,61.7075],[-71.9104,61.6579],[-71.96,61.5994],[-72.189,61.6057],[-72.2689,61.5556],[-72.2534,61.6083],[-72.06,61.6038],[-71.9805,61.6785],[-72.0182,61.6905],[-72.007,61.7269],[-72.0815,61.7613],[-72.2091,61.7433],[-72.2155,61.7703],[-72.1723,61.7757],[-72.2664,61.7852],[-72.11,61.7951],[-72.1983,61.8363],[-72.1803,61.8537],[-72.2098,61.8747],[-72.4438,61.8981],[-72.5665,61.9508],[-72.629,61.895],[-72.5935,61.7843],[-72.6464,61.8849],[-72.7977,61.8236],[-72.6694,61.8994],[-72.6806,61.9545],[-72.5819,61.9714],[-72.628,62.0196],[-72.5926,62.0132],[-72.6248,62.0444],[-72.5842,62.0537],[-72.6768,62.0651],[-72.6063,62.0682],[-72.6119,62.1111],[-72.7514,62.1439],[-72.7963,62.1338],[-72.791,62.1115],[-72.999,62.1174],[-72.8726,62.1382],[-73.2072,62.2566],[-73.1918,62.315],[-73.3134,62.3287],[-73.3831,62.3763],[-73.4508,62.3554],[-73.4646,62.3887],[-73.5541,62.3794],[-73.6711,62.4801]],[[-64.001,50.3041],[-64.0011,50.3044],[-64.001,50.3041],[-64.001,50.3041]],[[-58.9177,51.0001],[-58.9176,50.9996],[-58.9182,51.0],[-58.9177,51.0001]],[[-68.7827,58.8677],[-68.7791,58.8685],[-68.7802,58.8667],[-68.7827,58.8677]],[[-59.9994,50.2647],[-60.0,50.2633],[-60.0038,50.2636],[-59.9994,50.2647]],[[-58.9994,50.9715],[-59.0021,50.9697],[-59.0044,50.9704],[-58.9994,50.9715]],[[-65.7075,59.2413],[-65.711,59.2433],[-65.7049,59.2418],[-65.7075,59.2413]],[[-60.1486,50.2502],[-60.1448,50.2507],[-60.1457,50.2486],[-60.1486,50.2502]],[[-59.998,50.2696],[-59.995,50.2689],[-60.0004,50.2679],[-59.998,50.2696]],[[-68.7903,58.8679],[-68.783,58.8719],[-68.7791,58.8698],[-68.7903,58.8679]],[[-60.255,50.2499],[-60.2558,50.2471],[-60.2614,50.25],[-60.255,50.2499]],[[-58.8974,51.0158],[-58.8949,50.9958],[-58.9024,50.9986],[-58.8974,51.0158]],[[-59.9673,50.3138],[-60.0117,50.3506],[-59.9428,50.3482],[-59.9673,50.3138]]]]},"properties":{"PRENAME":"Quebec","PREABBR":"Que.","PRUID":"24"}},{"type":"Feature","geometry":{"type":"MultiPolygon","coordinates":[[[[-74.4935,45.0712],[-74.4935,45.0713],[-74.4935,45.0712],[-74.4935,45.0712]]],[[[-80.1111,45.1104],[-80.1111,45.1104],[-80.1111,45.1104],[-80.1111,45.1104]]],[[[-74.4907,45.1213],[-74.4907,45.1213],[-74.4907,45.1213],[-74.4907,45.1213]]],[[[-74.5131,45.0688],[-74.5132,45.0688],[-74.5132,45.0688],[-74.5131,45.0688]]],[[[-74.5663,45.0479],[-74.5663,45.0479],[-74.5663,45.0479],[-74.5663,45.0479]]],[[[-74.5276,45.0697],[-74.5276,45.0696],[-74.5276,45.0696],[-74.5276,45.0697]]],[[[-79.9248,44.9302],[-79.9248,44.9301],[-79.9248,44.9301],[-79.9248,44.9302]]],[[[-74.5717,45.047],[-74.5717,45.047],[-74.5717,45.047],[-74.5717,45.047]],[[-74.5187,45.0629],[-74.5188,45.0629],[-74.5187,45.0628],[-74.5187,45.0629]]],[[[-74.5257,45.073],[-74.5258,45.0729],[-74.5258,45.0729],[-74.5257,45.073]]],[[[-74.5178,45.0646],[-74.5177,45.0646],[-74.5177,45.0646],[-74.5178,45.0646]]],[[[-74.5587,45.0562],[-74.5586,45.0562],[-74.5586,45.0562],[-74.5587,45.0562]]],[[[-74.4898,45.0892],[-74.4898,45.0893],[-74.4898,45.0892],[-74.4898,45.0892]]],[[[-74.5131,45.0688],[-74.5131,45.0689],[-74.513,45.0689],[-74.5131,45.0688]]],[[[-74.5124,45.0934],[-74.5125,45.0935],[-74.5125,45.0934],[-74.5124,45.0934]],[[-74.5239,45.0735],[-74.5238,45.0735],[-74.5239,45.0735],[-74.5239,45.0735]],[[-74.4999,45.0685],[-74.4998,45.0686],[-74.4998,45.0685],[-74.4999,45.0685]]],[[[-74.5113,45.0698],[-74.5113,45.0698],[-74.5113,45.0697],[-74.5113,45.0698]]],[[[-74.5587,45.0565],[-74.5588,45.0566],[-74.5587,45.0565],[-74.5587,45.0565]]],[[[-74.513,45.0689],[-74.5129,45.069],[-74.513,45.069],[-74.513,45.0689]]],[[[-74.4788,45.0897],[-74.4786,45.0898],[-74.4786,45.0898],[-74.4788,45.0897]]],[[[-74.5155,45.0664],[-74.5155,45.0663],[-74.5155,45.0663],[-74.5155,45.0664]],[[-74.4997,45.0683],[-74.4997,45.0684],[-74.4997,45.0683],[-74.4997,45.0683]]],[[[-74.512,45.0927],[-74.512,45.0927],[-74.5121,45.0928],[-74.512,45.0927]]],[[[-74.4904,45.1216],[-74.4902,45.1217],[-74.4903,45.1217],[-74.4904,45.1216]]],[[[-74.6515,45.0256],[-74.6514,45.0257],[-74.6515,45.0257],[-74.6515,45.0256]],[[-74.5526,45.0558],[-74.5526,45.0558],[-74.5526,45.0557],[-74.5526,45.0558]]],[[[-74.6494,45.0265],[-74.6493,45.0266],[-74.6493,45.0265],[-74.6494,45.0265]]],[[[-74.5442,45.0503],[-74.5441,45.0503],[-74.544,45.0502],[-74.5442,45.0503]]],[[[-74.5161,45.0656],[-74.516,45.0656],[-74.516,45.0657],[-74.5161,45.0656]]],[[[-74.4778,45.0901],[-74.4777,45.0901],[-74.4777,45.0901],[-74.4778,45.0901]]],[[[-74.5136,45.0685],[-74.5136,45.0683],[-74.5136,45.0684],[-74.5136,45.0685]]],[[[-74.5116,45.0695],[-74.5115,45.0695],[-74.5115,45.0696],[-74.5116,45.0695]]],[[[-74.6513,45.0255],[-74.6515,45.0256],[-74.6514,45.0256],[-74.6513,45.0255]]],[[[-74.5161,45.0656],[-74.5161,45.0655],[-74.5161,45.0654],[-74.5161,45.0656]],[[-74.6675,45.0285],[-74.6674,45.0285],[-74.6675,45.0284],[-74.6675,45.0285]]],[[[-74.6494,45.0265],[-74.6494,45.0264],[-74.6493,45.0263],[-74.6494,45.0265]]],[[[-74.5185,45.0637],[-74.5184,45.0638],[-74.5184,45.0639],[-74.5185,45.0637]],[[-74.5119,45.0939],[-74.5118,45.0939],[-74.512,45.0938],[-74.5119,45.0939]]],[[[-74.482,45.0878],[-74.4819,45.088],[-74.482,45.0879],[-74.482,45.0878]]],[[[-74.5587,45.0562],[-74.5587,45.056],[-74.5587,45.0561],[-74.5587,45.0562]],[[-74.5141,45.0937],[-74.5141,45.0938],[-74.5139,45.0936],[-74.5141,45.0937]]],[[[-74.652,45.0229],[-74.6522,45.023],[-74.6521,45.0229],[-74.652,45.0229]]],[[[-74.5179,45.0644],[-74.5178,45.0646],[-74.5179,45.0645],[-74.5179,45.0644]],[[-74.5591,45.0452],[-74.5591,45.0452],[-74.5591,45.0451],[-74.5591,45.0452]]],[[[-74.6491,45.0267],[-74.649,45.0268],[-74.6491,45.0266],[-74.6491,45.0267]]],[[[-74.5098,45.0708],[-74.5097,45.0709],[-74.5096,45.0709],[-74.5098,45.0708]]],[[[-74.5018,45.0887],[-74.5018,45.0888],[-74.5019,45.0886],[-74.5018,45.0887]]],[[[-74.5276,45.0697],[-74.5276,45.0698],[-74.5276,45.0698],[-74.5276,45.0697]]],[[[-74.5124,45.0934],[-74.5123,45.0933],[-74.5122,45.0932],[-74.5124,45.0934]]],[[[-74.6491,45.0261],[-74.6492,45.0261],[-74.6493,45.0262],[-74.6491,45.0261]]],[[[-74.4819,45.088],[-74.4818,45.0881],[-74.4819,45.088],[-74.4819,45.088]]],[[[-74.5285,45.0715],[-74.5284,45.0715],[-74.5283,45.0716],[-74.5285,45.0715]],[[-74.5425,45.0535],[-74.5424,45.0535],[-74.5426,45.0534],[-74.5425,45.0535]]],[[[-74.5102,45.0931],[-74.5101,45.0932],[-74.5103,45.093],[-74.5102,45.0931]]],[[[-74.4995,45.1109],[-74.4995,45.1111],[-74.4995,45.1109],[-74.4995,45.1109]]],[[[-74.5288,45.0713],[-74.5285,45.0715],[-74.5287,45.0714],[-74.5288,45.0713]],[[-74.5109,45.0941],[-74.5108,45.0942],[-74.5109,45.094],[-74.5109,45.0941]]],[[[-74.5181,45.0643],[-74.5179,45.0644],[-74.518,45.0643],[-74.5181,45.0643]]],[[[-74.5281,45.0709],[-74.5281,45.071],[-74.5281,45.0709],[-74.5281,45.0709]]],[[[-74.4995,45.1106],[-74.4995,45.1105],[-74.4995,45.1105],[-74.4995,45.1106]],[[-74.5282,45.0718],[-74.5282,45.0719],[-74.5283,45.0717],[-74.5282,45.0718]],[[-74.5141,45.0712],[-74.514,45.0713],[-74.5141,45.0711],[-74.5141,45.0712]]],[[[-74.482,45.0878],[-74.4821,45.0876],[-74.482,45.0877],[-74.482,45.0878]],[[-74.5051,45.0693],[-74.5049,45.0694],[-74.5051,45.0693],[-74.5051,45.0693]],[[-74.5708,45.049],[-74.5707,45.0491],[-74.5709,45.0489],[-74.5708,45.049]]],[[[-74.5128,45.0946],[-74.5127,45.0947],[-74.5129,45.0945],[-74.5128,45.0946]]],[[[-74.5288,45.0713],[-74.5288,45.0712],[-74.5288,45.0711],[-74.5288,45.0713]]],[[[-74.4794,45.0893],[-74.4795,45.0892],[-74.4796,45.0891],[-74.4794,45.0893]],[[-74.6667,45.029],[-74.6666,45.029],[-74.6669,45.0288],[-74.6667,45.029]]],[[[-74.5137,45.0681],[-74.5136,45.0682],[-74.5137,45.0681],[-74.5137,45.0681]]],[[[-74.5097,45.0938],[-74.5098,45.0939],[-74.5099,45.094],[-74.5097,45.0938]]],[[[-74.5552,45.0505],[-74.5552,45.0507],[-74.5552,45.0506],[-74.5552,45.0505]]],[[[-74.5125,45.0935],[-74.5123,45.0936],[-74.5124,45.0935],[-74.5125,45.0935]]],[[[-74.5149,45.0668],[-74.5148,45.0668],[-74.515,45.0667],[-74.5149,45.0668]]],[[[-74.4798,45.0888],[-74.4797,45.0889],[-74.4799,45.0887],[-74.4798,45.0888]]],[[[-74.5157,45.066],[-74.5156,45.0662],[-74.5156,45.0661],[-74.5157,45.066]],[[-74.6511,45.0263],[-74.6511,45.0264],[-74.6511,45.0262],[-74.6511,45.0263]]],[[[-74.5257,45.073],[-74.5256,45.0731],[-74.5256,45.0732],[-74.5257,45.073]]],[[[-74.5552,45.0507],[-74.5549,45.0509],[-74.5551,45.0507],[-74.5552,45.0507]]],[[[-74.5155,45.0664],[-74.5154,45.0664],[-74.5153,45.0665],[-74.5155,45.0664]],[[-74.6471,45.0285],[-74.6469,45.0286],[-74.6472,45.0284],[-74.6471,45.0285]],[[-74.4995,45.1112],[-74.4995,45.1113],[-74.4995,45.1112],[-74.4995,45.1112]]],[[[-74.5144,45.0943],[-74.5144,45.0941],[-74.5144,45.094],[-74.5144,45.0943]]],[[[-74.5157,45.093],[-74.5156,45.0928],[-74.5156,45.0927],[-74.5157,45.093]]],[[[-74.5256,45.0732],[-74.5254,45.0733],[-74.5255,45.0733],[-74.5256,45.0732]]],[[[-74.5136,45.0685],[-74.5136,45.0686],[-74.5136,45.0686],[-74.5136,45.0685]],[[-74.5281,45.0723],[-74.528,45.0723],[-74.5281,45.0721],[-74.5281,45.0723]]],[[[-74.5185,45.0637],[-74.5186,45.0636],[-74.5186,45.0635],[-74.5185,45.0637]]],[[[-74.5098,45.0708],[-74.5098,45.0708],[-74.51,45.0707],[-74.5098,45.0708]]],[[[-74.5186,45.0631],[-74.5186,45.0633],[-74.5186,45.0631],[-74.5186,45.0631]]],[[[-74.6514,45.0257],[-74.6513,45.026],[-74.6513,45.0259],[-74.6514,45.0257]]],[[[-74.4996,45.0688],[-74.4995,45.0689],[-74.4997,45.0687],[-74.4996,45.0688]]],[[[-74.5144,45.0943],[-74.5145,45.0945],[-74.5145,45.0944],[-74.5144,45.0943]]],[[[-74.5666,45.0481],[-74.5667,45.0482],[-74.5666,45.048],[-74.5666,45.0481]]],[[[-74.4904,45.1216],[-74.4905,45.1216],[-74.4905,45.1215],[-74.4904,45.1216]]],[[[-74.6479,45.0277],[-74.6478,45.0279],[-74.6478,45.0278],[-74.6479,45.0277]],[[-74.6716,45.0246],[-74.6717,45.0246],[-74.6714,45.0244],[-74.6716,45.0246]]],[[[-74.5121,45.093],[-74.5121,45.0931],[-74.5121,45.0929],[-74.5121,45.093]],[[-74.4842,45.0863],[-74.4842,45.0864],[-74.4842,45.0862],[-74.4842,45.0863]]],[[[-74.514,45.0678],[-74.514,45.0679],[-74.5141,45.0678],[-74.514,45.0678]],[[-74.6474,45.0281],[-74.6473,45.0283],[-74.6474,45.0281],[-74.6474,45.0281]]],[[[-74.4898,45.0901],[-74.4897,45.0898],[-74.4898,45.09],[-74.4898,45.0901]],[[-74.6718,45.0268],[-74.6717,45.0269],[-74.672,45.0266],[-74.6718,45.0268]]],[[[-74.652,45.0229],[-74.6515,45.0226],[-74.6518,45.0227],[-74.652,45.0229]]],[[[-74.5497,45.0584],[-74.5496,45.0585],[-74.5494,45.0587],[-74.5497,45.0584]]],[[[-74.6479,45.0277],[-74.6479,45.0274],[-74.6479,45.0275],[-74.6479,45.0277]]],[[[-74.528,45.0705],[-74.528,45.0708],[-74.5281,45.0709],[-74.528,45.0705]],[[-74.5448,45.0515],[-74.5446,45.0516],[-74.5448,45.0514],[-74.5448,45.0515]]],[[[-74.5703,45.0469],[-74.5704,45.047],[-74.5705,45.0471],[-74.5703,45.0469]]],[[[-74.4775,45.0903],[-74.4773,45.0904],[-74.4776,45.0902],[-74.4775,45.0903]]],[[[-74.5594,45.0459],[-74.5595,45.0457],[-74.5594,45.0456],[-74.5594,45.0459]]],[[[-74.5097,45.0935],[-74.5098,45.0933],[-74.5097,45.0934],[-74.5097,45.0935]]],[[[-74.5157,45.093],[-74.5156,45.0931],[-74.5157,45.093],[-74.5157,45.093]]],[[[-74.5529,45.0508],[-74.5529,45.0509],[-74.5531,45.0506],[-74.5529,45.0508]]],[[[-74.4791,45.0895],[-74.4788,45.0897],[-74.4789,45.0897],[-74.4791,45.0895]]],[[[-74.5497,45.0584],[-74.5499,45.0582],[-74.5497,45.0584],[-74.5497,45.0584]]],[[[-74.512,45.0927],[-74.5121,45.0924],[-74.512,45.0926],[-74.512,45.0927]]],[[[-74.5552,45.0505],[-74.5552,45.0503],[-74.5552,45.0505],[-74.5552,45.0505]]],[[[-74.6679,45.0282],[-74.6677,45.0284],[-74.6682,45.0281],[-74.6679,45.0282]]],[[[-74.6493,45.025],[-74.6495,45.0253],[-74.6495,45.0252],[-74.6493,45.025]]],[[[-74.5553,45.0499],[-74.5552,45.0501],[-74.5553,45.0499],[-74.5553,45.0499]]],[[[-74.5181,45.0643],[-74.5182,45.0641],[-74.5182,45.0641],[-74.5181,45.0643]]],[[[-74.5097,45.0935],[-74.5097,45.0937],[-74.5097,45.0938],[-74.5097,45.0935]]],[[[-74.5588,45.0468],[-74.5589,45.0464],[-74.5588,45.0466],[-74.5588,45.0468]]],[[[-74.5588,45.0468],[-74.5585,45.047],[-74.5588,45.0468],[-74.5588,45.0468]]],[[[-74.5445,45.0508],[-74.5445,45.051],[-74.5446,45.0512],[-74.5445,45.0508]]],[[[-74.5714,45.0473],[-74.5713,45.0475],[-74.5715,45.0472],[-74.5714,45.0473]]],[[[-74.5433,45.0528],[-74.5433,45.053],[-74.5435,45.0526],[-74.5433,45.0528]]],[[[-74.4794,45.0893],[-74.4791,45.0895],[-74.4793,45.0894],[-74.4794,45.0893]],[[-74.671,45.0239],[-74.6712,45.0242],[-74.6709,45.0239],[-74.671,45.0239]]],[[[-74.4995,45.1106],[-74.4995,45.1107],[-74.4995,45.1109],[-74.4995,45.1106]],[[-74.5135,45.0956],[-74.5134,45.0957],[-74.5136,45.0955],[-74.5135,45.0956]]],[[[-74.5524,45.0554],[-74.5526,45.0556],[-74.5523,45.0553],[-74.5524,45.0554]]],[[[-74.5142,45.0673],[-74.5141,45.0675],[-74.5142,45.0673],[-74.5142,45.0673]]],[[[-74.5095,45.0946],[-74.5093,45.0948],[-74.5097,45.0945],[-74.5095,45.0946]]],[[[-74.5518,45.0564],[-74.5523,45.0561],[-74.552,45.0563],[-74.5518,45.0564]]],[[[-74.5157,45.066],[-74.516,45.0658],[-74.5157,45.066],[-74.5157,45.066]]],[[[-74.6722,45.0262],[-74.6721,45.0265],[-74.6722,45.0264],[-74.6722,45.0262]]],[[[-74.5706,45.0484],[-74.5707,45.0486],[-74.5707,45.0487],[-74.5706,45.0484]],[[-74.5139,45.0952],[-74.5137,45.0954],[-74.514,45.0951],[-74.5139,45.0952]]],[[[-74.5116,45.0695],[-74.5119,45.0692],[-74.5118,45.0693],[-74.5116,45.0695]],[[-74.4769,45.0906],[-74.4765,45.0909],[-74.477,45.0905],[-74.4769,45.0906]]],[[[-74.6494,45.0257],[-74.6491,45.0261],[-74.6494,45.0259],[-74.6494,45.0257]],[[-74.4938,45.0712],[-74.4938,45.0715],[-74.4937,45.0711],[-74.4938,45.0712]]],[[[-74.55,45.0577],[-74.55,45.058],[-74.5503,45.0576],[-74.55,45.0577]]],[[[-74.5594,45.0459],[-74.5593,45.0463],[-74.5594,45.0461],[-74.5594,45.0459]],[[-74.5632,45.0555],[-74.5628,45.0557],[-74.5632,45.0554],[-74.5632,45.0555]]],[[[-74.6722,45.0258],[-74.6722,45.0261],[-74.6722,45.0262],[-74.6722,45.0258]],[[-74.5104,45.0702],[-74.5101,45.0705],[-74.5104,45.0702],[-74.5104,45.0702]],[[-74.5034,45.0882],[-74.5035,45.0885],[-74.5033,45.0881],[-74.5034,45.0882]]],[[[-74.6495,45.0253],[-74.6494,45.0257],[-74.6495,45.0254],[-74.6495,45.0253]]],[[[-74.5442,45.0503],[-74.5445,45.0508],[-74.5444,45.0507],[-74.5442,45.0503]]],[[[-74.5518,45.0564],[-74.5518,45.0567],[-74.5519,45.0569],[-74.5518,45.0564]],[[-74.5558,45.0475],[-74.5562,45.0479],[-74.5558,45.0475],[-74.5558,45.0475]]],[[[-74.6521,45.0237],[-74.6522,45.0233],[-74.6522,45.0231],[-74.6521,45.0237]]],[[[-74.6521,45.0237],[-74.652,45.0242],[-74.6521,45.024],[-74.6521,45.0237]]],[[[-74.5706,45.0484],[-74.5707,45.0479],[-74.5707,45.048],[-74.5706,45.0484]]],[[[-74.4887,45.0922],[-74.4882,45.0927],[-74.4885,45.0925],[-74.4887,45.0922]]],[[[-74.6685,45.0277],[-74.6681,45.028],[-74.6688,45.0275],[-74.6685,45.0277]]],[[[-74.5519,45.0569],[-74.5518,45.0574],[-74.552,45.0572],[-74.5519,45.0569]]],[[[-74.5145,45.0945],[-74.5141,45.095],[-74.5143,45.0948],[-74.5145,45.0945]]],[[[-74.548,45.0594],[-74.5476,45.0598],[-74.5482,45.0593],[-74.548,45.0594]]],[[[-74.528,45.0705],[-74.5276,45.0699],[-74.5276,45.07],[-74.528,45.0705]]],[[[-74.4898,45.0901],[-74.4895,45.0906],[-74.4894,45.0907],[-74.4898,45.0901]],[[-74.4842,45.0868],[-74.4839,45.0872],[-74.4842,45.0866],[-74.4842,45.0868]]],[[[-74.5437,45.0521],[-74.5435,45.0526],[-74.544,45.0519],[-74.5437,45.0521]]],[[[-74.6722,45.0258],[-74.672,45.0254],[-74.6719,45.0251],[-74.6722,45.0258]]],[[[-82.4225,43.0],[-82.4218,43.0008],[-82.423,42.9993],[-82.4225,43.0]],[[-74.5519,45.0513],[-74.5513,45.0518],[-74.552,45.0512],[-74.5519,45.0513]]],[[[-74.6493,45.025],[-74.649,45.0245],[-74.6486,45.0242],[-74.6493,45.025]]],[[[-74.4887,45.0922],[-74.4893,45.0911],[-74.489,45.0916],[-74.4887,45.0922]],[[-74.5563,45.0488],[-74.5563,45.0497],[-74.5563,45.0486],[-74.5563,45.0488]]],[[[-74.6513,45.0255],[-74.6517,45.0244],[-74.6512,45.0252],[-74.6513,45.0255]]],[[[-76.0417,44.35],[-76.0416,44.3501],[-76.0419,44.35],[-76.0417,44.35]]],[[[-80.3128,45.3825],[-80.3131,45.3827],[-80.3132,45.3824],[-80.3128,45.3825]]],[[[-76.008,44.3628],[-76.0088,44.3626],[-76.0084,44.3624],[-76.008,44.3628]]],[[[-75.888,44.408],[-75.8878,44.4086],[-75.8886,44.408],[-75.888,44.408]]],[[[-79.717,44.8116],[-79.7174,44.8119],[-79.7168,44.8108],[-79.717,44.8116]]],[[[-89.0877,48.4865],[-89.0878,48.4859],[-89.0865,48.4855],[-89.0877,48.4865]]],[[[-80.2088,45.2353],[-80.2092,45.2356],[-80.2092,45.2344],[-80.2088,45.2353]]],[[[-82.4513,42.4778],[-82.4507,42.4789],[-82.4512,42.4794],[-82.4513,42.4778]]],[[[-82.4574,42.4751],[-82.4589,42.4753],[-82.4598,42.4746],[-82.4574,42.4751]]],[[[-79.7548,44.7955],[-79.7561,44.7949],[-79.7546,44.7941],[-79.7548,44.7955]]],[[[-83.1134,42.1514],[-83.1143,42.1495],[-83.1138,42.1496],[-83.1134,42.1514]]],[[[-79.7054,44.8227],[-79.7063,44.8217],[-79.7042,44.8213],[-79.7054,44.8227]]],[[[-82.4963,42.684],[-82.4979,42.6812],[-82.4973,42.6813],[-82.4963,42.684]]],[[[-88.9002,48.537],[-88.9025,48.537],[-88.9029,48.5359],[-88.9002,48.537]]],[[[-83.991,46.3157],[-83.9916,46.3153],[-83.988,46.3123],[-83.991,46.3157]]],[[[-79.3691,43.624],[-79.3713,43.6236],[-79.3674,43.623],[-79.3691,43.624]],[[-79.3663,43.6229],[-79.368,43.624],[-79.3643,43.623],[-79.3663,43.6229]]],[[[-89.414,48.0577],[-89.4103,48.0592],[-89.4166,48.0576],[-89.414,48.0577]]],[[[-82.4893,42.6984],[-82.4876,42.7009],[-82.4911,42.6975],[-82.4893,42.6984]]],[[[-80.3149,42.5693],[-80.3118,42.5705],[-80.319,42.57],[-80.3149,42.5693]]],[[[-80.3094,42.5823],[-80.3131,42.58],[-80.3119,42.5796],[-80.3094,42.5823]]],[[[-80.3025,42.5727],[-80.3051,42.5728],[-80.3075,42.5702],[-80.3025,42.5727]]],[[[-89.2628,48.1964],[-89.2526,48.2007],[-89.2588,48.1989],[-89.2628,48.1964]]],[[[-83.1127,42.184],[-83.1138,42.1874],[-83.1136,42.1841],[-83.1127,42.184]]],[[[-76.0063,44.3463],[-76.0088,44.3464],[-76.0107,44.344],[-76.0063,44.3463]]],[[[-89.2239,48.1389],[-89.2293,48.1382],[-89.2257,48.1375],[-89.2239,48.1389]]],[[[-80.2723,42.5913],[-80.2777,42.5882],[-80.2722,42.5896],[-80.2723,42.5913]]],[[[-80.3475,42.6526],[-80.3481,42.6489],[-80.3463,42.6483],[-80.3475,42.6526]]],[[[-89.3608,48.0754],[-89.3652,48.074],[-89.3597,48.0752],[-89.3608,48.0754]]],[[[-80.3223,42.5707],[-80.3263,42.5697],[-80.3229,42.5688],[-80.3223,42.5707]]],[[[-75.9092,44.3979],[-75.9127,44.3959],[-75.9114,44.3956],[-75.9092,44.3979]]],[[[-89.294,48.1419],[-89.2857,48.1448],[-89.2922,48.1431],[-89.294,48.1419]],[[-80.3123,42.5675],[-80.3118,42.5695],[-80.3087,42.5689],[-80.3123,42.5675]]],[[[-80.3518,42.6647],[-80.3536,42.664],[-80.3535,42.6615],[-80.3518,42.6647]]],[[[-80.2908,42.5876],[-80.2939,42.5877],[-80.2893,42.5861],[-80.2908,42.5876]]],[[[-80.2871,42.5641],[-80.2891,42.5634],[-80.2864,42.5628],[-80.2871,42.5641]]],[[[-80.3211,42.5687],[-80.3252,42.5684],[-80.3228,42.5677],[-80.3211,42.5687]]],[[[-79.3632,43.6248],[-79.3658,43.624],[-79.3639,43.6232],[-79.3632,43.6248]]],[[[-76.6295,44.2073],[-76.6311,44.2062],[-76.6273,44.2059],[-76.6295,44.2073]]],[[[-80.275,42.5862],[-80.2819,42.5839],[-80.2802,42.5833],[-80.275,42.5862]]],[[[-80.206,42.5582],[-80.2139,42.557],[-80.2134,42.5562],[-80.206,42.5582]]],[[[-84.1017,46.3498],[-84.1022,46.3477],[-84.1,46.3468],[-84.1017,46.3498]]],[[[-82.4348,42.4877],[-82.4384,42.4861],[-82.433,42.4876],[-82.4348,42.4877]]],[[[-80.2748,42.5784],[-80.2774,42.5788],[-80.2728,42.5775],[-80.2748,42.5784]]],[[[-76.3962,44.2456],[-76.4012,44.2446],[-76.3963,44.2444],[-76.3962,44.2456]]],[[[-80.3251,42.5695],[-80.3242,42.5707],[-80.3286,42.5695],[-80.3251,42.5695]]],[[[-83.1104,42.2455],[-83.1106,42.2446],[-83.1069,42.244],[-83.1104,42.2455]]],[[[-82.4265,42.3487],[-82.4285,42.3449],[-82.4258,42.3476],[-82.4265,42.3487]]],[[[-75.6976,44.5703],[-75.7008,44.5682],[-75.699,44.5682],[-75.6976,44.5703]]],[[[-80.3736,42.6599],[-80.3764,42.6599],[-80.3689,42.6594],[-80.3736,42.6599]]],[[[-80.3802,42.5835],[-80.3831,42.5846],[-80.3845,42.5824],[-80.3802,42.5835]]],[[[-75.7125,44.5601],[-75.7146,44.5596],[-75.7162,44.5572],[-75.7125,44.5601]]],[[[-80.3221,42.5741],[-80.3254,42.5748],[-80.3244,42.5725],[-80.3221,42.5741]]],[[[-89.3368,48.0758],[-89.3423,48.0737],[-89.3355,48.0758],[-89.3368,48.0758]]],[[[-80.0879,42.5496],[-80.0915,42.5501],[-80.0932,42.5485],[-80.0879,42.5496]]],[[[-80.4033,42.5984],[-80.4061,42.5982],[-80.4042,42.5955],[-80.4033,42.5984]]],[[[-80.4028,42.5935],[-80.4028,42.5951],[-80.4069,42.5931],[-80.4028,42.5935]]],[[[-80.1618,42.5601],[-80.1641,42.5607],[-80.167,42.5597],[-80.1618,42.5601]]],[[[-76.5105,44.1688],[-76.5188,44.1651],[-76.5117,44.1675],[-76.5105,44.1688]]],[[[-80.3284,42.5731],[-80.3305,42.5732],[-80.3298,42.5706],[-80.3284,42.5731]]],[[[-80.3367,42.6598],[-80.3395,42.6602],[-80.3372,42.6567],[-80.3367,42.6598]]],[[[-80.1812,42.5623],[-80.1977,42.5599],[-80.1907,42.5603],[-80.1812,42.5623]]],[[[-80.2669,42.584],[-80.2697,42.5843],[-80.2735,42.5824],[-80.2669,42.584]]],[[[-80.3061,42.5931],[-80.3064,42.5949],[-80.3089,42.5923],[-80.3061,42.5931]]],[[[-79.3677,43.6226],[-79.3717,43.6218],[-79.3667,43.6218],[-79.3677,43.6226]]],[[[-89.2572,48.2226],[-89.2615,48.2226],[-89.2631,48.2201],[-89.2572,48.2226]]],[[[-80.3017,42.5775],[-80.3073,42.5761],[-80.3059,42.5754],[-80.3017,42.5775]]],[[[-80.1981,42.5628],[-80.2098,42.5609],[-80.197,42.5621],[-80.1981,42.5628]]],[[[-80.21,42.5615],[-80.2281,42.5573],[-80.2115,42.5606],[-80.21,42.5615]]],[[[-80.3352,42.6554],[-80.3356,42.65],[-80.3342,42.6531],[-80.3352,42.6554]]],[[[-80.291,42.5863],[-80.2931,42.583],[-80.2895,42.5856],[-80.291,42.5863]]],[[[-80.2999,42.5875],[-80.3033,42.584],[-80.3002,42.5848],[-80.2999,42.5875]]],[[[-80.3288,42.5808],[-80.3321,42.5795],[-80.3284,42.5787],[-80.3288,42.5808]]],[[[-75.7,44.5733],[-75.705,44.5718],[-75.7018,44.5713],[-75.7,44.5733]]],[[[-80.3475,42.6724],[-80.3503,42.6725],[-80.3503,42.6693],[-80.3475,42.6724]]],[[[-80.3084,42.5876],[-80.3104,42.5853],[-80.3087,42.5848],[-80.3084,42.5876]]],[[[-83.9976,46.32],[-83.9979,46.3182],[-83.9931,46.3176],[-83.9976,46.32]]],[[[-80.1789,42.558],[-80.1895,42.5572],[-80.1874,42.5563],[-80.1789,42.558]]],[[[-80.3366,42.6538],[-80.34,42.6545],[-80.3411,42.6526],[-80.3366,42.6538]]],[[[-80.2989,42.5787],[-80.302,42.5756],[-80.2997,42.5757],[-80.2989,42.5787]]],[[[-80.296,42.5937],[-80.3004,42.5937],[-80.2982,42.5915],[-80.296,42.5937]]],[[[-80.2956,42.5872],[-80.3011,42.5831],[-80.2965,42.5846],[-80.2956,42.5872]]],[[[-80.2934,42.5774],[-80.2966,42.5778],[-80.2981,42.5754],[-80.2934,42.5774]]],[[[-80.2561,44.5362],[-80.26,44.5384],[-80.2571,44.5351],[-80.2561,44.5362]]],[[[-80.284,42.5844],[-80.2836,42.5814],[-80.2807,42.5821],[-80.284,42.5844]]],[[[-74.9205,45.008],[-74.9218,45.0056],[-74.9196,45.0044],[-74.9205,45.008]]],[[[-82.4143,42.4484],[-82.4248,42.4444],[-82.4167,42.4404],[-82.4143,42.4484]]],[[[-80.0596,42.5491],[-80.0677,42.5463],[-80.0597,42.5477],[-80.0596,42.5491]]],[[[-80.3447,42.6662],[-80.3479,42.664],[-80.3454,42.6633],[-80.3447,42.6662]]],[[[-79.2281,43.7118],[-79.2318,43.7085],[-79.2295,43.7077],[-79.2281,43.7118]]],[[[-80.2737,42.5631],[-80.283,42.5607],[-80.2799,42.5605],[-80.2737,42.5631]]],[[[-80.3007,42.5885],[-80.3047,42.5869],[-80.2969,42.5879],[-80.3007,42.5885]]],[[[-81.8458,42.3339],[-81.8487,42.3339],[-81.8455,42.3309],[-81.8458,42.3339]]],[[[-80.4182,42.591],[-80.4217,42.5827],[-80.4181,42.5866],[-80.4182,42.591]]],[[[-75.4351,44.7588],[-75.4371,44.7578],[-75.4412,44.7509],[-75.4351,44.7588]],[[-80.3192,42.5679],[-80.319,42.57],[-80.3163,42.567],[-80.3192,42.5679]]],[[[-89.3333,48.1239],[-89.3358,48.1238],[-89.3361,48.1212],[-89.3333,48.1239]]],[[[-81.3587,44.9584],[-81.3614,44.958],[-81.3644,44.9538],[-81.3587,44.9584]]],[[[-80.4128,42.5927],[-80.4164,42.5895],[-80.4097,42.592],[-80.4128,42.5927]]],[[[-80.1573,42.5578],[-80.1773,42.5544],[-80.1672,42.5556],[-80.1573,42.5578]]],[[[-82.488,42.701],[-82.4905,42.7005],[-82.4927,42.6975],[-82.488,42.701]]],[[[-83.1075,42.2248],[-83.11,42.2263],[-83.107,42.2099],[-83.1075,42.2248]]],[[[-79.8245,44.8637],[-79.8273,44.8635],[-79.8207,44.8629],[-79.8245,44.8637]]],[[[-80.3959,42.5873],[-80.3943,42.5893],[-80.4009,42.5884],[-80.3959,42.5873]]],[[[-84.1105,46.3348],[-84.1118,46.3324],[-84.1076,46.3327],[-84.1105,46.3348]]],[[[-74.9763,44.9864],[-74.9744,44.9884],[-74.976,44.9908],[-74.9763,44.9864]]],[[[-80.3286,42.5872],[-80.3328,42.5871],[-80.3323,42.5836],[-80.3286,42.5872]]],[[[-80.1672,42.5596],[-80.1789,42.5583],[-80.1654,42.5595],[-80.1672,42.5596]]],[[[-80.2954,42.573],[-80.2947,42.5753],[-80.3022,42.571],[-80.2954,42.573]]],[[[-82.4871,42.7019],[-82.4932,42.6998],[-82.4941,42.6964],[-82.4871,42.7019]]],[[[-75.3822,44.7853],[-75.4031,44.7759],[-75.3787,44.7845],[-75.3822,44.7853]]],[[[-77.7405,43.982],[-77.7354,43.987],[-77.7454,43.9832],[-77.7405,43.982]]],[[[-79.3734,43.6237],[-79.3774,43.6225],[-79.3722,43.6216],[-79.3734,43.6237]]],[[[-80.3612,42.5832],[-80.3644,42.5821],[-80.3624,42.5789],[-80.3612,42.5832]]],[[[-83.1288,42.103],[-83.1334,42.0901],[-83.1338,42.0684],[-83.1288,42.103]]],[[[-80.3106,42.5913],[-80.3111,42.5877],[-80.3053,42.5894],[-80.3106,42.5913]]],[[[-80.3458,42.6757],[-80.3489,42.6749],[-80.344,42.6728],[-80.3458,42.6757]]],[[[-83.1311,42.0685],[-83.1284,42.0871],[-83.1265,42.1044],[-83.1311,42.0685]]],[[[-76.4497,44.2286],[-76.4536,44.2275],[-76.4556,44.2242],[-76.4497,44.2286]]],[[[-80.4128,42.5878],[-80.4148,42.5852],[-80.4102,42.5848],[-80.4128,42.5878]]],[[[-88.9806,48.5058],[-88.994,48.4999],[-88.9782,48.5054],[-88.9806,48.5058]]],[[[-80.4156,42.5918],[-80.4163,42.5853],[-80.4127,42.5907],[-80.4156,42.5918]],[[-82.4657,42.889],[-82.4642,42.8918],[-82.4676,42.8833],[-82.4657,42.889]]],[[[-80.1066,42.5493],[-80.1066,42.5504],[-80.1292,42.5468],[-80.1066,42.5493]]],[[[-80.1121,42.552],[-80.1263,42.549],[-80.1084,42.5523],[-80.1121,42.552]]],[[[-80.4198,42.5825],[-80.4262,42.5802],[-80.4139,42.5811],[-80.4198,42.5825]]],[[[-80.239,42.5594],[-80.2586,42.5564],[-80.2531,42.5557],[-80.239,42.5594]]],[[[-81.3901,44.986],[-81.3876,44.991],[-81.3937,44.9862],[-81.3901,44.986]]],[[[-77.711,44.0289],[-77.7162,44.0311],[-77.7144,44.0257],[-77.711,44.0289]]],[[[-81.9038,42.2612],[-81.9055,42.2592],[-81.8832,42.2572],[-81.9038,42.2612]]],[[[-79.3579,43.6301],[-79.3629,43.6251],[-79.3592,43.6262],[-79.3579,43.6301]]],[[[-89.2966,48.1007],[-89.3064,48.0974],[-89.3067,48.0948],[-89.2966,48.1007]]],[[[-80.3009,42.5968],[-80.3118,42.5945],[-80.2981,42.5952],[-80.3009,42.5968]]],[[[-79.7606,44.7965],[-79.7637,44.7913],[-79.7559,44.7945],[-79.7606,44.7965]]],[[[-79.8852,44.9316],[-79.8914,44.9305],[-79.8821,44.9318],[-79.8852,44.9316]]],[[[-79.3857,43.6269],[-79.3869,43.6226],[-79.3832,43.6209],[-79.3857,43.6269]]],[[[-84.3453,46.5136],[-84.3618,46.515],[-84.3658,46.5134],[-84.3453,46.5136]]],[[[-79.9293,44.9326],[-79.9329,44.9311],[-79.925,44.9296],[-79.9293,44.9326]]],[[[-88.879,48.5397],[-88.8887,48.5385],[-88.8937,48.5343],[-88.879,48.5397]]],[[[-84.0994,46.3412],[-84.1013,46.3387],[-84.0974,46.3298],[-84.0994,46.3412]]],[[[-80.2761,42.5933],[-80.2816,42.5903],[-80.2747,42.5896],[-80.2761,42.5933]]],[[[-80.4145,42.5987],[-80.4266,42.594],[-80.4186,42.5924],[-80.4145,42.5987]]],[[[-81.9409,45.988],[-81.946,45.9916],[-81.9502,45.9887],[-81.9409,45.988]]],[[[-79.3826,43.6256],[-79.3824,43.621],[-79.3704,43.6195],[-79.3826,43.6256]]],[[[-82.4667,42.8811],[-82.467,42.8702],[-82.4632,42.8794],[-82.4667,42.8811]]],[[[-76.3261,44.1896],[-76.3284,44.1971],[-76.3343,44.1892],[-76.3261,44.1896]]],[[[-80.2037,42.557],[-80.2272,42.5533],[-80.1992,42.5562],[-80.2037,42.557]]],[[[-89.2644,48.1517],[-89.2701,48.1518],[-89.2855,48.1452],[-89.2644,48.1517]]],[[[-89.211,48.3728],[-89.2143,48.3712],[-89.2145,48.3626],[-89.211,48.3728]]],[[[-83.1207,42.1312],[-83.1224,42.135],[-83.1178,42.1131],[-83.1207,42.1312]]],[[[-82.9213,42.3469],[-82.9386,42.3466],[-82.9273,42.3426],[-82.9213,42.3469]]],[[[-75.3232,44.8223],[-75.32,44.8323],[-75.3674,44.7966],[-75.3232,44.8223]]],[[[-75.3073,44.8351],[-75.3164,44.8231],[-75.3103,44.8259],[-75.3073,44.8351]]],[[[-79.723,44.8045],[-79.7297,44.7992],[-79.7218,44.8008],[-79.723,44.8045]]],[[[-89.1395,48.3616],[-89.1462,48.3576],[-89.1404,48.356],[-89.1395,48.3616]]],[[[-87.5093,48.8283],[-87.5125,48.8341],[-87.5181,48.8271],[-87.5093,48.8283]]],[[[-76.4609,44.2049],[-76.4711,44.1987],[-76.4622,44.1984],[-76.4609,44.2049]]],[[[-76.1729,44.2526],[-76.1808,44.2519],[-76.1674,44.2496],[-76.1729,44.2526]]],[[[-80.3406,42.5781],[-80.3544,42.5797],[-80.3526,42.5737],[-80.3406,42.5781]]],[[[-80.2837,42.6072],[-80.2897,42.6071],[-80.2729,42.5914],[-80.2837,42.6072]]],[[[-77.7464,43.9722],[-77.7424,43.9801],[-77.7503,43.9762],[-77.7464,43.9722]]],[[[-84.3484,46.5126],[-84.3712,46.512],[-84.3428,46.5112],[-84.3484,46.5126]]],[[[-74.8458,45.0174],[-74.8542,45.0153],[-74.855,45.0104],[-74.8458,45.0174]]],[[[-77.6249,44.0261],[-77.6281,44.0222],[-77.6063,44.0172],[-77.6249,44.0261]]],[[[-89.1185,48.3653],[-89.1212,48.3698],[-89.1312,48.3644],[-89.1185,48.3653]]],[[[-76.5205,44.1539],[-76.5249,44.1479],[-76.5157,44.1553],[-76.5205,44.1539]]],[[[-76.7224,44.1053],[-76.7307,44.0975],[-76.7205,44.1005],[-76.7224,44.1053]]],[[[-80.1258,42.5535],[-80.14,42.5549],[-80.1676,42.5495],[-80.1258,42.5535]]],[[[-82.412,42.4006],[-82.4176,42.3863],[-82.4113,42.3914],[-82.412,42.4006]]],[[[-80.2347,42.5615],[-80.2318,42.5623],[-80.2683,42.5579],[-80.2347,42.5615]]],[[[-80.2522,42.5639],[-80.2778,42.56],[-80.2483,42.5641],[-80.2522,42.5639]]],[[[-82.4613,42.8953],[-82.466,42.8882],[-82.4637,42.8801],[-82.4613,42.8953]]],[[[-84.1199,46.5278],[-84.1224,46.5213],[-84.113,46.5191],[-84.1199,46.5278]]],[[[-79.339,43.6293],[-79.3436,43.6128],[-79.3298,43.6224],[-79.339,43.6293]]],[[[-74.5368,45.0708],[-74.5446,45.0621],[-74.5294,45.0662],[-74.5368,45.0708]]],[[[-84.0777,46.3333],[-84.0815,46.3247],[-84.0736,46.3197],[-84.0777,46.3333]]],[[[-80.2086,42.5622],[-80.2509,42.5555],[-80.2222,42.5569],[-80.2086,42.5622]]],[[[-83.1199,42.1054],[-83.1258,42.0951],[-83.1238,42.0703],[-83.1199,42.1054]]],[[[-80.3416,42.5984],[-80.3561,42.584],[-80.3346,42.5823],[-80.3416,42.5984]]],[[[-80.179,42.5584],[-80.2171,42.5509],[-80.1549,42.5549],[-80.179,42.5584]]],[[[-79.0131,43.0618],[-79.0225,43.0612],[-79.0095,43.0488],[-79.0131,43.0618]]],[[[-89.144,48.1756],[-89.2095,48.1451],[-89.2011,48.1451],[-89.144,48.1756]]],[[[-83.905,46.3164],[-83.9087,46.3077],[-83.8812,46.3029],[-83.905,46.3164]]],[[[-83.8999,46.3278],[-83.91,46.3176],[-83.8876,46.3128],[-83.8999,46.3278]]],[[[-89.3154,48.0936],[-89.3611,48.0809],[-89.3523,48.073],[-89.3154,48.0936]]],[[[-89.2431,48.1221],[-89.2583,48.1227],[-89.2856,48.1041],[-89.2431,48.1221]]],[[[-74.9267,45.0013],[-74.9727,44.9893],[-74.9213,44.9928],[-74.9267,45.0013]]],[[[-84.1122,46.3554],[-84.1224,46.3465],[-84.1007,46.3309],[-84.1122,46.3554]]],[[[-74.8705,45.0212],[-74.8952,45.024],[-74.9203,44.996],[-74.8705,45.0212]]],[[[-89.2146,48.3908],[-89.2418,48.3785],[-89.2104,48.3782],[-89.2146,48.3908]]],[[[-79.352,43.6333],[-79.4049,43.6278],[-79.3831,43.6121],[-79.352,43.6333]]],[[[-82.982,46.1798],[-83.017,46.1761],[-82.9669,46.1731],[-82.982,46.1798]]],[[[-80.2584,45.2946],[-80.273,45.258],[-80.25,45.2723],[-80.2584,45.2946]]],[[[-89.2115,48.3764],[-89.2483,48.3701],[-89.2163,48.3567],[-89.2115,48.3764]]],[[[-89.2314,48.2253],[-89.2461,48.2037],[-89.2208,48.2116],[-89.2314,48.2253]]],[[[-76.9628,44.0029],[-76.9876,43.9812],[-76.9681,43.9835],[-76.9628,44.0029]]],[[[-88.2954,48.5585],[-88.307,48.5273],[-88.2828,48.5465],[-88.2954,48.5585]]],[[[-81.7459,45.9374],[-81.7904,45.9303],[-81.7395,45.9237],[-81.7459,45.9374]]],[[[-81.6082,46.0702],[-81.641,46.065],[-81.6063,46.0505],[-81.6082,46.0702]]],[[[-80.5386,45.6547],[-80.5735,45.6354],[-80.5374,45.6284],[-80.5386,45.6547]]],[[[-82.335,46.0728],[-82.3625,46.0426],[-82.3231,46.0563],[-82.335,46.0728]]],[[[-81.5323,45.9737],[-81.525,45.9498],[-81.4973,45.9637],[-81.5323,45.9737]]],[[[-82.9796,45.7651],[-83.0098,45.7505],[-82.9821,45.74],[-82.9796,45.7651]]],[[[-83.1161,42.2441],[-83.1263,42.236],[-83.1148,42.1905],[-83.1161,42.2441]]],[[[-80.5481,45.6646],[-80.5781,45.6624],[-80.5832,45.6429],[-80.5481,45.6646]]],[[[-80.1644,44.916],[-80.2006,44.9038],[-80.1622,44.8947],[-80.1644,44.916]]],[[[-80.9703,44.8523],[-80.9968,44.8246],[-80.9666,44.8279],[-80.9703,44.8523]]],[[[-81.4629,45.5752],[-81.4849,45.558],[-81.4569,45.5506],[-81.4629,45.5752]]],[[[-80.0861,45.2781],[-80.1381,45.2674],[-80.1624,45.2363],[-80.0861,45.2781]]],[[[-88.1275,48.9344],[-88.1618,48.9284],[-88.1229,48.9123],[-88.1275,48.9344]]],[[[-75.8463,44.4352],[-75.9067,44.3839],[-75.8397,44.4229],[-75.8463,44.4352]]],[[[-75.9334,44.3642],[-75.9973,44.3498],[-75.9704,44.343],[-75.9334,44.3642]]],[[[-79.986,44.9313],[-80.0147,44.9064],[-80.0088,44.8809],[-79.986,44.9313]]],[[[-84.9279,47.4699],[-84.9458,47.4383],[-84.9151,47.4557],[-84.9279,47.4699]]],[[[-81.0057,45.9461],[-81.0316,45.9315],[-80.9853,45.9249],[-81.0057,45.9461]]],[[[-76.5055,44.1842],[-76.5562,44.1514],[-76.4942,44.1788],[-76.5055,44.1842]]],[[[-80.9697,44.9052],[-80.9837,44.8889],[-80.9713,44.8672],[-80.9697,44.9052]]],[[[-81.9809,46.0391],[-82.0294,46.0075],[-81.9879,46.0153],[-81.9809,46.0391]]],[[[-82.3895,46.0742],[-82.3955,46.0897],[-82.4335,46.07],[-82.3895,46.0742]]],[[[-85.7928,47.3529],[-85.8128,47.3886],[-85.8246,47.3519],[-85.7928,47.3529]]],[[[-82.6237,42.5553],[-82.6781,42.5233],[-82.6072,42.5464],[-82.6237,42.5553]]],[[[-87.0,48.6922],[-87.0761,48.669],[-86.983,48.6785],[-87.0,48.6922]]],[[[-84.7454,47.3256],[-84.7452,47.2982],[-84.7151,47.3199],[-84.7454,47.3256]]],[[[-81.5698,45.9653],[-81.6177,45.9476],[-81.6226,45.9258],[-81.5698,45.9653]]],[[[-80.9009,44.8593],[-80.9243,44.8282],[-80.8928,44.8314],[-80.9009,44.8593]]],[[[-82.1478,46.0627],[-82.1736,46.0427],[-82.1136,46.0447],[-82.1478,46.0627]]],[[[-81.7379,45.3276],[-81.7762,45.3126],[-81.6965,45.2926],[-81.7379,45.3276]]],[[[-80.1216,44.885],[-80.1118,44.8392],[-80.0972,44.8614],[-80.1216,44.885]]],[[[-80.3362,45.424],[-80.3603,45.4083],[-80.3454,45.3734],[-80.3162,45.3883],[-80.3362,45.424]]],[[[-74.6642,45.0147],[-74.7606,45.0004],[-74.736,44.9923],[-74.6642,45.0147]]],[[[-82.0271,46.0425],[-82.0736,46.008],[-82.0302,46.0133],[-82.0271,46.0425]]],[[[-87.4021,48.7799],[-87.4411,48.7723],[-87.3515,48.756],[-87.4021,48.7799]]],[[[-82.57,46.152],[-82.6309,46.1441],[-82.5436,46.1359],[-82.57,46.152]]],[[[-86.6351,48.7233],[-86.6536,48.6961],[-86.5912,48.69],[-86.6351,48.7233]]],[[[-87.5852,48.8075],[-87.5838,48.7742],[-87.5358,48.7797],[-87.5852,48.8075]]],[[[-81.8536,45.9728],[-81.8825,45.9036],[-81.8319,45.9354],[-81.8536,45.9728]]],[[[-80.4112,45.5292],[-80.4818,45.5172],[-80.4351,45.4895],[-80.4112,45.5292]]],[[[-82.5857,42.5483],[-82.6259,42.5352],[-82.5902,42.5198],[-82.5958,42.493],[-82.5857,42.5483]]],[[[-79.8515,44.901],[-79.8861,44.886],[-79.8722,44.8285],[-79.8515,44.901]]],[[[-81.604,46.099],[-81.6332,46.0922],[-81.5945,46.0683],[-81.5439,46.0846],[-81.604,46.099]]],[[[-80.0553,45.1771],[-80.0847,45.1512],[-80.0057,45.1299],[-80.0553,45.1771]]],[[[-82.3755,46.1494],[-82.5115,46.1368],[-82.4432,46.1233],[-82.3755,46.1494]]],[[[-88.0815,48.6982],[-88.1197,48.6363],[-88.0573,48.6783],[-88.0815,48.6982]]],[[[-82.9532,45.6895],[-82.9762,45.6665],[-82.9441,45.634],[-82.9532,45.6895]]],[[[-80.0435,42.5487],[-80.3079,42.5638],[-80.1502,42.5391],[-80.0435,42.5487]]],[[[-88.5869,48.4217],[-88.6495,48.4002],[-88.6534,48.358],[-88.5869,48.4217]]],[[[-87.5164,48.798],[-87.4954,48.7574],[-87.4432,48.7747],[-87.5164,48.798]]],[[[-88.0559,48.9478],[-88.0986,48.9288],[-88.0183,48.8909],[-88.0559,48.9478]]],[[[-84.512,46.9143],[-84.547,46.8724],[-84.4271,46.8853],[-84.512,46.9143]]],[[[-82.2264,46.0547],[-82.2721,46.0219],[-82.2028,45.9829],[-82.1935,46.036],[-82.2264,46.0547]]],[[[-86.9948,48.6769],[-87.0581,48.6413],[-86.9566,48.6333],[-86.9948,48.6769]]],[[[-76.2053,44.3048],[-76.3554,44.2514],[-76.2946,44.2487],[-76.2053,44.3048]]],[[[-80.2377,44.8836],[-80.2452,44.8334],[-80.1551,44.7868],[-80.1909,44.8051],[-80.1569,44.8546],[-80.2377,44.8836]]],[[[-82.639,41.832],[-82.6877,41.813],[-82.672,41.7244],[-82.6206,41.7507],[-82.639,41.832]]],[[[-89.0699,48.273],[-89.1749,48.2226],[-89.1214,48.2071],[-89.0273,48.2469],[-89.0699,48.273]]],[[[-81.1569,46.0001],[-81.2556,45.9668],[-81.2357,45.9919],[-81.3962,45.9799],[-81.2145,45.9491],[-81.1569,46.0001]]],[[[-81.7024,45.5307],[-81.8179,45.5007],[-81.8264,45.4481],[-81.7342,45.4733],[-81.7024,45.5307]]],[[[-76.6415,44.1918],[-76.8126,44.1282],[-76.7859,44.1014],[-76.7029,44.1034],[-76.6189,44.18],[-76.6415,44.1918]]],[[[-87.7002,48.8428],[-87.7463,48.8338],[-87.7122,48.7746],[-87.7564,48.7559],[-87.5952,48.7481],[-87.7002,48.8428]]],[[[-80.0694,45.3436],[-80.0973,45.3411],[-80.0927,45.308],[-80.2056,45.3197],[-80.2158,45.2635],[-80.1751,45.2229],[-80.1519,45.2789],[-80.0433,45.3165],[-80.0694,45.3436]]],[[[-81.8185,46.0631],[-81.9568,46.0471],[-81.9661,46.0069],[-81.7358,45.9725],[-81.7295,46.0037],[-81.7851,45.9986],[-81.8185,46.0631]]],[[[-76.1839,44.2387],[-76.3978,44.2325],[-76.5064,44.1673],[-76.5105,44.134],[-76.4494,44.1456],[-76.4909,44.1049],[-76.4424,44.0952],[-76.3539,44.1354],[-76.3832,44.1407],[-76.336,44.1843],[-76.3983,44.2017],[-76.2338,44.208],[-76.1839,44.2387]]],[[[-83.3554,45.9928],[-83.4707,45.9348],[-83.4766,45.8732],[-83.4522,45.8955],[-83.3475,45.8503],[-83.2645,45.9054],[-83.2657,45.958],[-83.3554,45.9928]]],[[[-85.7431,47.7979],[-85.8585,47.7892],[-85.9593,47.7312],[-85.7267,47.7038],[-85.5956,47.7446],[-85.7431,47.7979]]],[[[-87.9246,48.8579],[-88.0888,48.8057],[-88.0685,48.7003],[-88.0108,48.6895],[-88.0206,48.7213],[-87.9654,48.754],[-87.8189,48.7392],[-87.7887,48.755],[-87.8076,48.7908],[-87.7527,48.7827],[-87.7583,48.8368],[-87.9246,48.8579]]],[[[-83.9463,46.3176],[-84.0494,46.2884],[-84.1146,46.3125],[-84.0725,46.1912],[-83.9942,46.153],[-83.9451,46.0615],[-83.8767,46.0937],[-83.8892,46.1535],[-83.8132,46.1293],[-83.8292,46.1539],[-83.8107,46.1393],[-83.8199,46.1661],[-83.7874,46.1842],[-83.807,46.2015],[-83.7731,46.2138],[-83.8409,46.238],[-83.84,46.2645],[-83.9564,46.2877],[-83.9213,46.3028],[-83.9463,46.3176]]],[[[-77.0654,44.1734],[-77.2572,44.1288],[-77.2908,44.0933],[-77.2309,44.1015],[-77.3073,44.0773],[-77.3437,44.0849],[-77.2975,44.141],[-77.3855,44.1436],[-77.6925,44.0188],[-77.5705,44.032],[-77.5868,44.0165],[-77.5219,44.0],[-77.5732,43.9806],[-77.6124,44.008],[-77.5158,43.941],[-77.484,43.9604],[-77.4895,43.9254],[-77.2469,43.9599],[-77.2738,43.9106],[-77.3379,43.9474],[-77.2805,43.8916],[-77.2219,43.8929],[-77.2445,43.8571],[-77.1794,43.869],[-77.1554,43.8387],[-76.8598,43.9332],[-77.0071,43.9424],[-77.0525,43.919],[-76.9973,43.9859],[-77.0268,43.9912],[-76.9003,44.034],[-76.8512,44.1149],[-76.9931,44.0393],[-77.1093,44.0429],[-77.137,44.0092],[-77.0654,44.1734]],[[-77.086,43.9312],[-77.086,43.9312],[-77.086,43.9312],[-77.086,43.9312]],[[-77.164,43.9447],[-77.2049,43.8914],[-77.2321,43.9059],[-77.164,43.9447]]],[[[-81.9354,45.9871],[-82.0663,45.9558],[-82.1222,45.9135],[-82.1581,45.8268],[-82.2233,45.9176],[-82.2076,45.9435],[-82.2581,45.9095],[-82.2892,45.9285],[-82.2902,45.9908],[-82.4366,45.9567],[-82.4606,45.913],[-82.487,45.9471],[-82.5148,45.9056],[-82.5889,45.9002],[-82.5711,45.9558],[-82.6173,45.9712],[-82.7368,45.9266],[-82.6794,45.8906],[-82.5875,45.8996],[-82.5955,45.8798],[-82.5435,45.8604],[-82.5519,45.8302],[-82.5055,45.8529],[-82.5397,45.7798],[-82.5516,45.8299],[-82.5834,45.8158],[-82.5906,45.8487],[-82.6366,45.8234],[-82.6723,45.8646],[-82.7576,45.8337],[-82.768,45.8849],[-82.8411,45.9096],[-82.8097,45.9977],[-82.9906,45.9213],[-83.0559,45.9585],[-83.1083,45.915],[-83.1238,45.9547],[-83.1775,45.9603],[-83.226,45.8848],[-82.9575,45.8373],[-82.9537,45.8063],[-82.9361,45.8225],[-82.8683,45.7839],[-82.8345,45.8142],[-82.7582,45.7768],[-82.7419,45.7974],[-82.5201,45.7494],[-82.4798,45.7053],[-82.3351,45.6916],[-82.1899,45.6081],[-82.1001,45.5991],[-82.1298,45.5754],[-82.0744,45.5774],[-82.0771,45.5533],[-82.0096,45.5579],[-82.0124,45.5835],[-81.8441,45.6866],[-81.7472,45.6943],[-81.8879,45.5695],[-81.9075,45.6004],[-82.0133,45.5542],[-81.9582,45.5382],[-81.9356,45.5709],[-81.8447,45.515],[-81.7155,45.6089],[-81.5791,45.8027],[-81.71,45.79],[-81.6481,45.8608],[-81.6512,45.9013],[-81.6863,45.9013],[-81.7874,45.7819],[-81.7747,45.7369],[-81.7987,45.7231],[-81.8436,45.7923],[-81.8153,45.8669],[-81.918,45.8893],[-81.8861,45.9632],[-81.9354,45.9871]]],[[[-79.89,44.7717],[-79.8653,44.7844],[-79.8851,44.8123],[-79.9324,44.8091],[-79.9534,44.7682],[-79.9042,44.8406],[-79.9506,44.8671],[-80.0288,44.8536],[-80.0489,44.8018],[-80.124,44.8093],[-80.1287,44.7511],[-80.0324,44.7227],[-79.9792,44.6659],[-80.0077,44.5368],[-80.1014,44.4705],[-80.5894,44.6077],[-80.6463,44.7218],[-80.7956,44.7043],[-80.9447,44.5781],[-80.8881,44.7368],[-80.9057,44.7941],[-80.9923,44.8092],[-81.14,44.7474],[-81.0211,44.85],[-81.0208,44.9141],[-80.9601,44.9567],[-81.0354,44.9668],[-81.0565,44.9448],[-81.0242,44.9258],[-81.0775,44.8922],[-81.0999,44.9224],[-81.1588,44.9056],[-81.1198,44.9604],[-81.2139,44.9611],[-81.1946,44.998],[-81.2192,45.0094],[-81.2517,44.9882],[-81.2813,45.1173],[-81.3358,45.1418],[-81.2906,45.2451],[-81.6896,45.2557],[-81.7265,45.2142],[-81.6645,45.1842],[-81.5776,45.1919],[-81.595,45.1488],[-81.4638,45.0483],[-81.4367,44.9708],[-81.3674,45.0007],[-81.377,44.9671],[-81.3436,44.9653],[-81.3733,44.9059],[-81.2853,44.8056],[-81.2744,44.6998],[-81.3068,44.6911],[-81.2711,44.632],[-81.4068,44.4349],[-81.4831,44.4181],[-81.5544,44.3334],[-81.5979,44.3331],[-81.6382,44.177],[-81.7589,44.0737],[-81.7213,43.9313],[-81.7169,43.3748],[-81.8499,43.2596],[-82.0228,43.2125],[-82.0218,43.1724],[-82.1707,43.0589],[-82.422,42.9987],[-82.5,42.6373],[-82.5831,42.5475],[-82.5758,42.5035],[-82.5219,42.4886],[-82.5176,42.534],[-82.4729,42.515],[-82.4924,42.493],[-82.406,42.4898],[-82.402,42.3784],[-82.4593,42.3079],[-82.7288,42.2967],[-82.9398,42.343],[-83.0588,42.3158],[-83.1087,42.2572],[-83.1164,42.1653],[-83.0421,42.2048],[-83.0306,42.1725],[-83.0605,42.191],[-83.0892,42.1769],[-83.0685,42.1603],[-83.1067,42.1629],[-83.1141,42.0516],[-83.0474,42.0325],[-83.101,42.067],[-83.083,42.0788],[-83.0496,42.0319],[-82.9236,41.9807],[-82.6117,42.032],[-82.509,41.9094],[-82.4828,42.0395],[-82.4111,42.1104],[-82.0672,42.2552],[-81.9094,42.2535],[-81.9409,42.2781],[-81.8761,42.3374],[-81.844,42.3339],[-81.8784,42.2557],[-81.8518,42.2559],[-81.8044,42.3921],[-81.5402,42.5603],[-81.3185,42.652],[-80.89,42.6588],[-80.6203,42.5809],[-80.3335,42.57],[-80.4402,42.5787],[-80.4538,42.6163],[-80.3559,42.6841],[-80.3333,42.6608],[-80.2196,42.7826],[-79.9822,42.7919],[-79.7033,42.8612],[-79.6391,42.8355],[-79.5879,42.8576],[-79.4834,42.8408],[-79.4474,42.8761],[-79.3457,42.8554],[-79.1652,42.8762],[-79.0953,42.8356],[-79.0842,42.8615],[-78.9319,42.8841],[-78.9158,42.9348],[-79.0236,42.9811],[-79.0195,43.0483],[-79.079,43.0752],[-79.0432,43.1427],[-79.0637,43.2571],[-79.2176,43.2449],[-79.3453,43.1807],[-79.744,43.2454],[-79.7924,43.3002],[-79.7884,43.2629],[-79.8904,43.2853],[-79.7929,43.3009],[-79.6095,43.484],[-79.598,43.5364],[-79.4682,43.6339],[-79.3254,43.6536],[-79.3533,43.6382],[-79.3227,43.6262],[-79.3179,43.6611],[-79.0918,43.8121],[-78.2557,43.9533],[-77.8774,43.9754],[-77.7512,44.0107],[-77.7037,43.9887],[-77.6754,43.9979],[-77.7424,44.0121],[-77.3849,44.1599],[-77.1484,44.1617],[-77.0233,44.1988],[-77.0627,44.1038],[-76.9629,44.1697],[-76.8827,44.1735],[-77.0769,44.0845],[-77.0199,44.0753],[-77.0587,44.0534],[-77.0208,44.0509],[-76.6092,44.241],[-76.6091,44.2136],[-76.5486,44.2083],[-76.2268,44.3206],[-76.1937,44.3042],[-76.0485,44.369],[-76.0671,44.345],[-75.9374,44.3756],[-75.8045,44.5044],[-75.2903,44.8567],[-75.0109,44.9618],[-74.9388,45.0034],[-74.9688,45.0074],[-74.947,45.0246],[-74.8313,45.0323],[-74.7947,45.0063],[-74.6156,45.0359],[-74.4511,45.159],[-74.3891,45.1686],[-74.3435,45.2054],[-74.4719,45.3027],[-74.3816,45.5637],[-74.6359,45.6386],[-74.9368,45.645],[-75.0355,45.5938],[-75.2364,45.5869],[-75.6832,45.4591],[-75.8178,45.3727],[-76.0899,45.5139],[-76.201,45.5189],[-76.2451,45.4686],[-76.366,45.4578],[-76.6593,45.5607],[-76.7119,45.6655],[-76.6928,45.7087],[-76.7703,45.7341],[-76.7831,45.8735],[-76.9276,45.8923],[-76.901,45.8533],[-76.9275,45.8469],[-76.9134,45.8037],[-76.9877,45.7866],[-77.1903,45.8639],[-77.2784,45.9489],[-77.2791,46.0155],[-77.675,46.1985],[-77.7956,46.1976],[-78.1351,46.2747],[-78.3096,46.2532],[-78.3884,46.2917],[-78.7115,46.326],[-78.7271,46.3829],[-78.8927,46.4619],[-78.9899,46.5489],[-79.0153,46.6269],[-79.0943,46.6883],[-79.1708,46.8252],[-79.214,46.8332],[-79.3197,46.9445],[-79.443,47.101],[-79.4268,47.2501],[-79.5869,47.4331],[-79.5105,47.5436],[-79.5159,51.4607],[-79.5791,51.4736],[-79.6147,51.4155],[-79.6812,51.4082],[-79.6767,51.3384],[-79.7122,51.3464],[-79.7118,51.3827],[-79.7323,51.3713],[-79.7455,51.3292],[-79.6724,51.2559],[-79.7251,51.2381],[-79.784,51.1524],[-79.8845,51.1712],[-80.113,51.2907],[-80.3966,51.3293],[-80.4394,51.373],[-80.4394,51.4803],[-80.5126,51.5477],[-80.5704,51.7081],[-80.6865,51.7982],[-80.688,51.8479],[-80.7188,51.8195],[-80.7934,51.8879],[-80.8834,51.8944],[-80.9723,52.0017],[-81.0795,52.0589],[-81.1519,52.0377],[-81.3444,52.097],[-81.4249,52.1447],[-81.4053,52.1567],[-81.4738,52.2183],[-81.6076,52.2275],[-81.537,52.249],[-81.4361,52.2309],[-81.5615,52.2955],[-81.5059,52.325],[-81.5373,52.3917],[-81.6025,52.398],[-81.5323,52.395],[-81.532,52.4426],[-81.8819,52.668],[-81.9384,52.7689],[-82.2042,52.7742],[-81.9425,52.7742],[-82.1097,52.8911],[-82.1524,52.895],[-82.2082,52.8474],[-82.1591,52.9023],[-82.2259,52.9267],[-82.3346,52.9102],[-82.2348,52.9305],[-82.2521,52.9575],[-82.3528,52.9378],[-82.2576,52.9735],[-82.2926,53.0006],[-82.2837,53.1346],[-82.216,53.2168],[-82.1081,53.2741],[-82.2178,53.5901],[-82.1199,53.7747],[-82.186,53.9798],[-82.3327,54.1211],[-82.5,54.0955],[-82.3461,54.1276],[-82.4091,54.1934],[-82.5,54.2042],[-82.4232,54.212],[-82.4222,54.3386],[-82.447,54.3595],[-82.4106,54.3602],[-82.3223,54.504],[-82.2884,54.6544],[-82.1954,54.8043],[-82.2156,54.8801],[-82.2355,54.8629],[-82.2619,54.8959],[-82.2236,54.9096],[-82.267,54.9317],[-82.2524,55.1095],[-82.32,55.1481],[-82.3083,55.1069],[-82.3341,55.0969],[-82.3059,55.0532],[-82.416,55.0774],[-82.4074,55.1013],[-82.4529,55.1274],[-82.4716,55.1007],[-82.5099,55.1497],[-82.5518,55.1225],[-82.6736,55.1825],[-82.7159,55.161],[-82.6991,55.1382],[-82.7971,55.128],[-82.883,55.1464],[-82.9544,55.2237],[-83.3376,55.1987],[-83.6729,55.2695],[-83.7044,55.2576],[-83.6434,55.2201],[-83.7203,55.25],[-83.6957,55.2234],[-83.8873,55.2946],[-84.0783,55.2501],[-84.307,55.2751],[-84.544,55.2243],[-84.8522,55.2399],[-84.8357,55.2516],[-84.9718,55.2797],[-85.1255,55.2612],[-85.1221,55.3356],[-85.3601,55.3779],[-85.6419,55.5577],[-85.8955,55.6558],[-86.2686,55.708],[-86.3818,55.7667],[-86.7852,55.858],[-86.9013,55.9141],[-87.3613,55.9546],[-87.373,55.99],[-87.5,56.0177],[-87.4728,56.049],[-87.5813,56.0518],[-87.5734,56.0735],[-87.6568,56.1067],[-87.6355,56.1076],[-87.7143,56.2169],[-87.8414,56.3458],[-87.812,56.3342],[-87.9237,56.3917],[-87.9791,56.4731],[-88.2584,56.5308],[-88.5043,56.6555],[-88.6585,56.6955],[-88.6886,56.7521],[-88.8046,56.7955],[-88.8854,56.7877],[-88.8122,56.7991],[-88.8184,56.8386],[-88.8005,56.8245],[-88.8444,56.8478],[-88.8567,56.8262],[-88.8629,56.8592],[-88.9796,56.8512],[-91.3461,55.362],[-93.6376,53.7448],[-95.1532,52.8406],[-95.156,49.3926],[-94.8157,49.3214],[-94.6835,48.8841],[-94.6944,48.7895],[-94.6413,48.7412],[-94.4524,48.6924],[-94.2912,48.7078],[-94.2242,48.6495],[-93.8444,48.6302],[-93.8064,48.5795],[-93.8185,48.5314],[-93.788,48.5159],[-93.4674,48.5465],[-93.4655,48.5916],[-93.2547,48.6428],[-92.9548,48.6316],[-92.7284,48.5394],[-92.6349,48.5426],[-92.627,48.5033],[-92.6987,48.4948],[-92.7127,48.463],[-92.6562,48.4365],[-92.5075,48.448],[-92.4565,48.4141],[-92.4698,48.3521],[-92.3699,48.2203],[-92.2696,48.2482],[-92.3062,48.3163],[-92.2626,48.3549],[-92.0552,48.3594],[-92.0001,48.3211],[-92.0065,48.2654],[-91.9584,48.2331],[-91.7154,48.1995],[-91.7118,48.1146],[-91.5591,48.1086],[-91.5675,48.0438],[-91.2668,48.0788],[-90.8858,48.246],[-90.8393,48.2396],[-90.8364,48.177],[-90.778,48.1638],[-90.7982,48.1369],[-90.7516,48.091],[-90.5797,48.1238],[-90.5567,48.0959],[-90.3744,48.091],[-90.1427,48.1128],[-90.0233,48.0848],[-89.9937,48.028],[-89.8725,47.9854],[-89.7751,48.0229],[-89.5729,47.9976],[-89.4024,48.0702],[-89.4686,48.0636],[-89.4397,48.0861],[-89.3451,48.0941],[-89.3262,48.1115],[-89.3548,48.1172],[-89.2832,48.1749],[-89.3085,48.2],[-89.2654,48.1953],[-89.2387,48.3045],[-89.1974,48.3106],[-89.2547,48.3646],[-89.2121,48.3946],[-89.2238,48.4254],[-89.1404,48.4816],[-88.772,48.5749],[-88.7534,48.5565],[-88.838,48.4602],[-88.8634,48.3639],[-88.8997,48.3642],[-88.9389,48.3031],[-88.7351,48.3567],[-88.6824,48.4659],[-88.6995,48.4872],[-88.6345,48.5103],[-88.6294,48.6073],[-88.5339,48.6448],[-88.5545,48.6831],[-88.5123,48.7022],[-88.5457,48.7657],[-88.4793,48.8457],[-88.3421,48.8209],[-88.3425,48.7809],[-88.3011,48.7569],[-88.3391,48.6734],[-88.5511,48.5398],[-88.596,48.4791],[-88.5659,48.4862],[-88.5604,48.4099],[-88.4826,48.4643],[-88.4967,48.5024],[-88.4268,48.5684],[-88.3994,48.5247],[-88.3036,48.5667],[-88.3401,48.6456],[-88.2843,48.5896],[-88.2198,48.6248],[-88.2582,48.5774],[-88.1955,48.59],[-88.0977,48.701],[-88.0915,48.7764],[-88.2283,48.841],[-88.2263,48.9264],[-88.2594,48.9623],[-88.1666,48.9541],[-88.113,48.9995],[-88.0695,48.9802],[-88.0398,49.0204],[-88.0381,48.9815],[-87.9335,48.93],[-87.6721,48.8978],[-87.646,48.8559],[-87.5444,48.8779],[-87.548,48.8249],[-87.4209,48.8376],[-87.2924,48.7945],[-87.3026,48.7686],[-87.2696,48.7589],[-87.2045,48.7562],[-87.1697,48.7871],[-87.0071,48.7715],[-87.0027,48.815],[-86.9582,48.8188],[-86.9539,48.7782],[-86.8646,48.7451],[-86.7042,48.8112],[-86.6159,48.7806],[-86.6363,48.7301],[-86.5438,48.7243],[-86.5376,48.7594],[-86.4287,48.7742],[-86.4466,48.7357],[-86.4027,48.7513],[-86.385,48.7247],[-86.4093,48.7151],[-86.3581,48.6496],[-86.3034,48.6519],[-86.3398,48.613],[-86.2512,48.5789],[-86.2823,48.5719],[-86.2369,48.4263],[-86.1821,48.3935],[-86.2035,48.3781],[-86.1306,48.2632],[-86.1439,48.2432],[-86.0384,48.1117],[-85.979,48.0824],[-86.0262,48.0808],[-85.9299,48.043],[-85.9439,48.023],[-85.8732,47.9826],[-85.5652,47.9169],[-85.2854,47.9568],[-84.8457,47.9469],[-84.8369,47.915],[-84.9393,47.8436],[-84.9193,47.7741],[-85.0115,47.7063],[-84.9793,47.6691],[-85.0369,47.5987],[-84.9527,47.5613],[-84.9273,47.5158],[-84.7304,47.4328],[-84.7061,47.3718],[-84.5846,47.2989],[-84.7397,47.142],[-84.7112,47.1022],[-84.7839,47.0406],[-84.7791,46.9738],[-84.6681,46.9625],[-84.6171,46.8891],[-84.5675,46.9456],[-84.5168,46.9194],[-84.4491,46.934],[-84.3543,46.875],[-84.404,46.8165],[-84.469,46.8477],[-84.5597,46.8215],[-84.5402,46.8006],[-84.5449,46.7425],[-84.5768,46.736],[-84.565,46.6885],[-84.5198,46.6982],[-84.482,46.7619],[-84.4294,46.7345],[-84.4497,46.7134],[-84.4213,46.6897],[-84.5984,46.5704],[-84.5233,46.473],[-84.473,46.4638],[-84.4838,46.4903],[-84.3806,46.5218],[-84.2707,46.4965],[-84.1819,46.55],[-84.0767,46.4945],[-84.1333,46.3685],[-84.0483,46.3141],[-83.9216,46.3443],[-83.8514,46.2924],[-83.6123,46.2861],[-83.5687,46.2374],[-83.5298,46.2587],[-83.0568,46.175],[-82.6265,46.2097],[-82.7049,46.1674],[-82.5256,46.1691],[-82.4514,46.2007],[-82.4511,46.1718],[-82.3161,46.1863],[-82.3744,46.1497],[-82.239,46.1478],[-82.2617,46.1445],[-82.1489,46.0998],[-81.7222,46.1087],[-81.7923,46.0643],[-81.7742,46.0023],[-81.731,46.0493],[-81.7709,46.0662],[-81.642,46.0663],[-81.6781,46.0752],[-81.6528,46.0802],[-81.6617,46.1147],[-81.5516,46.0945],[-81.5676,46.0588],[-81.5248,46.0626],[-81.7169,46.0077],[-81.4728,46.0479],[-81.6715,46.0097],[-81.5565,45.9986],[-81.6742,45.94],[-81.5148,46.0102],[-81.4801,46.0081],[-81.5207,45.9873],[-81.4885,45.9679],[-81.2194,46.0073],[-81.1444,45.9865],[-81.1977,45.9302],[-80.9738,45.9669],[-80.9512,45.9338],[-80.9768,45.9216],[-80.8952,45.9487],[-80.8512,45.9168],[-80.8066,45.958],[-80.7981,45.8947],[-80.7465,45.966],[-80.7753,45.9279],[-80.7323,45.951],[-80.7545,45.9237],[-80.7339,45.8571],[-80.6846,45.8423],[-80.7248,45.8355],[-80.7142,45.8172],[-80.6582,45.8114],[-80.6834,45.8024],[-80.6346,45.77],[-80.5,45.7742],[-80.6264,45.7654],[-80.6569,45.7321],[-80.6231,45.7402],[-80.6495,45.724],[-80.5763,45.6896],[-80.6112,45.6794],[-80.4912,45.6233],[-80.5309,45.6018],[-80.4791,45.6076],[-80.5047,45.5593],[-80.4101,45.5873],[-80.4444,45.6193],[-80.376,45.5962],[-80.4202,45.5791],[-80.3815,45.57],[-80.3972,45.461],[-80.2925,45.4232],[-80.3177,45.4178],[-80.3004,45.3563],[-80.1689,45.3327],[-80.2355,45.4045],[-80.1854,45.4032],[-80.2225,45.3941],[-80.1892,45.3774],[-80.2138,45.3965],[-80.077,45.4027],[-80.0311,45.3368],[-80.0417,45.2888],[-80.1446,45.2492],[-80.1274,45.2142],[-80.0837,45.2295],[-80.134,45.2006],[-80.0959,45.1814],[-80.1085,45.2014],[-80.0676,45.2179],[-80.0485,45.1739],[-80.0205,45.1974],[-80.0188,45.1509],[-79.9899,45.1535],[-80.0019,45.1798],[-79.9708,45.1635],[-79.9958,45.1493],[-79.9696,45.1162],[-79.9234,45.1052],[-79.9862,45.1313],[-80.11,45.1138],[-79.9212,45.0825],[-80.0977,45.0856],[-79.9371,45.0623],[-80.0089,45.0283],[-79.8874,45.0148],[-79.9515,44.9784],[-79.91,44.9579],[-79.9265,44.9339],[-79.8808,44.9492],[-79.8972,44.9707],[-79.8179,44.932],[-79.8376,44.8952],[-79.7967,44.8882],[-79.7775,44.9167],[-79.8115,44.8798],[-79.768,44.8723],[-79.8257,44.8699],[-79.7702,44.837],[-79.7963,44.813],[-79.7349,44.7883],[-79.6968,44.8319],[-79.7184,44.766],[-79.667,44.75],[-79.7099,44.7605],[-79.7431,44.7319],[-79.763,44.7699],[-79.7784,44.7205],[-79.808,44.7717],[-79.8468,44.7319],[-79.89,44.7717]],[[-77.724,43.9957],[-77.7239,43.9956],[-77.7239,43.9956],[-77.724,43.9957]],[[-82.2893,43.0281],[-82.2892,43.0282],[-82.2893,43.0281],[-82.2893,43.0281]]],[[[-79.097,43.8187],[-79.0968,43.8188],[-79.097,43.8187],[-79.097,43.8187]],[[-79.0975,43.817],[-79.0975,43.817],[-79.0974,43.817],[-79.0975,43.817]],[[-75.8069,44.5036],[-75.8072,44.5035],[-75.8069,44.5036],[-75.8069,44.5036]],[[-89.5299,48.0149],[-89.53,48.0147],[-89.5308,48.0147],[-89.5299,48.0149]],[[-89.5283,48.01],[-89.5277,48.0099],[-89.5287,48.0098],[-89.5283,48.01]],[[-89.5303,48.0097],[-89.53,48.0097],[-89.5321,48.0094],[-89.5303,48.0097]],[[-89.5405,48.0182],[-89.5397,48.0181],[-89.5412,48.0181],[-89.5405,48.0182]],[[-89.5325,48.0144],[-89.5334,48.0146],[-89.531,48.0148],[-89.5325,48.0144]],[[-89.213,48.3093],[-89.212,48.3111],[-89.2093,48.3099],[-89.213,48.3093]]]]},"properties":{"PRENAME":"Ontario","PREABBR":"Ont.","PRUID":"35"}},{"type":"Feature","geometry":{"type":"Polygon","coordinates":[[[-94.8281,60.0],[-102.0,60.0],[-102.0041,55.8094],[-101.9639,55.8095],[-101.964,55.4604],[-101.9242,55.4602],[-101.9244,55.1121],[-101.8853,55.1116],[-101.8853,54.7625],[-101.8474,54.7625],[-101.8475,54.4136],[-101.8105,54.4135],[-101.8104,54.0644],[-101.7713,54.0644],[-101.7707,53.7109],[-101.7354,53.7107],[-101.7356,53.3658],[-101.7006,53.3658],[-101.6716,52.6673],[-101.6377,52.6673],[-101.6095,51.9686],[-101.5776,51.9685],[-101.5706,51.3019],[-101.5391,51.3017],[-101.539,50.9485],[-101.5087,50.9485],[-101.5087,50.5944],[-101.477,50.5944],[-101.4767,50.2405],[-101.4472,50.2405],[-101.4485,49.8874],[-101.4176,49.8867],[-101.4176,49.5328],[-101.3926,49.5327],[-101.362,48.9995],[-95.1532,48.9989],[-95.1532,52.8406],[-93.6376,53.7448],[-91.3461,55.362],[-88.9796,56.8512],[-89.9489,56.9996],[-90.3915,57.1782],[-90.882,57.2676],[-91.1595,57.2522],[-92.2667,57.0],[-92.2523,57.0178],[-92.3068,57.0],[-92.1948,57.0688],[-92.3934,57.0554],[-92.701,56.9276],[-93.0,56.9084],[-92.7146,56.9527],[-92.5458,57.0999],[-92.449,57.2374],[-92.4244,57.3532],[-92.5023,57.5307],[-92.5538,57.5399],[-92.5612,57.592],[-92.7283,57.7992],[-92.8184,58.0477],[-92.7963,58.0382],[-92.8832,58.1531],[-92.868,58.1692],[-92.9219,58.1976],[-92.9795,58.2804],[-92.9683,58.309],[-93.0351,58.3454],[-93.1144,58.4752],[-93.1666,58.7244],[-93.2457,58.7763],[-93.3818,58.7568],[-93.4181,58.7135],[-93.5359,58.7809],[-93.5927,58.7658],[-93.7544,58.8007],[-93.7441,58.7706],[-93.8131,58.7693],[-93.8289,58.7994],[-93.8383,58.7634],[-93.8897,58.7516],[-94.2137,58.8],[-94.2864,58.7752],[-94.3354,58.7135],[-94.4279,58.7029],[-94.5176,58.8189],[-94.6037,58.8582],[-94.6045,58.9178],[-94.6513,58.9232],[-94.7402,58.8581],[-94.7645,58.881],[-95.0,58.8843],[-94.7376,58.8762],[-94.6631,58.9347],[-94.7587,59.018],[-94.7983,59.0105],[-94.816,59.1015],[-94.7788,59.1557],[-94.8382,59.2412],[-94.8148,59.2227],[-94.7815,59.2987],[-94.7449,59.3105],[-94.8131,59.3425],[-94.7892,59.3547],[-94.8092,59.3721],[-95.0,59.3826],[-94.845,59.3907],[-94.777,59.3347],[-94.7071,59.3251],[-94.762,59.3533],[-94.724,59.3476],[-94.7096,59.3835],[-94.7468,59.3989],[-94.7348,59.4411],[-94.8115,59.5445],[-94.7731,59.5643],[-94.8361,59.6021],[-94.8032,59.702],[-94.8317,59.7067],[-94.7899,59.7272],[-94.8225,59.7392],[-94.7716,59.7863],[-94.8146,59.823],[-94.8201,59.9393],[-94.8528,59.9629],[-94.8281,60.0]]]},"properties":{"PRENAME":"Manitoba","PREABBR":"Man.","PRUID":"46"}},{"type":"Feature","geometry":{"type":"Polygon","coordinates":[[[-109.6375,60.0001],[-110.0,60.0],[-110.005,48.9997],[-101.362,48.9995],[-101.3926,49.5327],[-101.4176,49.5328],[-101.4176,49.8867],[-101.4485,49.8874],[-101.4472,50.2405],[-101.4767,50.2405],[-101.477,50.5944],[-101.5087,50.5944],[-101.5087,50.9485],[-101.539,50.9485],[-101.5391,51.3017],[-101.5706,51.3019],[-101.5776,51.9685],[-101.6095,51.9686],[-101.6377,52.6673],[-101.6716,52.6673],[-101.7006,53.3658],[-101.7356,53.3658],[-101.7354,53.7107],[-101.7707,53.7109],[-101.7713,54.0644],[-101.8104,54.0644],[-101.8105,54.4135],[-101.8475,54.4136],[-101.8474,54.7625],[-101.8853,54.7625],[-101.8853,55.1116],[-101.9244,55.1121],[-101.9242,55.4602],[-101.964,55.4604],[-101.9639,55.8095],[-102.0041,55.8094],[-102.0,60.0],[-109.6375,60.0001]]]},"properties":{"PRENAME":"Saskatchewan","PREABBR":"Sask.","PRUID":"47"}},{"type":"Feature","geometry":{"type":"Polygon","coordinates":[[[-110.0,59.9526],[-110.0,60.0],[-120.0,60.0],[-120.0,53.8062],[-119.8883,53.7795],[-119.9157,53.7173],[-119.7929,53.7061],[-119.7134,53.6146],[-119.7592,53.591],[-119.9259,53.6145],[-119.861,53.5565],[-119.8995,53.5191],[-119.7804,53.4918],[-119.7254,53.3888],[-119.6689,53.3678],[-119.3908,53.3608],[-119.2571,53.1766],[-119.146,53.1912],[-119.0246,53.1267],[-118.9994,53.1928],[-119.0238,53.232],[-118.9752,53.2417],[-118.7865,53.1592],[-118.7295,53.1155],[-118.7762,53.0454],[-118.6554,53.0348],[-118.6408,52.9993],[-118.6712,52.9783],[-118.6134,52.936],[-118.6138,52.8837],[-118.5002,52.9064],[-118.4483,52.8853],[-118.4525,52.8554],[-118.387,52.8471],[-118.4224,52.7758],[-118.2902,52.6777],[-118.3525,52.6107],[-118.1934,52.4778],[-118.2554,52.4495],[-118.2194,52.3742],[-118.1381,52.4075],[-118.0442,52.3985],[-118.0507,52.4572],[-117.988,52.5002],[-117.8869,52.4261],[-117.7665,52.4177],[-117.7058,52.3654],[-117.8396,52.2741],[-117.8183,52.2264],[-117.6635,52.1979],[-117.6113,52.1443],[-117.3813,52.1377],[-117.3341,52.1486],[-117.3173,52.194],[-117.3051,52.0743],[-117.2147,52.0285],[-117.2336,52.0118],[-117.196,51.9791],[-117.1032,51.9565],[-117.0108,51.8897],[-117.0335,51.8564],[-116.9798,51.8356],[-116.9764,51.7602],[-116.9206,51.7098],[-116.8098,51.7054],[-116.8193,51.7386],[-116.749,51.8051],[-116.6591,51.8052],[-116.6504,51.7537],[-116.5854,51.7128],[-116.595,51.6618],[-116.3909,51.5456],[-116.3606,51.4709],[-116.284,51.4565],[-116.3114,51.385],[-116.268,51.3119],[-116.1641,51.2978],[-116.1533,51.2634],[-116.0076,51.222],[-116.0,51.194],[-116.0369,51.1701],[-116.0088,51.126],[-115.9236,51.0831],[-115.7534,51.0744],[-115.7671,51.0394],[-115.6283,50.9809],[-115.5621,50.8943],[-115.6489,50.8742],[-115.6394,50.838],[-115.5731,50.8377],[-115.4811,50.7552],[-115.4363,50.7557],[-115.4138,50.7113],[-115.3123,50.7239],[-115.2742,50.6489],[-115.3115,50.6286],[-115.2397,50.5892],[-115.2081,50.5278],[-115.1546,50.5733],[-115.0151,50.5824],[-114.8598,50.4238],[-114.8623,50.3945],[-114.7686,50.3588],[-114.8,50.3298],[-114.7528,50.2938],[-114.7702,50.25],[-114.7247,50.1902],[-114.736,50.1204],[-114.6625,50.0649],[-114.6515,49.9755],[-114.6833,49.9671],[-114.6918,49.8963],[-114.6399,49.8277],[-114.6591,49.7651],[-114.6337,49.7304],[-114.6768,49.6962],[-114.6678,49.6375],[-114.7524,49.6088],[-114.6962,49.5468],[-114.5736,49.5575],[-114.5906,49.3961],[-114.4876,49.3473],[-114.448,49.2644],[-114.3814,49.2508],[-114.399,49.2104],[-114.1613,49.1548],[-114.1532,49.0995],[-114.0635,49.0453],[-114.0683,48.9989],[-110.005,48.9997],[-110.0,59.9526]]]},"properties":{"PRENAME":"Alberta","PREABBR":"Alta.","PRUID":"48"}},{"type":"Feature","geometry":{"type":"MultiPolygon","coordinates":[[[[-127.4245,50.5951],[-127.4248,50.595],[-127.4245,50.5951],[-127.4245,50.5951]]],[[[-128.195,51.9783],[-128.195,51.9783],[-128.1946,51.9785],[-128.195,51.9783]]],[[[-124.0411,49.6221],[-124.0413,49.6227],[-124.0414,49.6221],[-124.0411,49.6221]]],[[[-125.8932,49.1529],[-125.8934,49.1533],[-125.8944,49.1529],[-125.8932,49.1529]]],[[[-125.0315,50.0847],[-125.0315,50.0856],[-125.0331,50.0853],[-125.0315,50.0847]]],[[[-124.9877,50.0731],[-124.9895,50.0742],[-124.9894,50.0726],[-124.9877,50.0731]]],[[[-124.7686,49.9843],[-124.7709,49.9839],[-124.7693,49.9827],[-124.7686,49.9843]]],[[[-124.0382,49.6211],[-124.0389,49.6231],[-124.0398,49.6216],[-124.0382,49.6211]]],[[[-123.8903,49.2147],[-123.8906,49.218],[-123.8913,49.214],[-123.8903,49.2147]]],[[[-122.8917,49.3483],[-122.8906,49.3509],[-122.8928,49.3491],[-122.8917,49.3483]]],[[[-123.6756,48.9087],[-123.6757,48.9103],[-123.6783,48.9111],[-123.6756,48.9087]]],[[[-123.6595,48.8846],[-123.662,48.8828],[-123.6593,48.8826],[-123.6595,48.8846]]],[[[-130.4769,54.3339],[-130.4806,54.3329],[-130.4735,54.3347],[-130.4769,54.3339]]],[[[-130.4142,54.3256],[-130.417,54.3275],[-130.4167,54.326],[-130.4142,54.3256]]],[[[-130.8231,54.39],[-130.8237,54.3874],[-130.8208,54.3869],[-130.8231,54.39]]],[[[-130.9108,54.4154],[-130.9125,54.4159],[-130.9083,54.4131],[-130.9108,54.4154]]],[[[-130.4345,54.3383],[-130.4346,54.3372],[-130.4306,54.337],[-130.4345,54.3383]]],[[[-130.8149,54.399],[-130.8171,54.3972],[-130.8142,54.3973],[-130.8149,54.399]]],[[[-130.7656,54.406],[-130.7676,54.4044],[-130.7638,54.4054],[-130.7656,54.406]]],[[[-123.6932,49.0748],[-123.6933,49.0732],[-123.691,49.0737],[-123.6932,49.0748]]],[[[-130.8312,54.6074],[-130.8349,54.6045],[-130.8321,54.6052],[-130.8312,54.6074]]],[[[-123.6622,48.8865],[-123.6643,48.8862],[-123.6608,48.8847],[-123.6622,48.8865]]],[[[-130.8905,54.4259],[-130.8893,54.4236],[-130.887,54.4237],[-130.8905,54.4259]]],[[[-130.6225,54.2953],[-130.6229,54.2965],[-130.6263,54.2958],[-130.6225,54.2953]]],[[[-130.4917,54.4096],[-130.4891,54.4121],[-130.4927,54.4116],[-130.4917,54.4096]]],[[[-130.7165,54.4366],[-130.7191,54.4356],[-130.719,54.4332],[-130.7165,54.4366]]],[[[-130.7508,54.3554],[-130.7531,54.3539],[-130.75,54.3534],[-130.7508,54.3554]]],[[[-130.6242,54.2934],[-130.6261,54.2935],[-130.621,54.2928],[-130.6242,54.2934]]],[[[-130.4662,54.4864],[-130.4687,54.4849],[-130.4674,54.4835],[-130.4662,54.4864]]],[[[-130.7289,54.4188],[-130.7313,54.4165],[-130.7286,54.4166],[-130.7289,54.4188]]],[[[-124.2915,49.3259],[-124.2917,49.3277],[-124.2958,49.3278],[-124.2915,49.3259]]],[[[-123.9174,49.1375],[-123.919,49.1377],[-123.9134,49.135],[-123.9174,49.1375]]],[[[-124.8583,49.6275],[-124.8599,49.6274],[-124.8548,49.627],[-124.8583,49.6275]]],[[[-124.2791,49.7456],[-124.2811,49.7431],[-124.2794,49.7433],[-124.2791,49.7456]]],[[[-123.2739,48.4203],[-123.277,48.4214],[-123.276,48.4197],[-123.2739,48.4203]]],[[[-130.7769,54.4792],[-130.7795,54.4773],[-130.7761,54.476],[-130.7769,54.4792]]],[[[-124.8503,49.6268],[-124.8535,49.6257],[-124.8442,49.6211],[-124.8503,49.6268]]],[[[-130.943,54.4641],[-130.9475,54.4644],[-130.9432,54.4625],[-130.943,54.4641]]],[[[-130.8364,54.3784],[-130.8354,54.3762],[-130.8331,54.3778],[-130.8364,54.3784]]],[[[-130.9236,54.6365],[-130.9239,54.6348],[-130.9207,54.6352],[-130.9236,54.6365]],[[-123.8958,49.1408],[-123.8976,49.1426],[-123.894,49.1402],[-123.8958,49.1408]]],[[[-130.8116,54.4018],[-130.8121,54.3996],[-130.8087,54.3997],[-130.8116,54.4018]]],[[[-130.4053,54.2015],[-130.4052,54.2027],[-130.4088,54.2046],[-130.4053,54.2015]]],[[[-130.4972,54.4302],[-130.5019,54.4314],[-130.5025,54.4297],[-130.4972,54.4302]]],[[[-124.1048,49.2771],[-124.1059,49.2767],[-124.1009,49.2749],[-124.1048,49.2771]]],[[[-123.2363,48.4353],[-123.2365,48.4334],[-123.2321,48.4347],[-123.2363,48.4353]]],[[[-130.9319,54.6299],[-130.9347,54.6307],[-130.9351,54.6289],[-130.9319,54.6299]]],[[[-125.5249,48.9239],[-125.5261,48.9223],[-125.5224,48.9228],[-125.5249,48.9239]]],[[[-130.9529,54.5821],[-130.9516,54.5786],[-130.9505,54.581],[-130.9529,54.5821]]],[[[-130.98,54.5234],[-130.9826,54.5243],[-130.9781,54.5225],[-130.98,54.5234]]],[[[-130.4768,54.2924],[-130.4762,54.29],[-130.4745,54.292],[-130.4768,54.2924]]],[[[-130.3827,54.2464],[-130.3811,54.2437],[-130.3775,54.2419],[-130.3827,54.2464]]],[[[-123.141,49.2011],[-123.1488,49.2043],[-123.1446,49.202],[-123.141,49.2011]]],[[[-130.7934,54.4248],[-130.7983,54.4225],[-130.794,54.423],[-130.7934,54.4248]]],[[[-123.6409,48.748],[-123.6448,48.7479],[-123.6425,48.7462],[-123.6409,48.748]]],[[[-123.9486,49.2085],[-123.9462,49.2072],[-123.9425,49.2079],[-123.9486,49.2085]]],[[[-130.7847,54.4744],[-130.7868,54.4718],[-130.7822,54.4729],[-130.7847,54.4744]]],[[[-123.1785,49.2164],[-123.1863,49.2186],[-123.1826,49.2168],[-123.1785,49.2164]]],[[[-130.9596,54.5752],[-130.9603,54.5727],[-130.9571,54.5723],[-130.9596,54.5752]]],[[[-130.9299,54.4118],[-130.9289,54.4094],[-130.9261,54.4096],[-130.9299,54.4118]],[[-123.9122,49.1356],[-123.9145,49.138],[-123.9111,49.1349],[-123.9122,49.1356]]],[[[-123.0978,49.0914],[-123.1024,49.0886],[-123.0988,49.0893],[-123.0978,49.0914]]],[[[-130.9756,54.479],[-130.9757,54.4765],[-130.9728,54.4751],[-130.9756,54.479]]],[[[-123.397,48.8253],[-123.3927,48.8225],[-123.3892,48.8218],[-123.397,48.8253]]],[[[-123.1113,49.1019],[-123.1227,49.1017],[-123.1181,49.1009],[-123.1113,49.1019]]],[[[-123.2534,48.4432],[-123.2565,48.4403],[-123.2532,48.4404],[-123.2534,48.4432]]],[[[-130.4864,54.3226],[-130.4894,54.32],[-130.4844,54.322],[-130.4864,54.3226]]],[[[-123.9151,49.1379],[-123.9204,49.1414],[-123.9193,49.1383],[-123.9151,49.1379]]],[[[-123.272,49.3533],[-123.2742,49.3553],[-123.2756,49.3521],[-123.272,49.3533]]],[[[-130.3973,54.3213],[-130.4002,54.32],[-130.3974,54.3183],[-130.3973,54.3213]]],[[[-130.7418,54.4595],[-130.7469,54.4555],[-130.7418,54.4575],[-130.7418,54.4595]]],[[[-130.8572,54.4479],[-130.8595,54.4508],[-130.8626,54.4512],[-130.8572,54.4479]]],[[[-123.6941,48.9764],[-123.6958,48.9715],[-123.6927,48.9722],[-123.6941,48.9764]]],[[[-130.8005,54.4296],[-130.802,54.4281],[-130.7966,54.4276],[-130.8005,54.4296]]],[[[-130.9368,54.6207],[-130.9396,54.618],[-130.937,54.616],[-130.9368,54.6207]]],[[[-130.4954,54.4227],[-130.4973,54.425],[-130.5017,54.4232],[-130.4954,54.4227]]],[[[-130.8864,54.4317],[-130.887,54.43],[-130.8823,54.4256],[-130.8864,54.4317]]],[[[-123.9134,49.1411],[-123.9148,49.1387],[-123.9116,49.1373],[-123.9134,49.1411]]],[[[-123.6048,48.328],[-123.6074,48.3293],[-123.6095,48.3271],[-123.6048,48.328]]],[[[-130.8949,54.4326],[-130.8931,54.4291],[-130.8917,54.4323],[-130.8949,54.4326]]],[[[-123.6261,48.3341],[-123.6287,48.3314],[-123.6239,48.3304],[-123.6261,48.3341]]],[[[-124.053,49.8314],[-124.0519,49.8288],[-124.0489,49.8302],[-124.053,49.8314]]],[[[-130.8717,54.4362],[-130.8717,54.4333],[-130.8673,54.4315],[-130.8717,54.4362]]],[[[-124.4712,49.6531],[-124.4711,49.6493],[-124.4677,49.6509],[-124.4712,49.6531]]],[[[-130.9788,54.5006],[-130.982,54.4986],[-130.9744,54.4993],[-130.9788,54.5006]]],[[[-130.7752,54.3586],[-130.7782,54.3551],[-130.7748,54.3546],[-130.7752,54.3586]]],[[[-130.9571,54.4545],[-130.9658,54.458],[-130.9606,54.4537],[-130.9571,54.4545]]],[[[-123.1182,49.1004],[-123.1261,49.1011],[-123.1243,49.0983],[-123.1182,49.1004]]],[[[-130.8184,54.5144],[-130.8243,54.5111],[-130.8185,54.511],[-130.8184,54.5144]]],[[[-130.7462,54.4645],[-130.7458,54.4594],[-130.7426,54.4632],[-130.7462,54.4645]]],[[[-130.4565,54.3247],[-130.4629,54.3218],[-130.4545,54.3229],[-130.4565,54.3247]]],[[[-130.8166,54.4163],[-130.8209,54.4146],[-130.8187,54.411],[-130.8166,54.4163]]],[[[-130.9243,54.4068],[-130.9215,54.4026],[-130.9169,54.4038],[-130.9243,54.4068]]],[[[-130.2813,54.2042],[-130.2733,54.1998],[-130.2742,54.2018],[-130.2813,54.2042]]],[[[-130.97,54.4527],[-130.9724,54.4498],[-130.9665,54.4501],[-130.97,54.4527]]],[[[-123.3039,49.3422],[-123.3069,49.3459],[-123.3077,49.3409],[-123.3039,49.3422]]],[[[-123.1859,49.1771],[-123.19,49.1803],[-123.1926,49.178],[-123.1859,49.1771]]],[[[-123.8068,48.9993],[-123.8121,49.0048],[-123.8207,49.0107],[-123.8068,48.9993]]],[[[-123.1056,49.0912],[-123.113,49.0878],[-123.1052,49.0888],[-123.1056,49.0912]]],[[[-123.6389,48.8857],[-123.6444,48.8835],[-123.6303,48.8802],[-123.6389,48.8857]]],[[[-122.9379,49.1996],[-122.9405,49.1986],[-122.9285,49.1982],[-122.9379,49.1996]]],[[[-130.7296,54.4517],[-130.7335,54.4468],[-130.7284,54.4474],[-130.7296,54.4517]]],[[[-130.6082,54.2953],[-130.6203,54.2963],[-130.615,54.2938],[-130.6082,54.2953]]],[[[-123.6908,48.975],[-123.6921,48.9709],[-123.686,48.9722],[-123.6908,48.975]]],[[[-123.889,49.1433],[-123.8939,49.1396],[-123.8889,49.1395],[-123.889,49.1433]]],[[[-124.2197,49.3261],[-124.2213,49.3235],[-124.2151,49.3199],[-124.2197,49.3261]]],[[[-123.6805,48.9659],[-123.683,48.9667],[-123.6742,48.9617],[-123.6805,48.9659]]],[[[-123.3044,48.4021],[-123.3078,48.397],[-123.3049,48.3945],[-123.3044,48.4021]]],[[[-125.0094,50.096],[-125.0086,50.0932],[-125.0025,50.0957],[-125.0094,50.096]]],[[[-130.8228,54.5201],[-130.8268,54.5173],[-130.8172,54.5197],[-130.8228,54.5201]]],[[[-124.0835,49.8156],[-124.0849,49.8112],[-124.0797,49.8092],[-124.0835,49.8156]]],[[[-130.8502,54.4198],[-130.8493,54.4152],[-130.8438,54.4183],[-130.8502,54.4198]]],[[[-130.8069,54.4154],[-130.8135,54.4106],[-130.7993,54.416],[-130.8069,54.4154]]],[[[-123.7831,49.4539],[-123.7925,49.4576],[-123.791,49.4538],[-123.7831,49.4539]]],[[[-130.8326,54.3968],[-130.8368,54.3932],[-130.8318,54.39],[-130.8326,54.3968]]],[[[-125.1439,48.823],[-125.1487,48.8184],[-125.1395,48.8236],[-125.1439,48.823]]],[[[-124.8525,49.6216],[-124.8571,49.6179],[-124.841,49.6158],[-124.8525,49.6216]]],[[[-130.7142,54.4347],[-130.72,54.4307],[-130.7076,54.4334],[-130.7142,54.4347]]],[[[-123.3804,49.4118],[-123.3873,49.4072],[-123.3798,49.4084],[-123.3804,49.4118]]],[[[-130.7585,54.4852],[-130.7602,54.4812],[-130.7542,54.4789],[-130.7585,54.4852]]],[[[-123.0851,49.0984],[-123.0946,49.0905],[-123.0824,49.0966],[-123.0851,49.0984]]],[[[-123.1713,49.1179],[-123.1895,49.1227],[-123.1573,49.1139],[-123.1713,49.1179]]],[[[-130.809,54.4064],[-130.8049,54.4024],[-130.795,54.405],[-130.809,54.4064]]],[[[-123.6319,48.9311],[-123.6305,48.9252],[-123.6242,48.9216],[-123.6319,48.9311]]],[[[-123.5426,48.3172],[-123.549,48.3102],[-123.5377,48.3134],[-123.5426,48.3172]]],[[[-130.4598,54.4979],[-130.4677,54.4958],[-130.4622,54.4898],[-130.4598,54.4979]]],[[[-130.8674,54.4393],[-130.8655,54.4345],[-130.8561,54.4349],[-130.8674,54.4393]]],[[[-130.8314,54.3877],[-130.829,54.3797],[-130.8248,54.3841],[-130.8314,54.3877]]],[[[-130.8981,54.4402],[-130.8983,54.4347],[-130.8884,54.4359],[-130.8981,54.4402]]],[[[-130.8493,54.4896],[-130.8358,54.4854],[-130.8395,54.4895],[-130.8493,54.4896]]],[[[-123.254,48.4396],[-123.2603,48.4375],[-123.2578,48.4309],[-123.254,48.4396]]],[[[-130.8591,54.4729],[-130.8621,54.4642],[-130.854,54.4697],[-130.8591,54.4729]]],[[[-123.3261,48.894],[-123.3218,48.8878],[-123.3127,48.8873],[-123.3261,48.894]]],[[[-130.8682,54.451],[-130.863,54.4412],[-130.8615,54.4477],[-130.8682,54.451]]],[[[-130.7372,54.4573],[-130.7419,54.4479],[-130.732,54.45],[-130.7372,54.4573]]],[[[-123.1913,49.1788],[-123.1989,49.1832],[-123.213,49.1832],[-123.1913,49.1788]]],[[[-123.2977,48.6653],[-123.3009,48.6621],[-123.2805,48.6617],[-123.2977,48.6653]]],[[[-130.4174,54.2112],[-130.4109,54.2026],[-130.4081,54.2118],[-130.4174,54.2112]]],[[[-130.4538,54.6005],[-130.4653,54.5913],[-130.4598,54.5906],[-130.4538,54.6005]]],[[[-123.097,49.1068],[-123.109,49.0996],[-123.0967,49.1016],[-123.097,49.1068]]],[[[-123.2455,48.4414],[-123.2468,48.4315],[-123.2405,48.4373],[-123.2455,48.4414]]],[[[-130.4065,54.2131],[-130.3885,54.2077],[-130.3952,54.2136],[-130.4065,54.2131]]],[[[-123.6743,48.9075],[-123.6734,48.9013],[-123.6573,48.8953],[-123.6743,48.9075]]],[[[-123.6966,49.0697],[-123.6924,49.0626],[-123.6842,49.0652],[-123.6966,49.0697]]],[[[-130.8361,54.5011],[-130.8431,54.4949],[-130.8275,54.4977],[-130.8361,54.5011]]],[[[-123.1177,49.096],[-123.1168,49.0901],[-123.1008,49.0993],[-123.1177,49.096]]],[[[-123.9225,49.1821],[-123.9179,49.1704],[-123.9138,49.1803],[-123.9225,49.1821]]],[[[-122.8631,49.4303],[-122.8736,49.448],[-122.8704,49.432],[-122.8631,49.4303]]],[[[-130.7011,54.4236],[-130.7079,54.4193],[-130.6929,54.412],[-130.7011,54.4236]]],[[[-130.988,54.4618],[-130.9923,54.4541],[-130.9811,54.4489],[-130.988,54.4618]]],[[[-123.7151,49.0858],[-123.696,49.0709],[-123.6953,49.0766],[-123.7151,49.0858]]],[[[-123.6309,49.006],[-123.6316,48.9994],[-123.6143,48.9935],[-123.6309,49.006]]],[[[-123.4171,48.7097],[-123.4251,48.7024],[-123.4089,48.7008],[-123.4171,48.7097]]],[[[-123.101,49.1119],[-123.122,49.1033],[-123.0873,49.1146],[-123.101,49.1119]]],[[[-130.816,54.3894],[-130.7978,54.3839],[-130.8031,54.3947],[-130.816,54.3894]]],[[[-130.7695,54.5052],[-130.7717,54.4886],[-130.7615,54.4955],[-130.7695,54.5052]]],[[[-123.2457,48.4298],[-123.2422,48.4195],[-123.2247,48.4242],[-123.2457,48.4298]]],[[[-130.4475,54.6483],[-130.4522,54.6344],[-130.4337,54.6378],[-130.4475,54.6483]]],[[[-130.495,54.332],[-130.509,54.3393],[-130.5174,54.3191],[-130.495,54.332]]],[[[-130.7941,54.4196],[-130.8059,54.4108],[-130.7672,54.42],[-130.7941,54.4196]]],[[[-123.116,49.2037],[-123.0904,49.1994],[-123.0679,49.2051],[-123.116,49.2037]]],[[[-125.9437,49.1473],[-125.9404,49.1299],[-125.9338,49.1425],[-125.9437,49.1473]]],[[[-124.0132,49.5078],[-123.9899,49.4949],[-123.9972,49.5086],[-124.0132,49.5078]]],[[[-123.4283,48.8939],[-123.397,48.8776],[-123.4133,48.8937],[-123.4283,48.8939]]],[[[-130.2919,54.2105],[-130.3025,54.2014],[-130.2775,54.1932],[-130.2919,54.2105]]],[[[-123.7567,49.112],[-123.736,49.0918],[-123.7198,49.0924],[-123.7567,49.112]]],[[[-123.8134,49.1369],[-123.767,49.1236],[-123.7859,49.1346],[-123.8134,49.1369]]],[[[-130.9687,54.4899],[-130.9729,54.4657],[-130.9502,54.4578],[-130.9687,54.4899]]],[[[-123.9441,49.2027],[-123.9273,49.1802],[-123.9246,49.1984],[-123.9441,49.2027]]],[[[-123.344,48.6034],[-123.3784,48.6174],[-123.3525,48.5903],[-123.344,48.6034]]],[[[-124.0598,49.6243],[-124.0592,49.6034],[-124.0372,49.6055],[-124.0598,49.6243]]],[[[-127.5905,50.8514],[-127.5951,50.8326],[-127.5569,50.8316],[-127.5905,50.8514]]],[[[-126.6642,50.7317],[-126.6697,50.718],[-126.6168,50.7327],[-126.6642,50.7317]]],[[[-128.2487,51.9319],[-128.2351,51.904],[-128.2289,51.9311],[-128.2487,51.9319]]],[[[-128.2312,51.9771],[-128.239,51.9502],[-128.223,51.9454],[-128.2312,51.9771]]],[[[-131.4379,52.6148],[-131.4843,52.5875],[-131.4561,52.5823],[-131.4379,52.6148]]],[[[-129.6062,53.0576],[-129.6025,53.0357],[-129.5795,53.055],[-129.6062,53.0576]]],[[[-128.3501,52.3635],[-128.3718,52.3352],[-128.3391,52.3495],[-128.3501,52.3635]]],[[[-126.9676,49.7537],[-126.955,49.7248],[-126.9382,49.7487],[-126.9676,49.7537]]],[[[-128.0313,52.5099],[-128.0726,52.4939],[-128.0655,52.4728],[-128.0313,52.5099]]],[[[-126.3314,50.6307],[-126.3264,50.611],[-126.3046,50.6126],[-126.3314,50.6307]]],[[[-126.4301,49.6504],[-126.359,49.6405],[-126.3924,49.6545],[-126.4301,49.6504]]],[[[-129.1989,53.0774],[-129.2309,53.0656],[-129.2204,53.0478],[-129.1989,53.0774]]],[[[-126.95,50.6023],[-126.9523,50.5877],[-126.906,50.5776],[-126.95,50.6023]]],[[[-126.6691,50.624],[-126.6774,50.6078],[-126.6312,50.629],[-126.6691,50.624]]],[[[-131.5753,52.7753],[-131.5906,52.7509],[-131.5492,52.7701],[-131.5753,52.7753]]],[[[-132.1334,53.237],[-132.161,53.2277],[-132.0943,53.2317],[-132.1334,53.237]]],[[[-133.0066,53.5471],[-132.9833,53.5225],[-132.954,53.5264],[-133.0066,53.5471]]],[[[-128.2548,51.8615],[-128.2752,51.8408],[-128.2373,51.8369],[-128.2548,51.8615]]],[[[-128.2128,51.8588],[-128.2111,51.83],[-128.176,51.8417],[-128.2128,51.8588]]],[[[-133.197,53.9396],[-133.1809,53.9142],[-133.1579,53.9302],[-133.197,53.9396]]],[[[-128.5183,52.6087],[-128.5112,52.5764],[-128.49,52.553],[-128.5183,52.6087]]],[[[-127.2384,50.0863],[-127.2361,50.0667],[-127.1901,50.0793],[-127.2384,50.0863]]],[[[-124.8583,49.9469],[-124.8159,49.9343],[-124.7619,49.9497],[-124.8583,49.9469]]],[[[-128.8735,53.6246],[-128.8831,53.5789],[-128.8579,53.6068],[-128.8735,53.6246]]],[[[-126.6266,49.7217],[-126.6121,49.683],[-126.5874,49.6814],[-126.6266,49.7217]]],[[[-130.6755,54.0365],[-130.6837,54.0097],[-130.645,54.0101],[-130.6755,54.0365]]],[[[-129.4467,53.3536],[-129.465,53.3601],[-129.4625,53.3234],[-129.4467,53.3536]]],[[[-127.6697,50.5183],[-127.6736,50.4992],[-127.6058,50.501],[-127.6697,50.5183]]],[[[-128.3413,52.1656],[-128.3845,52.1074],[-128.3465,52.1275],[-128.3413,52.1656]]],[[[-126.6801,50.652],[-126.6467,50.6413],[-126.6078,50.648],[-126.6801,50.652]]],[[[-127.645,50.8678],[-127.6123,50.8298],[-127.6118,50.8608],[-127.645,50.8678]]],[[[-131.3853,52.46],[-131.3589,52.4343],[-131.3545,52.465],[-131.3853,52.46]]],[[[-128.4187,52.1534],[-128.4482,52.1238],[-128.397,52.1542],[-128.4187,52.1534]]],[[[-128.2996,52.0904],[-128.2687,52.0588],[-128.251,52.0832],[-128.2996,52.0904]]],[[[-123.3282,48.7308],[-123.2982,48.6991],[-123.2914,48.7159],[-123.3282,48.7308]]],[[[-128.3724,52.318],[-128.4129,52.2901],[-128.3786,52.2894],[-128.3724,52.318]]],[[[-123.457,49.4104],[-123.4955,49.3842],[-123.4296,49.4023],[-123.457,49.4104]]],[[[-130.4797,54.5671],[-130.4874,54.5336],[-130.4652,54.5218],[-130.4797,54.5671]]],[[[-128.7833,52.6572],[-128.7634,52.6167],[-128.7581,52.6581],[-128.7833,52.6572]]],[[[-126.7362,50.6277],[-126.7069,50.6017],[-126.6803,50.6154],[-126.7362,50.6277]]],[[[-125.0651,48.985],[-125.0829,48.9659],[-125.0219,48.9815],[-125.0651,48.985]]],[[[-123.4041,48.8495],[-123.3719,48.8113],[-123.3511,48.8271],[-123.4041,48.8495]]],[[[-127.2319,50.0522],[-127.2419,50.0388],[-127.1851,50.0413],[-127.2319,50.0522]]],[[[-123.9797,49.5077],[-123.9784,49.4714],[-123.952,49.4679],[-123.9797,49.5077]]],[[[-124.223,49.7515],[-124.2236,49.7241],[-124.1564,49.7521],[-124.223,49.7515]]],[[[-130.4384,54.6555],[-130.3947,54.6309],[-130.3918,54.6702],[-130.4384,54.6555]]],[[[-130.6307,53.5038],[-130.584,53.4669],[-130.5932,53.4938],[-130.6307,53.5038]]],[[[-126.1092,49.4168],[-126.126,49.4056],[-126.0956,49.3907],[-126.0665,49.4097],[-126.1092,49.4168]]],[[[-125.0489,50.0868],[-125.075,50.0697],[-125.0533,50.0502],[-125.0279,50.0657],[-125.0489,50.0868]]],[[[-124.6506,49.8807],[-124.6696,49.8372],[-124.6302,49.8624],[-124.6506,49.8807]]],[[[-126.5731,50.6308],[-126.5742,50.6116],[-126.5053,50.6273],[-126.5731,50.6308]]],[[[-127.6495,51.4888],[-127.6792,51.4633],[-127.6235,51.4661],[-127.6495,51.4888]]],[[[-128.7099,50.8357],[-128.7134,50.8102],[-128.6565,50.8066],[-128.7099,50.8357]]],[[[-123.3146,48.6289],[-123.3466,48.654],[-123.2696,48.5902],[-123.3146,48.6289]]],[[[-123.2569,48.7675],[-123.2079,48.7321],[-123.1734,48.7446],[-123.2569,48.7675]]],[[[-126.2139,50.7122],[-126.234,50.6953],[-126.2,50.6649],[-126.2139,50.7122]]],[[[-131.7658,52.7596],[-131.7316,52.7115],[-131.7239,52.7321],[-131.7658,52.7596]]],[[[-123.321,49.5568],[-123.3201,49.52],[-123.2841,49.5219],[-123.321,49.5568]]],[[[-123.6676,48.9828],[-123.6308,48.9344],[-123.6357,48.9826],[-123.6676,48.9828]]],[[[-130.1479,54.1469],[-130.1467,54.0894],[-130.1233,54.1296],[-130.1479,54.1469]]],[[[-124.9143,49.9941],[-124.9465,49.984],[-124.9075,49.9626],[-124.8879,49.9877],[-124.9143,49.9941]]],[[[-131.0869,54.6259],[-131.1004,54.5876],[-131.0768,54.5807],[-131.0456,54.6097],[-131.0869,54.6259]]],[[[-128.3354,52.1279],[-128.3808,52.0941],[-128.3275,52.0842],[-128.3354,52.1279]]],[[[-123.1863,49.1097],[-123.1697,49.0776],[-123.1301,49.081],[-123.1863,49.1097]]],[[[-128.6323,50.808],[-128.619,50.7821],[-128.571,50.7968],[-128.6323,50.808]]],[[[-129.7533,55.4611],[-129.7477,55.3759],[-129.7229,55.3967],[-129.7533,55.4611]]],[[[-128.735,53.8717],[-128.7659,53.8197],[-128.7243,53.8455],[-128.735,53.8717]]],[[[-126.8531,50.9458],[-126.8535,50.9198],[-126.7766,50.9311],[-126.8531,50.9458]]],[[[-123.7084,49.0198],[-123.668,48.9695],[-123.6532,48.9945],[-123.7084,49.0198]]],[[[-127.7313,51.5102],[-127.7684,51.4891],[-127.7219,51.4664],[-127.6963,51.5083],[-127.7313,51.5102]]],[[[-128.865,53.7614],[-128.8989,53.7154],[-128.832,53.7225],[-128.865,53.7614]]],[[[-130.3788,53.7823],[-130.3881,53.7527],[-130.3211,53.7622],[-130.3788,53.7823]]],[[[-129.3716,53.2814],[-129.3457,53.2722],[-129.3809,53.2604],[-129.3535,53.2663],[-129.3687,53.2322],[-129.3061,53.2817],[-129.3716,53.2814]]],[[[-130.8079,54.4922],[-130.856,54.4382],[-130.7889,54.4731],[-130.8079,54.4922]]],[[[-128.1127,51.7837],[-128.1166,51.7362],[-128.0768,51.7825],[-128.1127,51.7837]]],[[[-126.6407,50.7187],[-126.6749,50.6891],[-126.6065,50.7156],[-126.6407,50.7187]]],[[[-129.6947,53.066],[-129.5974,53.0138],[-129.6212,53.0463],[-129.6947,53.066]]],[[[-126.7154,50.7581],[-126.6903,50.738],[-126.63,50.755],[-126.7154,50.7581]]],[[[-128.0077,51.7988],[-128.0484,51.7787],[-128.0547,51.7576],[-128.015,51.7772],[-128.0482,51.7451],[-128.0092,51.7551],[-128.0077,51.7988]]],[[[-126.5945,50.7631],[-126.6218,50.7488],[-126.51,50.7622],[-126.5945,50.7631]]],[[[-129.5754,53.0522],[-129.599,53.0258],[-129.5375,53.0088],[-129.5754,53.0522]]],[[[-129.2708,53.401],[-129.2284,53.3581],[-129.2324,53.4091],[-129.2708,53.401]]],[[[-132.1308,53.2011],[-132.0731,53.1916],[-132.0297,53.2155],[-132.1308,53.2011]]],[[[-130.6328,53.9207],[-130.6626,53.8991],[-130.6098,53.8845],[-130.6489,53.8843],[-130.5866,53.8914],[-130.6328,53.9207]]],[[[-126.7682,50.5888],[-126.7877,50.5714],[-126.6933,50.5645],[-126.7682,50.5888]]],[[[-129.3564,52.8573],[-129.3729,52.8206],[-129.3246,52.7988],[-129.3136,52.8356],[-129.3564,52.8573]]],[[[-130.4596,53.792],[-130.4488,53.7686],[-130.4782,53.7658],[-130.4465,53.7499],[-130.4027,53.7706],[-130.4596,53.792]]],[[[-130.6435,54.1204],[-130.6482,54.0846],[-130.6274,54.1049],[-130.5692,54.0671],[-130.6435,54.1204]]],[[[-131.4366,52.5637],[-131.3924,52.5407],[-131.347,52.5619],[-131.3723,52.5858],[-131.4366,52.5637]]],[[[-125.1308,50.4215],[-125.1467,50.3677],[-125.0846,50.3807],[-125.1308,50.4215]]],[[[-125.0047,50.3263],[-125.04,50.3004],[-125.0033,50.2737],[-124.9665,50.3123],[-125.0047,50.3263]]],[[[-128.4565,52.3505],[-128.4241,52.3138],[-128.3824,52.3599],[-128.4565,52.3505]]],[[[-125.0677,48.9533],[-125.116,48.8958],[-125.0644,48.9121],[-125.0457,48.9431],[-125.0677,48.9533]]],[[[-123.2027,49.2204],[-123.2801,49.2575],[-123.2146,49.2195],[-123.2637,49.2048],[-123.2027,49.2165],[-123.2204,49.1915],[-123.1694,49.1774],[-123.1352,49.1978],[-123.2027,49.2204]]],[[[-128.4303,52.0028],[-128.4805,51.9491],[-128.4607,51.9588],[-128.4617,51.9257],[-128.4169,51.9547],[-128.4303,52.0028]]],[[[-130.7863,54.4693],[-130.8385,54.4292],[-130.7302,54.4201],[-130.7863,54.4693]]],[[[-131.7556,52.7692],[-131.6094,52.753],[-131.6419,52.7784],[-131.7556,52.7692]]],[[[-127.5917,51.0837],[-127.6114,51.0652],[-127.5902,51.0766],[-127.5813,51.046],[-127.5137,51.0845],[-127.5917,51.0837]]],[[[-130.7768,54.3993],[-130.7944,54.378],[-130.7596,54.3547],[-130.6994,54.3778],[-130.7212,54.4126],[-130.7768,54.3993]]],[[[-126.5189,49.686],[-126.568,49.6343],[-126.5107,49.6488],[-126.5413,49.6024],[-126.48,49.6623],[-126.5189,49.686]]],[[[-123.3452,48.8576],[-123.2278,48.8145],[-123.285,48.8728],[-123.3452,48.8576]]],[[[-123.7142,49.1275],[-123.644,49.0407],[-123.5919,49.0178],[-123.7142,49.1275]]],[[[-123.3226,48.8218],[-123.3141,48.7699],[-123.2315,48.7362],[-123.2753,48.7731],[-123.2397,48.7701],[-123.256,48.7926],[-123.3226,48.8218]]],[[[-127.2963,50.0381],[-127.323,50.0058],[-127.2848,49.9734],[-127.2288,50.0176],[-127.2963,50.0381]]],[[[-124.6894,49.5496],[-124.7109,49.5119],[-124.6698,49.4919],[-124.6331,49.5003],[-124.6348,49.5278],[-124.5843,49.5166],[-124.6894,49.5496]]],[[[-133.0598,54.2563],[-133.0814,54.2237],[-132.9788,54.1874],[-132.9638,54.2379],[-133.0598,54.2563]]],[[[-126.0113,49.2164],[-126.0388,49.2052],[-126.0052,49.1858],[-126.0182,49.1594],[-125.9698,49.1477],[-125.9611,49.1873],[-125.9318,49.1863],[-126.0113,49.2164]]],[[[-127.5795,51.5739],[-127.683,51.4935],[-127.6196,51.5189],[-127.6232,51.4887],[-127.596,51.4915],[-127.5824,51.547],[-127.5819,51.5195],[-127.5638,51.5338],[-127.5795,51.5739]]],[[[-128.2739,52.2153],[-128.3105,52.1925],[-128.3175,52.128],[-128.2056,52.2163],[-128.2739,52.2153]]],[[[-132.3785,53.0051],[-132.3277,52.9631],[-132.1896,52.9799],[-132.3785,53.0051]]],[[[-123.2029,48.8108],[-123.1721,48.7954],[-123.2136,48.7957],[-123.2025,48.7748],[-123.1631,48.7645],[-123.0444,48.7844],[-123.2029,48.8108]]],[[[-130.4474,54.3282],[-130.4691,54.2955],[-130.3778,54.2352],[-130.3957,54.2709],[-130.3641,54.2549],[-130.3744,54.2899],[-130.4474,54.3282]]],[[[-130.5774,53.8473],[-130.6427,53.8105],[-130.5487,53.7877],[-130.5004,53.8196],[-130.5774,53.8473]]],[[[-132.1412,53.8235],[-132.2154,53.7714],[-132.1802,53.7121],[-132.1405,53.7505],[-132.1412,53.8235]]],[[[-129.6708,53.0139],[-129.6268,52.9481],[-129.6006,52.954],[-129.6068,52.9881],[-129.536,52.9599],[-129.6212,53.0181],[-129.6708,53.0139]]],[[[-132.5842,53.1521],[-132.5918,53.1228],[-132.5436,53.1052],[-132.3932,53.108],[-132.5842,53.1521]]],[[[-126.677,50.5916],[-126.6402,50.5526],[-126.5085,50.5677],[-126.677,50.5916]]],[[[-127.9806,50.9199],[-127.878,50.8886],[-127.8325,50.9047],[-127.838,50.9339],[-127.8996,50.9448],[-127.9806,50.9199]]],[[[-127.5962,51.3036],[-127.609,51.2882],[-127.5575,51.2923],[-127.5832,51.2643],[-127.377,51.2956],[-127.5962,51.3036]]],[[[-128.3679,52.2375],[-128.3773,52.1518],[-128.2639,52.2289],[-128.3679,52.2375]]],[[[-128.892,53.775],[-129.085,53.6915],[-128.935,53.7112],[-128.8599,53.7746],[-128.892,53.775]]],[[[-129.9409,53.5474],[-129.9575,53.4955],[-129.9868,53.4928],[-129.9793,53.5273],[-130.0269,53.5068],[-129.9277,53.4695],[-129.909,53.5005],[-129.9557,53.4967],[-129.8913,53.5338],[-129.9409,53.5474]]],[[[-131.841,52.8465],[-131.8302,52.8189],[-131.7397,52.8072],[-131.6451,52.8336],[-131.841,52.8465]]],[[[-128.4344,52.2373],[-128.4023,52.2062],[-128.4511,52.2208],[-128.455,52.1774],[-128.48,52.1886],[-128.4997,52.1542],[-128.3836,52.1725],[-128.4252,52.1839],[-128.3773,52.2371],[-128.4344,52.2373]]],[[[-130.1864,54.0793],[-130.2227,54.0614],[-130.217,54.0192],[-130.1475,53.9878],[-130.1308,54.0268],[-130.1864,54.0793]]],[[[-126.8601,50.8824],[-126.8936,50.8642],[-126.8535,50.8449],[-126.9266,50.8454],[-126.7341,50.8622],[-126.8601,50.8824]]],[[[-128.0103,51.732],[-128.0871,51.6586],[-127.9615,51.656],[-128.0103,51.732]]],[[[-128.0971,52.2926],[-128.083,52.2674],[-128.1838,52.2377],[-128.0799,52.2312],[-128.0005,52.2991],[-128.0971,52.2926]]],[[[-130.2593,54.1946],[-130.2742,54.1746],[-130.1998,54.1629],[-130.2816,54.1701],[-130.2457,54.1169],[-130.1604,54.1368],[-130.2593,54.1946]]],[[[-128.4376,52.5447],[-128.4113,52.5107],[-128.3077,52.4992],[-128.42,52.5124],[-128.4197,52.4624],[-128.2687,52.4938],[-128.2812,52.5201],[-128.4376,52.5447]]],[[[-123.3605,49.4133],[-123.4313,49.3394],[-123.34,49.3515],[-123.3106,49.4173],[-123.3605,49.4133]]],[[[-124.8265,49.5995],[-124.8448,49.6091],[-124.8303,49.5381],[-124.6851,49.4747],[-124.8265,49.5995]]],[[[-130.292,54.3319],[-130.3607,54.2848],[-130.3083,54.2023],[-130.3203,54.2374],[-130.2583,54.2544],[-130.2482,54.2987],[-130.292,54.3319]]],[[[-130.2271,54.8004],[-130.3796,54.6925],[-130.2316,54.7225],[-130.2017,54.783],[-130.2288,54.7758],[-130.2271,54.8004]]],[[[-123.863,49.1985],[-123.852,49.1537],[-123.6919,49.1342],[-123.863,49.1985]]],[[[-129.4087,53.4088],[-129.4578,53.3751],[-129.3845,53.3221],[-129.4155,53.2942],[-129.3354,53.3023],[-129.3352,53.3637],[-129.4087,53.4088]]],[[[-126.5588,50.6095],[-126.4893,50.5753],[-126.344,50.6277],[-126.5588,50.6095]]],[[[-125.1009,50.25],[-125.0916,50.2925],[-125.1261,50.3274],[-125.211,50.2972],[-125.155,50.2315],[-125.1009,50.25]]],[[[-125.1009,50.25],[-125.1436,50.1301],[-125.0827,50.1721],[-125.0786,50.2203],[-125.0494,50.1838],[-125.0331,50.208],[-125.0716,50.2745],[-125.1009,50.25]]],[[[-129.7504,53.1322],[-129.7276,53.0742],[-129.6245,53.0503],[-129.5944,53.0704],[-129.6783,53.1349],[-129.7504,53.1322]]],[[[-123.5841,49.0113],[-123.3838,48.866],[-123.3135,48.8621],[-123.3448,48.9048],[-123.5841,49.0113]]],[[[-127.8342,50.8902],[-127.6429,50.8432],[-127.724,50.9155],[-127.8342,50.8902]]],[[[-131.3494,52.4285],[-131.3708,52.419],[-131.3316,52.3277],[-131.2611,52.3443],[-131.2444,52.3729],[-131.3273,52.354],[-131.2386,52.4466],[-131.3494,52.4285]]],[[[-130.7935,54.2161],[-130.822,54.1761],[-130.7979,54.1461],[-130.6879,54.1075],[-130.6361,54.1291],[-130.7935,54.2161]]],[[[-124.3638,49.5255],[-124.3661,49.4761],[-124.162,49.4507],[-124.2389,49.5058],[-124.3638,49.5255]]],[[[-123.4242,49.5271],[-123.4593,49.4719],[-123.4472,49.4344],[-123.3756,49.4815],[-123.3767,49.4539],[-123.3448,49.4786],[-123.3711,49.4315],[-123.3166,49.4473],[-123.3575,49.5298],[-123.4242,49.5271]]],[[[-125.966,50.4424],[-125.9268,50.4141],[-125.7337,50.4279],[-125.7958,50.4763],[-125.966,50.4424]]],[[[-125.7853,50.4011],[-125.7432,50.3767],[-125.4993,50.4074],[-125.5249,50.4462],[-125.7853,50.4011]]],[[[-127.1043,50.6733],[-127.1628,50.6389],[-126.8239,50.6258],[-126.8948,50.6713],[-127.1043,50.6733]]],[[[-125.8884,49.2415],[-125.9334,49.2239],[-125.9258,49.1776],[-125.8934,49.1731],[-125.8906,49.2143],[-125.8457,49.2313],[-125.8749,49.1531],[-125.7922,49.1226],[-125.8201,49.1381],[-125.7924,49.15],[-125.8044,49.2237],[-125.771,49.1936],[-125.775,49.2291],[-125.8884,49.2415]]],[[[-128.5103,52.8834],[-128.5531,52.709],[-128.5059,52.642],[-128.4756,52.7055],[-128.4883,52.7817],[-128.4719,52.7683],[-128.4529,52.8081],[-128.5103,52.8834]]],[[[-130.6291,54.7745],[-130.5312,54.7014],[-130.5298,54.7268],[-130.4743,54.7051],[-130.4359,54.7571],[-130.493,54.826],[-130.5871,54.7709],[-130.5868,54.7408],[-130.6291,54.7745]]],[[[-128.3995,52.4582],[-128.419,52.4089],[-128.4787,52.396],[-128.4416,52.3847],[-128.456,52.3612],[-128.3631,52.371],[-128.266,52.4558],[-128.286,52.4788],[-128.3995,52.4582]]],[[[-128.1077,52.4381],[-128.203,52.2812],[-128.0471,52.3188],[-128.1077,52.4381]]],[[[-124.7411,50.3079],[-124.8142,50.2335],[-124.7553,50.2101],[-124.7362,50.3006],[-124.705,50.2867],[-124.7469,50.2038],[-124.7109,50.1618],[-124.6426,50.2339],[-124.7411,50.3079]]],[[[-124.1365,49.76],[-124.2027,49.7121],[-124.1656,49.7074],[-124.2056,49.6726],[-124.0934,49.6455],[-124.0604,49.7411],[-123.991,49.7714],[-124.1365,49.76]]],[[[-125.4868,50.4288],[-125.4859,50.3996],[-125.5512,50.3774],[-125.4521,50.3482],[-125.3829,50.3668],[-125.3879,50.3995],[-125.3553,50.3919],[-125.3223,50.4419],[-125.3765,50.4637],[-125.4868,50.4288]]],[[[-127.9825,52.3017],[-128.0243,52.2685],[-127.997,52.2205],[-128.0336,52.2364],[-128.0958,52.2039],[-127.915,52.1643],[-127.8941,52.1891],[-127.9169,52.2523],[-127.9825,52.3017]]],[[[-128.1161,52.1593],[-128.1353,52.148],[-128.101,52.0898],[-127.9425,52.0758],[-127.8903,52.1265],[-127.883,52.1839],[-127.9131,52.1509],[-128.1161,52.1593]]],[[[-131.1146,52.1518],[-131.1299,52.0734],[-131.0769,52.0234],[-131.1092,52.0014],[-131.014,51.9445],[-131.0421,51.9679],[-131.0097,51.9834],[-131.0568,52.0227],[-130.9771,52.0111],[-131.0545,52.0378],[-131.0727,52.0761],[-131.0251,52.052],[-130.9366,52.0936],[-131.0211,52.096],[-131.0655,52.1237],[-131.0212,52.1238],[-131.0526,52.1497],[-131.1146,52.1518]]],[[[-125.0005,50.239],[-124.9427,50.1405],[-124.9827,50.1822],[-125.0155,50.1582],[-124.988,50.1251],[-125.0268,50.1459],[-125.0716,50.1139],[-125.0225,50.0845],[-125.0355,50.1019],[-124.9813,50.0997],[-125.0145,50.0866],[-124.9743,50.0711],[-124.9871,50.0117],[-124.9391,50.0655],[-124.882,50.0646],[-124.9343,50.1366],[-124.8953,50.1407],[-125.0005,50.239]]],[[[-126.9192,50.8325],[-126.7933,50.767],[-126.7533,50.7778],[-126.7668,50.7953],[-126.7215,50.7834],[-126.736,50.7648],[-126.6675,50.787],[-126.6905,50.8081],[-126.53,50.7885],[-126.6098,50.8459],[-126.6709,50.8257],[-126.7014,50.8608],[-126.6745,50.8169],[-126.7885,50.8426],[-126.8033,50.7952],[-126.8123,50.8373],[-126.9192,50.8325]]],[[[-128.1858,52.2111],[-128.1681,52.1926],[-128.24,52.1827],[-128.2927,52.1126],[-128.2326,52.1408],[-128.282,52.1035],[-128.2078,52.0553],[-128.247,52.0791],[-128.238,52.0148],[-128.1832,52.0101],[-128.214,52.0901],[-128.1865,52.0519],[-128.1342,52.0862],[-128.1432,52.1862],[-128.1115,52.1852],[-128.1858,52.2111]]],[[[-130.8949,54.6348],[-130.9737,54.5466],[-130.9832,54.5065],[-130.9445,54.4668],[-130.753,54.5862],[-130.7784,54.6269],[-130.8987,54.5812],[-130.8456,54.6168],[-130.8949,54.6348]]],[[[-126.6778,50.5501],[-126.4339,50.5127],[-126.2058,50.5676],[-126.2958,50.6117],[-126.3136,50.5979],[-126.2797,50.5708],[-126.358,50.5995],[-126.4651,50.5705],[-126.4344,50.5501],[-126.6778,50.5501]]],[[[-126.2275,49.3928],[-126.2308,49.2835],[-126.0992,49.2478],[-126.0482,49.2687],[-126.069,49.3005],[-126.0577,49.2671],[-126.0811,49.2751],[-126.0991,49.3891],[-126.2275,49.3928]]],[[[-128.3438,52.7843],[-128.2711,52.674],[-128.2765,52.5898],[-128.2139,52.6515],[-128.2243,52.7187],[-128.2003,52.6918],[-128.1732,52.7238],[-128.146,52.8441],[-128.2197,52.792],[-128.2034,52.7753],[-128.3438,52.7843]]],[[[-129.534,53.185],[-129.5614,53.1321],[-129.4762,53.1265],[-129.5377,53.109],[-129.4695,53.1004],[-129.499,53.0891],[-129.4653,53.0533],[-129.4846,53.09],[-129.4592,53.0823],[-129.431,53.0123],[-129.303,52.9662],[-129.3157,53.0468],[-129.4862,53.1904],[-129.534,53.185]]],[[[-125.2819,50.4447],[-125.3354,50.3854],[-125.2987,50.3355],[-125.3927,50.3493],[-125.3971,50.2955],[-125.2209,50.3293],[-125.2156,50.2983],[-125.1288,50.3317],[-125.1578,50.3865],[-125.2819,50.4447]]],[[[-128.7649,52.4726],[-128.7571,52.3765],[-128.7191,52.3594],[-128.7335,52.3138],[-128.6614,52.2811],[-128.6157,52.3325],[-128.6243,52.4575],[-128.6905,52.4649],[-128.6873,52.4865],[-128.7649,52.4726]]],[[[-131.69,52.7327],[-131.7299,52.7075],[-131.6405,52.6507],[-131.6627,52.639],[-131.6053,52.5833],[-131.5773,52.5958],[-131.6211,52.6371],[-131.5463,52.5987],[-131.6101,52.6303],[-131.6056,52.656],[-131.4774,52.6195],[-131.4395,52.6856],[-131.4883,52.7385],[-131.5648,52.6807],[-131.5903,52.7068],[-131.6856,52.6999],[-131.5784,52.7266],[-131.69,52.7327]]],[[[-124.9193,50.3048],[-124.9801,50.2461],[-124.9241,50.1911],[-124.8161,50.1832],[-124.9006,50.1732],[-124.862,50.124],[-124.81,50.1137],[-124.7512,50.1591],[-124.8223,50.2187],[-124.7866,50.2861],[-124.9193,50.3048]]],[[[-123.5949,48.9448],[-123.5908,48.8966],[-123.5264,48.861],[-123.5717,48.8476],[-123.5175,48.7902],[-123.5541,48.7877],[-123.5515,48.7479],[-123.4869,48.7136],[-123.4255,48.7333],[-123.4614,48.7723],[-123.3669,48.771],[-123.5017,48.8577],[-123.4221,48.8491],[-123.5949,48.9448]]],[[[-129.023,53.5302],[-129.0656,53.492],[-129.0601,53.4373],[-129.1505,53.3471],[-129.1251,53.3125],[-128.928,53.3278],[-128.92,53.3967],[-129.023,53.5302]]],[[[-130.201,55.0302],[-130.4563,54.8438],[-130.414,54.7873],[-130.4647,54.8389],[-130.4894,54.8262],[-130.4145,54.768],[-130.276,54.8336],[-130.1529,54.9577],[-130.201,55.0302]]],[[[-129.2736,53.3262],[-129.2562,53.2688],[-129.3449,53.2074],[-129.3149,53.1976],[-129.3431,53.1953],[-129.3416,53.1336],[-129.2784,53.079],[-129.2701,53.1033],[-129.153,53.097],[-129.1723,53.2844],[-129.2736,53.3262]]],[[[-128.3901,52.8051],[-128.4112,52.7917],[-128.39,52.7719],[-128.4271,52.7796],[-128.4519,52.7452],[-128.4113,52.7433],[-128.4258,52.7141],[-128.3887,52.705],[-128.4321,52.694],[-128.3493,52.6759],[-128.4364,52.6781],[-128.4423,52.548],[-128.2936,52.5228],[-128.2894,52.6848],[-128.3901,52.8051]]],[[[-131.927,53.0156],[-131.8987,52.9366],[-131.818,52.8669],[-131.6922,52.8652],[-131.6205,52.9002],[-131.6424,52.9441],[-131.6033,52.9635],[-131.8204,53.0374],[-131.927,53.0156]]],[[[-125.3806,50.2794],[-125.2705,50.2621],[-125.3702,50.2445],[-125.3251,50.1778],[-125.3546,50.1792],[-125.332,50.1619],[-125.348,50.1305],[-125.2149,50.0812],[-125.2356,50.0581],[-125.1943,49.9974],[-125.1476,50.0103],[-125.1853,50.0994],[-125.2393,50.1297],[-125.1527,50.1741],[-125.1563,50.2274],[-125.2598,50.2632],[-125.2247,50.2796],[-125.2388,50.3062],[-125.3806,50.2794]]],[[[-130.3118,53.7968],[-130.2758,53.7467],[-130.4005,53.7066],[-130.3757,53.7001],[-130.4088,53.6736],[-130.3222,53.6406],[-130.3597,53.6327],[-130.3333,53.6176],[-130.0754,53.5639],[-130.1288,53.6184],[-130.1228,53.6956],[-130.2312,53.7256],[-130.2421,53.7925],[-130.3118,53.7968]]],[[[-128.5493,52.6775],[-128.5828,52.5988],[-128.7049,52.602],[-128.7365,52.5721],[-128.7183,52.597],[-128.7551,52.5928],[-128.7558,52.559],[-128.7099,52.5557],[-128.7015,52.5988],[-128.7126,52.5584],[-128.6234,52.5497],[-128.7062,52.5571],[-128.6557,52.5382],[-128.7281,52.5495],[-128.6797,52.5271],[-128.7384,52.5101],[-128.814,52.5584],[-128.8279,52.5148],[-128.7595,52.4794],[-128.7081,52.4822],[-128.7275,52.5097],[-128.6912,52.5203],[-128.6957,52.4975],[-128.4992,52.4312],[-128.4663,52.4772],[-128.5493,52.6775]]],[[[-124.633,49.8001],[-124.6203,49.7218],[-124.4774,49.6787],[-124.4361,49.6202],[-124.1237,49.4946],[-124.3575,49.7087],[-124.633,49.8001]]],[[[-128.0998,51.6879],[-128.1552,51.6398],[-128.0874,51.4805],[-127.8873,51.4271],[-127.8868,51.4963],[-127.9398,51.5284],[-127.8972,51.5531],[-127.9149,51.6085],[-127.9558,51.6468],[-128.1208,51.6422],[-128.0998,51.6879]]],[[[-128.1097,52.0712],[-128.2046,51.9644],[-128.1966,51.9356],[-128.1305,51.9368],[-128.1737,51.8977],[-128.1602,51.9342],[-128.2506,51.8899],[-128.168,51.8464],[-128.1511,51.8887],[-128.121,51.8978],[-128.1232,51.8741],[-128.0936,51.9024],[-128.131,51.9572],[-128.0222,51.9471],[-128.0871,51.9233],[-128.1274,51.8573],[-128.1009,51.8406],[-128.1336,51.808],[-128.1101,51.8237],[-128.1079,51.7884],[-128.0776,51.7861],[-128.0277,51.8309],[-128.0737,51.839],[-128.0146,51.8435],[-128.0052,51.896],[-128.0336,51.9006],[-127.9681,51.9277],[-127.9496,52.0611],[-128.0117,52.0739],[-128.0668,52.0441],[-128.1097,52.0712]]],[[[-129.088,53.673],[-129.181,53.619],[-129.1659,53.3817],[-129.0829,53.448],[-129.1032,53.4924],[-129.0245,53.5572],[-128.9561,53.5844],[-128.8902,53.5592],[-128.8885,53.6567],[-128.828,53.706],[-129.088,53.673]]],[[[-126.4185,50.8077],[-126.4417,50.7943],[-126.3599,50.7884],[-126.4897,50.7677],[-126.4822,50.7308],[-126.5624,50.7392],[-126.5399,50.7337],[-126.6035,50.6998],[-126.5512,50.6966],[-126.6201,50.6598],[-126.4791,50.6389],[-126.4398,50.6536],[-126.5237,50.6621],[-126.46,50.6854],[-126.3504,50.645],[-126.2706,50.6544],[-126.2383,50.7211],[-126.1551,50.7534],[-126.2135,50.7706],[-126.2291,50.8224],[-126.3017,50.8182],[-126.2788,50.8331],[-126.4185,50.8077]]],[[[-129.2904,52.8219],[-129.3053,52.7601],[-129.2613,52.735],[-129.2819,52.7192],[-129.1751,52.6755],[-129.2431,52.6954],[-129.2017,52.6685],[-129.2329,52.6683],[-129.2119,52.6279],[-129.1229,52.6066],[-129.1395,52.5618],[-129.0701,52.516],[-129.0226,52.5362],[-128.9969,52.4567],[-128.9435,52.4757],[-128.931,52.6127],[-129.215,52.8031],[-129.2904,52.8219]]],[[[-130.5501,54.0567],[-130.6453,53.9709],[-130.6657,54.0049],[-130.7225,53.9401],[-130.7069,53.8472],[-130.6108,53.8564],[-130.6989,53.8924],[-130.6686,53.9579],[-130.6615,53.9362],[-130.6095,53.9482],[-130.5568,53.896],[-130.4731,53.8918],[-130.4519,53.973],[-130.3564,53.9897],[-130.4191,54.0314],[-130.3413,53.9973],[-130.3807,53.9796],[-130.3358,53.964],[-130.4288,53.9616],[-130.4684,53.8867],[-130.5164,53.8703],[-130.4841,53.848],[-130.5034,53.8374],[-130.4387,53.8597],[-130.4355,53.8335],[-130.3415,53.8281],[-130.335,53.8796],[-130.2398,53.9352],[-130.2696,53.9531],[-130.2312,53.949],[-130.3172,54.0531],[-130.4151,54.1024],[-130.4464,54.0845],[-130.4354,54.0517],[-130.4598,54.0786],[-130.5501,54.0567]]],[[[-126.9592,49.8373],[-126.9474,49.7963],[-126.9698,49.7988],[-126.941,49.8141],[-126.8899,49.7794],[-126.7377,49.7994],[-126.8227,49.8008],[-126.951,49.7322],[-126.8267,49.6184],[-126.6144,49.5902],[-126.6713,49.8559],[-126.7201,49.8668],[-126.6988,49.8503],[-126.73,49.8444],[-126.7982,49.8865],[-126.7934,49.8614],[-126.9592,49.8373]]],[[[-127.3701,52.4046],[-127.4419,52.3774],[-127.4703,52.3201],[-127.6168,52.2694],[-127.5973,52.224],[-127.6539,52.2688],[-127.7711,52.2419],[-127.8609,52.1265],[-127.7505,52.1061],[-127.8827,52.0954],[-127.8896,52.0632],[-127.8344,52.0597],[-127.8949,52.0395],[-127.8982,51.9333],[-127.7096,51.9661],[-127.6379,52.1426],[-127.5741,52.1513],[-127.5753,52.1813],[-127.5177,52.1843],[-127.4279,52.2466],[-127.3109,52.2634],[-127.1964,52.354],[-127.2444,52.3729],[-127.2306,52.4186],[-127.2729,52.4393],[-127.3701,52.4046]]],[[[-130.5401,53.6275],[-130.5502,53.6048],[-130.5213,53.6016],[-130.5472,53.5501],[-130.44,53.5028],[-130.3791,53.53],[-130.3021,53.5129],[-130.386,53.5057],[-130.4148,53.4669],[-130.3047,53.3834],[-130.199,53.3769],[-130.2214,53.3589],[-130.1542,53.351],[-130.1346,53.3177],[-130.1195,53.3441],[-130.0997,53.2715],[-130.0203,53.2526],[-130.0346,53.2278],[-129.9618,53.1702],[-129.8345,53.1883],[-129.7907,53.1631],[-129.7579,53.1956],[-129.803,53.2915],[-129.9936,53.453],[-130.4012,53.62],[-130.5401,53.6275]]],[[[-130.2205,53.9067],[-130.2952,53.8452],[-130.1706,53.8152],[-130.2202,53.8084],[-130.2059,53.7214],[-130.1036,53.6984],[-130.0827,53.7245],[-130.1003,53.6673],[-130.0726,53.6306],[-129.9395,53.6567],[-129.8321,53.6211],[-129.9233,53.6486],[-130.065,53.6229],[-130.0088,53.5648],[-129.9046,53.6085],[-129.9539,53.5738],[-129.8783,53.5679],[-129.9509,53.5515],[-129.8137,53.5132],[-129.8888,53.5161],[-129.863,53.5012],[-129.9116,53.4739],[-129.867,53.474],[-129.9157,53.4634],[-129.8544,53.4482],[-129.839,53.4706],[-129.8182,53.4527],[-129.8419,53.4375],[-129.7817,53.4597],[-129.8473,53.4295],[-129.8326,53.3874],[-129.7843,53.4064],[-129.8087,53.3757],[-129.7601,53.3824],[-129.7787,53.3652],[-129.7142,53.3231],[-129.6352,53.3409],[-129.6433,53.3646],[-129.6335,53.3383],[-129.6988,53.3185],[-129.5728,53.3186],[-129.6855,53.3077],[-129.666,53.2771],[-129.5876,53.2119],[-129.4995,53.2095],[-129.5007,53.2728],[-129.553,53.3414],[-129.4788,53.285],[-129.4735,53.3724],[-129.4189,53.4137],[-129.8407,53.7208],[-130.1125,53.8831],[-130.2205,53.9067]]],[[[-129.0861,53.2929],[-129.0413,53.204],[-128.8901,53.1631],[-128.9898,53.1737],[-128.9807,53.1383],[-128.9902,53.1794],[-129.0559,53.2124],[-129.0969,53.1856],[-129.0964,53.068],[-129.1835,53.0672],[-129.1608,53.0539],[-129.1966,53.0211],[-129.1981,52.9516],[-129.157,52.9167],[-129.1313,52.9802],[-129.1265,52.8995],[-129.0317,52.9239],[-128.9544,53.0117],[-128.8987,53.0267],[-128.9728,52.9824],[-128.9448,52.9748],[-128.9809,52.9318],[-129.0957,52.8877],[-129.0021,52.8384],[-129.133,52.8744],[-129.1133,52.7972],[-129.0534,52.7859],[-129.1034,52.7849],[-129.0787,52.7652],[-128.9871,52.7756],[-129.0754,52.7524],[-129.0098,52.7083],[-128.976,52.7431],[-129.0065,52.7022],[-128.8928,52.6489],[-128.8165,52.6719],[-128.8065,52.7143],[-128.7908,52.6643],[-128.763,52.6687],[-128.7943,52.7524],[-128.7534,52.8278],[-128.8131,52.8486],[-128.7466,52.8375],[-128.7208,52.8836],[-128.7438,52.9233],[-128.6982,52.8934],[-128.6895,52.9615],[-128.6586,52.9709],[-128.6559,52.9004],[-128.7137,52.8548],[-128.7595,52.7572],[-128.7246,52.7448],[-128.7614,52.7487],[-128.7348,52.6545],[-128.7599,52.6054],[-128.5952,52.6062],[-128.5764,52.669],[-128.6442,52.6281],[-128.6803,52.6393],[-128.5698,52.686],[-128.5939,52.7476],[-128.5646,52.7363],[-128.5221,52.9433],[-128.5758,53.094],[-128.634,53.1549],[-128.6944,53.1591],[-128.9083,53.299],[-129.0861,53.2929]]],[[[-132.5706,53.0967],[-132.4976,53.0687],[-132.5335,53.0454],[-132.4976,53.0273],[-132.2622,53.0607],[-132.3606,53.0261],[-132.0739,52.9675],[-132.1367,52.9935],[-132.1569,52.9779],[-132.1147,52.9575],[-132.1906,52.967],[-132.1315,52.9341],[-132.2135,52.9694],[-132.1655,52.9298],[-132.2859,52.9594],[-132.3656,52.9291],[-132.3169,52.9039],[-132.2592,52.9203],[-132.3261,52.8942],[-132.2601,52.8638],[-132.1988,52.8789],[-132.2253,52.8619],[-132.152,52.8442],[-132.2418,52.8616],[-132.2642,52.8397],[-132.1379,52.745],[-132.0614,52.7913],[-132.0843,52.8581],[-132.031,52.8002],[-131.969,52.7953],[-131.9171,52.7143],[-132.0146,52.7837],[-131.9814,52.7177],[-132.0358,52.7674],[-132.1084,52.7344],[-131.9789,52.6475],[-131.881,52.6532],[-131.9417,52.6434],[-131.9335,52.616],[-131.8598,52.6136],[-131.9062,52.5875],[-131.8484,52.5594],[-131.7847,52.5827],[-131.8405,52.5555],[-131.7478,52.5343],[-131.7933,52.5241],[-131.7689,52.5046],[-131.6586,52.4823],[-131.6102,52.4139],[-131.5472,52.4381],[-131.5053,52.3945],[-131.5902,52.4006],[-131.5759,52.3445],[-131.531,52.3484],[-131.5603,52.3256],[-131.5111,52.3214],[-131.3644,52.1825],[-131.3739,52.273],[-131.3116,52.1477],[-131.2324,52.1282],[-131.2942,52.2434],[-131.1835,52.1183],[-131.1418,52.1391],[-131.153,52.2055],[-131.111,52.1621],[-131.0143,52.1806],[-131.0006,52.2144],[-131.0321,52.2332],[-131.1903,52.2248],[-131.085,52.2484],[-131.0913,52.2884],[-131.1577,52.2786],[-131.1434,52.318],[-131.2562,52.2997],[-131.2189,52.2622],[-131.2413,52.2451],[-131.3067,52.3026],[-131.3229,52.2756],[-131.3626,52.3763],[-131.4066,52.3508],[-131.3925,52.3994],[-131.452,52.3912],[-131.4249,52.4663],[-131.4803,52.4437],[-131.4645,52.4739],[-131.5133,52.4684],[-131.4721,52.4777],[-131.4734,52.504],[-131.5236,52.5172],[-131.582,52.4885],[-131.5379,52.5267],[-131.6182,52.5073],[-131.6111,52.5333],[-131.6771,52.5315],[-131.6921,52.5527],[-131.6511,52.5402],[-131.6184,52.5673],[-131.7148,52.5792],[-131.6771,52.595],[-131.7635,52.6337],[-131.6878,52.6217],[-131.7398,52.6919],[-131.8486,52.7039],[-131.8033,52.7425],[-131.8259,52.76],[-131.8892,52.7511],[-131.6567,52.81],[-131.8115,52.7954],[-131.8864,52.8327],[-131.8785,52.865],[-131.8457,52.8617],[-131.8889,52.8919],[-132.0118,52.8779],[-131.8936,52.9121],[-131.9715,52.9375],[-131.9036,52.9399],[-131.9551,53.0371],[-132.0304,53.0563],[-131.8057,53.068],[-131.6064,53.0341],[-131.6455,53.1091],[-131.8006,53.1614],[-131.773,53.1971],[-131.8027,53.2539],[-131.993,53.2175],[-132.0809,53.1484],[-132.3018,53.1532],[-132.3924,53.1275],[-132.3933,53.1038],[-132.5706,53.0967]]],[[[-133.0763,54.182],[-133.0284,54.1731],[-133.1023,54.1152],[-133.0604,54.1006],[-133.0761,54.0777],[-133.0426,54.0325],[-133.1183,54.0013],[-133.1194,53.9469],[-133.087,53.9373],[-133.1348,53.9469],[-133.1544,53.9145],[-133.0814,53.826],[-133.1208,53.8087],[-133.1191,53.777],[-133.0375,53.7478],[-132.9945,53.7721],[-132.9978,53.7162],[-132.9232,53.6982],[-132.9907,53.6727],[-133.0316,53.6933],[-133.0107,53.6686],[-132.9554,53.6713],[-132.9693,53.6406],[-132.9095,53.6035],[-132.8169,53.6019],[-133.0048,53.5925],[-132.9691,53.5703],[-132.9866,53.5582],[-132.9019,53.5635],[-132.944,53.5191],[-132.8374,53.5157],[-132.8992,53.4678],[-132.7674,53.4852],[-132.7335,53.538],[-132.7529,53.5157],[-132.7297,53.491],[-132.7756,53.4618],[-132.6967,53.445],[-132.6701,53.4992],[-132.6756,53.433],[-132.5342,53.4159],[-132.5228,53.3787],[-132.4203,53.3403],[-132.4277,53.291],[-132.5308,53.3633],[-132.7206,53.3769],[-132.7688,53.325],[-132.5547,53.3329],[-132.5558,53.3002],[-132.6377,53.3153],[-132.6293,53.29],[-132.7072,53.2844],[-132.7161,53.2542],[-132.5026,53.2853],[-132.6196,53.2479],[-132.5628,53.2313],[-132.5939,53.1986],[-132.5424,53.194],[-132.5639,53.176],[-132.5143,53.1526],[-132.4748,53.2221],[-132.4842,53.1677],[-132.4303,53.1689],[-132.4994,53.1447],[-132.4687,53.135],[-132.3287,53.1526],[-132.3367,53.1896],[-132.2995,53.1549],[-132.2143,53.1478],[-132.1306,53.1893],[-132.2126,53.2094],[-132.2729,53.1886],[-132.3226,53.2341],[-132.2424,53.2005],[-132.1794,53.2434],[-132.0023,53.2447],[-131.9715,53.2772],[-131.9118,53.4307],[-131.9573,53.5206],[-131.8743,53.7094],[-131.8847,53.7702],[-131.7081,53.9773],[-131.6417,54.1931],[-131.7915,54.0719],[-131.9839,54.0252],[-132.1989,54.049],[-132.1307,54.0156],[-132.1272,53.9339],[-132.0883,53.9022],[-132.1616,53.7324],[-132.1359,53.6991],[-132.1658,53.7082],[-132.204,53.6419],[-132.2209,53.6719],[-132.3421,53.6714],[-132.3323,53.6409],[-132.2805,53.6322],[-132.3117,53.626],[-132.2958,53.6111],[-132.4392,53.6121],[-132.4807,53.5639],[-132.4599,53.6177],[-132.3523,53.6743],[-132.4427,53.6744],[-132.5102,53.6312],[-132.5363,53.6747],[-132.6157,53.6369],[-132.583,53.672],[-132.6145,53.6876],[-132.6841,53.6584],[-132.6603,53.6897],[-132.4825,53.7026],[-132.3864,53.7538],[-132.2597,53.7647],[-132.1282,53.8434],[-132.1067,53.888],[-132.1765,54.0157],[-132.246,54.0332],[-132.2431,54.0765],[-132.3143,54.1147],[-132.4351,54.1007],[-132.5686,54.0413],[-132.5815,54.0097],[-132.556,54.0033],[-132.7028,53.9105],[-132.6592,53.9672],[-132.6912,53.9773],[-132.5682,54.0478],[-132.5815,54.1204],[-132.6712,54.1547],[-132.7981,54.1234],[-133.0763,54.182]]],[[[-128.4298,50.7863],[-128.3886,50.7348],[-128.3466,50.7797],[-128.3898,50.7275],[-128.3734,50.6756],[-128.2733,50.6739],[-128.3271,50.6296],[-128.1916,50.5882],[-128.2469,50.5723],[-128.0471,50.4435],[-128.0296,50.4625],[-128.0951,50.5046],[-128.0522,50.4889],[-127.9912,50.5438],[-127.8952,50.5199],[-127.942,50.544],[-128.0096,50.5277],[-128.0318,50.5004],[-127.9916,50.4669],[-127.862,50.5077],[-127.8017,50.4843],[-127.5592,50.5543],[-128.0086,50.6537],[-127.7913,50.605],[-127.5716,50.6022],[-127.5544,50.5687],[-127.4191,50.6038],[-127.4208,50.5816],[-127.5299,50.5677],[-127.5098,50.5336],[-127.5508,50.5553],[-127.562,50.5244],[-127.609,50.5243],[-127.5016,50.4456],[-127.4349,50.3422],[-127.5856,50.4907],[-127.9368,50.4643],[-127.9194,50.4264],[-127.9955,50.3507],[-127.9765,50.3246],[-127.8745,50.3443],[-127.8578,50.3129],[-127.7926,50.3253],[-127.7175,50.2962],[-127.7993,50.3182],[-127.864,50.289],[-127.7994,50.2467],[-127.72,50.2643],[-127.7226,50.2414],[-127.8017,50.2204],[-127.7814,50.1995],[-127.9165,50.1137],[-127.7957,50.0805],[-127.659,50.1503],[-127.6657,50.1871],[-127.6308,50.209],[-127.6612,50.1825],[-127.6071,50.1913],[-127.6444,50.1458],[-127.6046,50.1078],[-127.4335,50.1894],[-127.5147,50.1219],[-127.4197,50.1386],[-127.4848,50.0927],[-127.4287,50.0359],[-127.3493,50.0459],[-127.3442,50.0196],[-127.2673,50.0578],[-127.2891,50.0791],[-127.2651,50.1184],[-127.3112,50.128],[-127.3085,50.1961],[-127.307,50.1599],[-127.2129,50.0932],[-127.1286,50.1064],[-127.094,50.1468],[-127.0917,50.1031],[-127.1561,50.0789],[-127.0963,50.06],[-127.1744,50.0735],[-127.1967,50.0229],[-127.0773,50.0228],[-127.149,50.0227],[-127.123,49.9962],[-127.2552,49.9657],[-127.1518,49.8595],[-126.9977,49.8522],[-127.0447,49.9438],[-127.0087,49.8837],[-126.9431,49.8601],[-126.9442,49.989],[-126.9149,49.9313],[-126.9107,49.9601],[-126.8661,49.9572],[-126.907,49.9586],[-126.9101,49.8687],[-126.8255,49.8808],[-126.8008,49.907],[-126.8612,49.9567],[-126.8566,49.9863],[-126.7516,49.8733],[-126.6727,49.8595],[-126.6517,49.9213],[-126.6422,49.7765],[-126.5873,49.6947],[-126.4965,49.7117],[-126.519,49.7539],[-126.4688,49.7307],[-126.4961,49.8021],[-126.4385,49.7957],[-126.456,49.7624],[-126.3841,49.7551],[-126.4363,49.7581],[-126.4989,49.69],[-126.4413,49.6529],[-126.1161,49.6845],[-126.0461,49.6077],[-126.1049,49.6584],[-126.4781,49.6442],[-126.5703,49.5773],[-126.5501,49.5114],[-126.5743,49.4643],[-126.5466,49.4453],[-126.5771,49.4147],[-126.475,49.3778],[-126.4876,49.4327],[-126.4041,49.4749],[-126.4323,49.4481],[-126.4079,49.4134],[-126.2866,49.3527],[-126.2667,49.3793],[-126.2601,49.347],[-126.2609,49.4372],[-126.3222,49.42],[-126.2773,49.4544],[-126.2946,49.5149],[-126.2502,49.4352],[-126.2289,49.4743],[-126.2143,49.4016],[-126.0287,49.4561],[-126.0828,49.3948],[-126.0586,49.3403],[-126.0057,49.3192],[-125.902,49.4206],[-125.9481,49.299],[-126.0325,49.2846],[-125.9735,49.2269],[-125.9127,49.2796],[-125.8343,49.2615],[-125.7764,49.3706],[-125.8122,49.2456],[-125.7253,49.2584],[-125.7909,49.1405],[-125.7614,49.1312],[-125.7445,49.1711],[-125.7245,49.1443],[-125.6709,49.2147],[-125.6642,49.1684],[-125.5957,49.2336],[-125.6001,49.2055],[-125.6802,49.1542],[-125.668,49.1363],[-125.7576,49.1091],[-125.7332,49.0733],[-125.915,49.1392],[-125.8822,49.089],[-125.7397,49.0643],[-125.5419,48.9208],[-125.5865,48.9759],[-125.4802,48.9213],[-125.3689,48.9981],[-125.3585,49.0416],[-125.199,49.0399],[-125.3236,49.0122],[-125.2891,49.0066],[-125.287,48.9742],[-125.3235,48.9693],[-125.2217,48.9511],[-125.1571,49.0271],[-125.1747,49.0574],[-125.1455,49.0532],[-125.2006,49.0978],[-125.1352,49.0459],[-125.1855,48.9902],[-125.0253,48.9945],[-125.0296,48.955],[-124.9935,48.9774],[-125.0515,49.0139],[-125.028,49.0277],[-124.9845,48.9805],[-124.9115,48.9849],[-124.8658,49.0272],[-124.8861,49.0638],[-124.8165,49.1208],[-124.8258,49.2539],[-124.7874,49.1421],[-124.8582,49.0014],[-125.0187,48.9437],[-125.0,48.8964],[-125.0888,48.8777],[-125.1344,48.8398],[-125.1126,48.829],[-125.1633,48.8142],[-125.141,48.8394],[-125.2125,48.7813],[-125.1553,48.7702],[-125.1055,48.8096],[-125.1326,48.7573],[-125.0997,48.7211],[-124.7972,48.6637],[-124.7515,48.611],[-124.6038,48.5641],[-124.4976,48.5427],[-124.4138,48.5766],[-124.3988,48.5591],[-124.4585,48.5315],[-123.9211,48.3766],[-123.7347,48.3539],[-123.6328,48.3896],[-123.6523,48.3578],[-123.7171,48.3658],[-123.6543,48.3138],[-123.5887,48.3427],[-123.6011,48.3147],[-123.5405,48.3201],[-123.5791,48.3494],[-123.5347,48.3373],[-123.5223,48.3885],[-123.478,48.3862],[-123.4741,48.4285],[-123.4471,48.4309],[-123.4636,48.4567],[-123.4099,48.4168],[-123.3727,48.428],[-123.4173,48.4635],[-123.3489,48.4029],[-123.2937,48.4116],[-123.2973,48.4571],[-123.2646,48.4512],[-123.3647,48.5147],[-123.3699,48.5966],[-123.4103,48.6283],[-123.3925,48.662],[-123.425,48.6763],[-123.3963,48.6759],[-123.4396,48.6991],[-123.4889,48.6772],[-123.446,48.6552],[-123.4799,48.6286],[-123.4643,48.5591],[-123.4876,48.5777],[-123.5372,48.5468],[-123.5521,48.4856],[-123.5579,48.5497],[-123.5145,48.5684],[-123.5596,48.6557],[-123.5349,48.6939],[-123.6561,48.75],[-123.5979,48.7685],[-123.5699,48.7428],[-123.5625,48.799],[-123.5992,48.7878],[-123.5924,48.8482],[-123.8601,49.0211],[-123.7693,48.9812],[-123.7917,49.0265],[-123.7467,49.04],[-123.8185,49.1357],[-123.8945,49.1667],[-123.8739,49.1341],[-123.9151,49.1309],[-123.9696,49.2017],[-123.9483,49.2289],[-124.1704,49.2535],[-124.1933,49.2685],[-124.1089,49.2702],[-124.1857,49.3126],[-124.2143,49.315],[-124.2069,49.2939],[-124.3558,49.3519],[-124.5735,49.3803],[-124.7251,49.4676],[-124.7918,49.4619],[-124.7927,49.498],[-124.9793,49.6735],[-124.9059,49.6619],[-124.8624,49.7076],[-125.1729,49.9061],[-125.2714,50.0693],[-125.386,50.1226],[-125.3637,50.1535],[-125.3984,50.252],[-125.4411,50.2801],[-125.4389,50.3308],[-125.5797,50.3682],[-125.9382,50.3726],[-126.1267,50.4579],[-126.5882,50.4807],[-126.8218,50.5503],[-126.8672,50.528],[-126.8543,50.5519],[-127.1339,50.5916],[-127.0788,50.6044],[-127.193,50.61],[-127.4174,50.6961],[-127.4079,50.7474],[-127.4501,50.745],[-127.4778,50.6981],[-127.4881,50.767],[-127.9062,50.8748],[-128.0536,50.8768],[-128.2489,50.8034],[-128.4298,50.7863]]],[[[-135.4,60.0001],[-139.0522,60.0],[-138.7058,59.9062],[-138.6054,59.7577],[-137.6021,59.2407],[-137.4993,58.9831],[-137.5267,58.9066],[-137.4466,58.9087],[-137.2884,58.9995],[-136.8247,59.1598],[-136.582,59.1655],[-136.4675,59.2846],[-136.4763,59.4642],[-136.3315,59.456],[-136.2363,59.5267],[-136.2414,59.5591],[-136.3557,59.6007],[-135.9457,59.6636],[-135.479,59.7986],[-135.2347,59.696],[-135.0277,59.5639],[-135.028,59.4763],[-135.0975,59.427],[-134.9893,59.3879],[-135.0302,59.3484],[-134.959,59.2811],[-134.6993,59.2484],[-134.678,59.1928],[-134.5698,59.1335],[-134.4848,59.1334],[-134.3854,59.0414],[-134.4076,58.9784],[-134.3123,58.9614],[-134.3374,58.9203],[-134.2565,58.8591],[-133.8414,58.7302],[-133.6995,58.6091],[-133.3818,58.4326],[-133.4613,58.3899],[-133.1724,58.1516],[-133.0696,58.0001],[-132.8681,57.8446],[-132.5636,57.5068],[-132.2446,57.212],[-132.3693,57.0914],[-132.0459,57.044],[-132.1212,56.8669],[-131.8708,56.8063],[-131.9019,56.7544],[-131.8337,56.5988],[-131.5818,56.6124],[-131.0872,56.4064],[-130.7812,56.3681],[-130.6335,56.2716],[-130.4651,56.2415],[-130.4197,56.1389],[-130.2413,56.0958],[-130.1037,56.122],[-130.0022,56.0066],[-130.0201,55.9117],[-130.0019,55.9354],[-129.9871,55.9175],[-130.134,55.7644],[-130.1326,55.7175],[-130.0853,55.683],[-130.1101,55.5633],[-130.0241,55.4611],[-130.0031,55.3361],[-129.9437,55.2882],[-130.0854,55.194],[-130.1636,55.0885],[-130.1114,54.9876],[-130.0491,55.0142],[-129.901,55.1665],[-129.8158,55.2886],[-129.8286,55.3402],[-129.7764,55.3629],[-129.8149,55.3574],[-129.7947,55.4155],[-129.8303,55.3535],[-129.8415,55.3721],[-129.7669,55.4718],[-129.8124,55.634],[-129.7007,55.4073],[-129.6368,55.4574],[-129.457,55.4699],[-129.6644,55.432],[-129.7406,55.2886],[-129.8126,55.2646],[-130.0056,55.0103],[-129.9177,54.9846],[-129.6164,55.0],[-129.6907,54.97],[-129.8514,54.9796],[-129.9806,54.9137],[-129.9999,54.9256],[-129.9485,54.9599],[-130.0194,54.9745],[-130.1759,54.849],[-130.0553,54.8905],[-130.1693,54.8153],[-130.1512,54.7732],[-130.1828,54.7822],[-130.217,54.724],[-130.0841,54.6906],[-129.9838,54.6129],[-129.8979,54.6165],[-129.9812,54.603],[-130.0936,54.6853],[-130.0994,54.6632],[-130.2283,54.7164],[-130.3635,54.6856],[-130.3804,54.6537],[-130.3534,54.6345],[-130.2894,54.6621],[-130.3471,54.6224],[-130.3874,54.6474],[-130.1146,54.4184],[-130.0751,54.4879],[-129.9844,54.5093],[-130.0729,54.4738],[-130.1036,54.4052],[-130.0434,54.3351],[-129.9822,54.331],[-129.9796,54.3017],[-130.0711,54.3427],[-130.3885,54.6174],[-130.4571,54.6202],[-130.3817,54.5606],[-130.4405,54.5631],[-130.4458,54.4925],[-130.3834,54.4664],[-130.4892,54.4301],[-130.4635,54.3371],[-130.3728,54.3194],[-130.2881,54.3471],[-130.2575,54.3991],[-130.3248,54.4383],[-130.238,54.4014],[-130.2758,54.3369],[-130.2317,54.268],[-130.1458,54.2849],[-130.2034,54.2632],[-130.1904,54.2478],[-130.3026,54.2433],[-130.2784,54.2041],[-130.1289,54.1484],[-129.8603,54.2361],[-129.6233,54.1869],[-129.5,54.238],[-129.6129,54.1745],[-129.8385,54.2151],[-129.9548,54.1814],[-129.8387,54.0414],[-129.7526,54.0],[-129.8559,54.0372],[-129.954,54.1614],[-130.0526,54.1487],[-130.1026,54.0658],[-130.0716,53.9784],[-130.0971,53.9992],[-130.1092,53.9486],[-130.0713,53.8906],[-130.0146,53.8548],[-129.9836,53.8693],[-130.0051,53.8907],[-129.9746,53.8856],[-130.0076,53.8447],[-129.9545,53.8133],[-129.8528,53.8132],[-129.954,53.8098],[-129.8443,53.7398],[-129.8187,53.7562],[-129.814,53.7242],[-129.741,53.7085],[-129.719,53.6736],[-129.7323,53.7191],[-129.711,53.7078],[-129.6871,53.654],[-129.7622,53.6769],[-129.6841,53.5944],[-129.6017,53.5423],[-129.5687,53.5634],[-129.5957,53.5391],[-129.2734,53.3632],[-129.2911,53.397],[-129.2374,53.4248],[-129.2353,53.5097],[-129.2876,53.5054],[-129.3514,53.5755],[-129.2924,53.5229],[-129.2334,53.5188],[-129.2401,53.6125],[-129.304,53.6492],[-129.2315,53.6309],[-129.0309,53.7536],[-129.0993,53.7781],[-129.0847,53.8363],[-129.0518,53.7688],[-128.9697,53.7727],[-128.9815,53.8712],[-129.0338,53.8986],[-128.9649,53.8728],[-128.9616,53.7982],[-128.9149,53.8557],[-128.9474,53.7709],[-128.7924,53.8738],[-128.7949,53.9024],[-128.7228,53.9284],[-128.6812,54.0163],[-128.6091,54.0312],[-128.6526,53.9985],[-128.6409,53.9736],[-128.6914,53.9133],[-128.6746,53.8925],[-128.7029,53.9106],[-128.713,53.8842],[-128.4848,53.827],[-128.6684,53.8548],[-128.7044,53.7991],[-128.8065,53.7719],[-128.7765,53.7265],[-128.8368,53.6467],[-128.7682,53.5522],[-128.6018,53.4884],[-128.5384,53.428],[-128.3812,53.4563],[-128.396,53.4828],[-128.3678,53.5115],[-128.3084,53.4751],[-128.1229,53.4834],[-128.0605,53.3916],[-127.9277,53.33],[-127.9323,53.2754],[-127.8742,53.2479],[-127.8751,53.2246],[-127.9544,53.2675],[-127.9418,53.321],[-128.0375,53.3711],[-128.1227,53.3365],[-128.074,53.3809],[-128.1608,53.4554],[-128.2784,53.4469],[-128.3624,53.4774],[-128.3704,53.4406],[-128.4816,53.4298],[-128.5227,53.4022],[-128.4798,53.396],[-128.4705,53.3169],[-128.5021,53.3467],[-128.491,53.3933],[-128.6574,53.4753],[-128.7217,53.4906],[-128.6845,53.446],[-128.7311,53.4895],[-128.7846,53.4706],[-128.7679,53.5036],[-128.8143,53.5683],[-128.8697,53.5295],[-128.9869,53.5418],[-128.9228,53.4453],[-128.8714,53.4811],[-128.8349,53.4695],[-128.9047,53.4298],[-128.8901,53.3566],[-128.8467,53.3607],[-128.8896,53.3292],[-128.8511,53.2705],[-128.6562,53.1808],[-128.6836,53.25],[-128.5792,53.1283],[-128.4762,53.1451],[-128.5659,53.1229],[-128.5566,53.0874],[-128.4659,53.1068],[-128.4119,53.0858],[-128.5507,53.0675],[-128.5043,53.0139],[-128.4865,52.9201],[-128.4135,52.9448],[-128.3766,52.9959],[-128.4154,52.9329],[-128.5004,52.9218],[-128.4428,52.8217],[-128.3753,52.8392],[-128.3917,52.8186],[-128.334,52.7983],[-128.2408,52.7996],[-128.2041,52.8328],[-128.2253,52.8373],[-128.1611,52.8572],[-128.1347,52.9286],[-128.033,52.9209],[-128.0213,52.901],[-128.1365,52.8769],[-128.1306,52.7685],[-128.0023,52.7576],[-127.9934,52.7888],[-127.9473,52.739],[-127.88,52.7675],[-127.8202,52.7326],[-128.1153,52.758],[-128.2466,52.5713],[-128.2386,52.5014],[-128.1958,52.4824],[-128.2603,52.3902],[-128.3049,52.4012],[-128.3395,52.3718],[-128.343,52.3377],[-128.321,52.3433],[-128.3696,52.2898],[-128.3215,52.2847],[-128.3583,52.2662],[-128.2939,52.2863],[-128.322,52.2657],[-128.2863,52.2601],[-128.2046,52.3527],[-128.238,52.4037],[-128.1986,52.3625],[-128.1517,52.4093],[-128.2071,52.4632],[-128.1603,52.4452],[-128.1612,52.474],[-128.1419,52.4398],[-128.1056,52.4716],[-128.1061,52.5115],[-128.0823,52.5122],[-128.1127,52.5971],[-128.0487,52.6265],[-128.0509,52.6534],[-128.0288,52.6232],[-128.0939,52.5912],[-128.1022,52.5511],[-128.0705,52.5113],[-128.0245,52.5136],[-128.0341,52.5349],[-127.9788,52.5176],[-128.0859,52.4325],[-128.0257,52.3193],[-128.0018,52.4467],[-127.9621,52.4794],[-127.9301,52.4749],[-127.984,52.4436],[-128.0078,52.3181],[-127.945,52.3231],[-127.9439,52.358],[-127.883,52.3724],[-127.946,52.4457],[-127.8902,52.5023],[-127.8402,52.5155],[-127.787,52.4525],[-127.7419,52.4755],[-127.7131,52.4505],[-127.8021,52.4513],[-127.8716,52.4954],[-127.9274,52.4449],[-127.8825,52.4268],[-127.8378,52.3384],[-127.8662,52.3628],[-127.9264,52.3476],[-127.8825,52.1993],[-127.785,52.2678],[-127.7228,52.3604],[-127.6854,52.3518],[-127.7337,52.3395],[-127.7593,52.2717],[-127.4899,52.3377],[-127.4851,52.3696],[-127.5414,52.3998],[-127.4811,52.3756],[-127.4183,52.4098],[-127.6328,52.6071],[-127.4287,52.4269],[-127.3441,52.4179],[-127.2601,52.4759],[-127.295,52.4945],[-127.2209,52.5575],[-127.2435,52.5823],[-127.1342,52.5938],[-126.9629,52.7164],[-127.0023,52.7638],[-126.9959,52.813],[-127.0841,52.8841],[-126.9631,52.8344],[-126.9823,52.813],[-126.9189,52.7115],[-126.9741,52.6808],[-126.9873,52.6292],[-127.0743,52.6173],[-127.2298,52.5358],[-127.2156,52.4715],[-127.2423,52.4504],[-127.1895,52.4233],[-127.2169,52.3853],[-127.1084,52.3338],[-126.9861,52.332],[-126.9564,52.3669],[-126.7746,52.394],[-126.9284,52.3492],[-126.9649,52.3096],[-126.9006,52.1968],[-126.66,52.0362],[-126.6868,52.019],[-126.6666,51.9641],[-126.7657,52.0914],[-126.9271,52.1886],[-127.0001,52.2983],[-127.1774,52.3142],[-127.292,52.2312],[-127.473,52.1871],[-127.435,52.1177],[-127.3755,52.1007],[-127.5542,52.0898],[-127.6121,52.0313],[-127.5771,52.102],[-127.4657,52.1089],[-127.4753,52.1472],[-127.5271,52.1583],[-127.5551,52.1232],[-127.6076,52.1214],[-127.668,51.9511],[-127.8775,51.9019],[-127.8868,51.8782],[-127.8487,51.8746],[-127.8933,51.8387],[-127.8734,51.8412],[-127.8974,51.8158],[-127.8736,51.7742],[-127.8915,51.7153],[-127.8573,51.7128],[-127.8896,51.6927],[-127.8424,51.639],[-127.818,51.6691],[-127.8168,51.624],[-127.7637,51.6535],[-127.7545,51.6239],[-127.7157,51.6513],[-127.721,51.6144],[-127.6868,51.6345],[-127.665,51.6023],[-127.7445,51.6067],[-127.7565,51.5827],[-127.7856,51.609],[-127.7955,51.562],[-127.7521,51.571],[-127.8013,51.533],[-127.6616,51.5168],[-127.5737,51.586],[-127.55,51.6637],[-127.485,51.6462],[-127.4581,51.6852],[-127.6615,51.7073],[-127.4574,51.6953],[-127.4518,51.78],[-127.4004,51.7818],[-127.3562,51.8717],[-127.3789,51.7795],[-127.4488,51.7547],[-127.4512,51.6645],[-127.3647,51.6818],[-127.3491,51.7192],[-127.2502,51.6785],[-127.5047,51.6233],[-127.5211,51.5133],[-127.5634,51.4776],[-127.4781,51.4447],[-127.3244,51.4395],[-127.3264,51.4634],[-127.3105,51.4077],[-127.2346,51.4126],[-127.3038,51.4006],[-127.3151,51.4274],[-127.4387,51.4378],[-127.4763,51.4034],[-127.5564,51.4016],[-127.4661,51.4342],[-127.5657,51.4729],[-127.6669,51.3685],[-127.6671,51.4033],[-127.7843,51.3724],[-127.7806,51.3206],[-127.5725,51.338],[-127.3556,51.4092],[-127.5404,51.3201],[-127.37,51.307],[-127.3467,51.3383],[-127.1749,51.3478],[-127.3346,51.335],[-127.3679,51.3051],[-127.2152,51.3176],[-127.1167,51.3999],[-127.1159,51.3588],[-127.0564,51.3526],[-127.1354,51.3606],[-127.1702,51.3268],[-127.1231,51.3379],[-127.1574,51.3169],[-127.4654,51.2775],[-127.4254,51.2688],[-127.5822,51.2606],[-127.6,51.2842],[-127.7702,51.2469],[-127.7875,51.1635],[-127.6822,51.1328],[-127.6701,51.0921],[-127.5072,51.0974],[-127.6159,51.143],[-127.4319,51.1345],[-127.424,51.1619],[-127.4772,51.1602],[-127.4223,51.1698],[-127.4154,51.2094],[-127.2494,51.2112],[-127.2818,51.1864],[-127.4032,51.2016],[-127.4094,51.1349],[-127.1543,51.1239],[-127.0951,51.1885],[-127.0054,51.1614],[-126.922,51.1906],[-126.9445,51.1624],[-127.1063,51.1641],[-127.1341,51.1218],[-126.9073,51.0997],[-127.5544,51.125],[-127.4674,51.0936],[-127.1974,51.0951],[-127.1428,51.0609],[-127.4674,51.0902],[-127.3395,51.038],[-126.7911,51.0977],[-126.8537,51.0839],[-126.8281,51.0758],[-126.6744,51.1545],[-126.6622,51.2012],[-126.6604,51.14],[-126.7751,51.072],[-126.6442,51.0522],[-126.7071,51.0389],[-126.6968,50.9972],[-126.7414,50.9855],[-126.7065,50.9982],[-126.7661,51.0682],[-127.0293,51.0594],[-127.0923,51.0296],[-127.3246,51.0403],[-127.2439,50.9996],[-127.1905,51.021],[-127.2339,50.9947],[-127.1715,50.9661],[-127.2088,50.9508],[-127.2073,50.9781],[-127.3055,50.9891],[-127.2551,51.0],[-127.4475,51.0529],[-127.4055,51.0541],[-127.5009,51.0982],[-127.4719,51.0714],[-127.5144,51.0807],[-127.5185,51.0017],[-127.4118,50.9655],[-127.4534,50.9605],[-127.4071,50.9257],[-127.2978,50.9006],[-127.2574,50.9197],[-127.2937,50.9358],[-127.2192,50.9432],[-127.2702,50.9121],[-127.0149,50.8175],[-126.8959,50.8858],[-127.1999,50.9195],[-127.044,50.9593],[-127.0713,51.0094],[-127.0358,50.9584],[-127.1377,50.9318],[-126.902,50.8943],[-126.8729,50.9634],[-126.796,50.9591],[-126.7839,51.0209],[-126.7751,50.9624],[-126.8054,50.9457],[-126.6354,50.9339],[-126.8407,50.912],[-126.664,50.8651],[-126.5116,50.9414],[-126.5499,51.0029],[-126.5291,51.0439],[-126.4616,50.9441],[-126.1866,50.9267],[-126.2117,50.9011],[-126.3991,50.9179],[-126.4132,50.8839],[-126.4829,50.8728],[-126.4152,50.8963],[-126.4954,50.925],[-126.55,50.8966],[-126.537,50.8726],[-126.5838,50.8498],[-126.5659,50.8331],[-126.4934,50.8359],[-126.552,50.8511],[-126.5108,50.8664],[-126.4668,50.8505],[-126.5079,50.8176],[-126.476,50.8137],[-126.2364,50.8698],[-126.2606,50.8427],[-126.2167,50.8325],[-126.1646,50.8782],[-126.1934,50.7813],[-126.0087,50.7931],[-126.1885,50.7169],[-126.1851,50.6688],[-126.0152,50.7031],[-125.9284,50.6876],[-125.7278,50.7083],[-125.6864,50.7812],[-125.6461,50.776],[-125.685,50.875],[-125.5661,50.9038],[-125.5448,50.9373],[-125.5915,50.9657],[-125.6124,51.0222],[-125.5906,51.0359],[-125.6365,51.0716],[-125.5877,51.0949],[-125.4957,50.9387],[-125.5497,50.8681],[-125.6468,50.8546],[-125.5909,50.796],[-125.6837,50.7394],[-125.7283,50.6549],[-125.7596,50.6875],[-126.2995,50.6309],[-126.2423,50.6271],[-126.2655,50.5955],[-126.1991,50.5788],[-125.9382,50.6368],[-126.1529,50.5878],[-126.1907,50.5688],[-126.1863,50.5142],[-126.2108,50.5379],[-126.2872,50.5211],[-126.0952,50.4849],[-125.9389,50.5616],[-125.9094,50.5481],[-126.084,50.485],[-125.9152,50.4739],[-125.8426,50.4998],[-125.8354,50.5406],[-125.779,50.5364],[-125.7207,50.5249],[-125.8173,50.49],[-125.6969,50.4904],[-125.7693,50.4666],[-125.7104,50.4228],[-125.6572,50.4287],[-125.5818,50.5046],[-125.6356,50.4981],[-125.5498,50.5501],[-125.5753,50.5777],[-125.5279,50.6739],[-125.4667,50.6895],[-125.4756,50.7227],[-125.4218,50.7201],[-125.4018,50.7156],[-125.4583,50.6739],[-125.5193,50.6645],[-125.5234,50.5478],[-125.5937,50.4495],[-125.3975,50.4676],[-125.3735,50.5052],[-125.4031,50.5303],[-125.365,50.5686],[-125.3523,50.4847],[-125.31,50.4553],[-125.2561,50.506],[-125.1387,50.514],[-125.2502,50.5029],[-125.2696,50.4599],[-125.1756,50.4069],[-125.0976,50.4455],[-125.1099,50.5025],[-124.9931,50.5365],[-124.9892,50.5685],[-124.9067,50.613],[-124.9292,50.6715],[-124.8865,50.7281],[-124.9824,50.8101],[-124.9112,50.8375],[-124.8607,50.9306],[-124.822,50.9307],[-124.7867,50.8859],[-124.917,50.8007],[-124.8322,50.7327],[-124.8637,50.689],[-124.8588,50.5918],[-124.9438,50.5535],[-124.9695,50.5006],[-125.0522,50.4798],[-125.0805,50.3255],[-125.0416,50.3206],[-125.0445,50.351],[-125.0031,50.3428],[-124.9696,50.3758],[-125.0086,50.4464],[-124.9387,50.3804],[-124.9616,50.3373],[-124.8301,50.3067],[-124.7121,50.3734],[-124.6748,50.434],[-124.5451,50.4206],[-124.3636,50.4852],[-124.5245,50.3969],[-124.6457,50.4037],[-124.7357,50.3259],[-124.6658,50.3173],[-124.5901,50.2417],[-124.6315,50.161],[-124.7279,50.1235],[-124.6898,50.1244],[-124.701,50.0987],[-124.8061,50.0753],[-124.7431,50.0364],[-124.7238,50.0827],[-124.6528,50.0799],[-124.7196,50.0354],[-124.6746,49.9641],[-124.7366,50.0264],[-124.8428,50.064],[-124.8062,50.0107],[-124.5564,49.8719],[-124.5264,49.8043],[-124.2691,49.7408],[-124.2778,49.7754],[-124.0788,49.7995],[-124.0899,49.8397],[-124.0384,49.8358],[-124.0779,49.8698],[-124.0389,49.9319],[-124.0012,49.8126],[-123.9216,49.8277],[-123.9033,49.8784],[-123.9755,49.9166],[-124.0156,50.0],[-123.8023,50.0932],[-124.0,50.2247],[-123.8568,50.1621],[-123.7703,50.206],[-123.8509,50.1635],[-123.7428,50.0872],[-123.9744,49.9805],[-123.9367,49.9193],[-123.8659,49.917],[-123.8736,49.8446],[-123.947,49.7754],[-123.8389,49.6864],[-123.7511,49.7242],[-123.7158,49.7862],[-123.7395,49.7233],[-123.8404,49.6594],[-123.8047,49.6245],[-123.5284,49.6991],[-123.7901,49.6021],[-123.756,49.4806],[-123.7985,49.5125],[-123.9078,49.7471],[-123.9719,49.7669],[-124.0341,49.7416],[-124.0727,49.6372],[-123.985,49.639],[-124.0376,49.6122],[-123.941,49.5232],[-123.9647,49.5092],[-123.9085,49.5122],[-123.8709,49.4679],[-123.7442,49.4703],[-123.7232,49.4385],[-123.5339,49.3837],[-123.4668,49.4431],[-123.4899,49.5291],[-123.2701,49.5852],[-123.2573,49.6637],[-123.1436,49.7083],[-123.2249,49.647],[-123.2059,49.6206],[-123.2628,49.5195],[-123.2343,49.4181],[-123.2936,49.3727],[-123.2676,49.3318],[-122.9558,49.3006],[-122.8796,49.3807],[-122.882,49.4712],[-122.8626,49.3836],[-122.9292,49.3043],[-122.8349,49.2841],[-123.0842,49.2838],[-123.1418,49.3141],[-123.1579,49.2979],[-123.103,49.2725],[-123.2624,49.2708],[-123.137,49.2002],[-122.9181,49.198],[-123.1999,49.1742],[-123.2006,49.1259],[-123.1436,49.1107],[-123.0,49.1576],[-123.1579,49.0668],[-123.1238,49.0508],[-123.1687,49.0162],[-123.0983,49.0366],[-123.1327,49.0045],[-123.0353,49.0021],[-123.046,49.0472],[-122.8909,49.0915],[-122.8495,49.0827],[-122.8879,49.0569],[-122.8711,49.0261],[-122.7549,49.0022],[-114.0683,48.9989],[-114.0546,49.0243],[-114.1532,49.0995],[-114.1613,49.1548],[-114.399,49.2104],[-114.3814,49.2508],[-114.448,49.2644],[-114.4876,49.3473],[-114.5906,49.3961],[-114.5736,49.5575],[-114.6962,49.5468],[-114.7326,49.5764],[-114.7465,49.6185],[-114.6678,49.6375],[-114.6768,49.6962],[-114.6337,49.7304],[-114.6591,49.7651],[-114.6399,49.8277],[-114.6918,49.8963],[-114.6833,49.9671],[-114.6515,49.9755],[-114.6625,50.0649],[-114.736,50.1204],[-114.7247,50.1902],[-114.7702,50.25],[-114.7528,50.2938],[-114.8,50.3298],[-114.7686,50.3588],[-114.8623,50.3945],[-114.8598,50.4238],[-115.0151,50.5824],[-115.1546,50.5733],[-115.2081,50.5278],[-115.2397,50.5892],[-115.3115,50.6286],[-115.2742,50.6489],[-115.3123,50.7239],[-115.4138,50.7113],[-115.4363,50.7557],[-115.4811,50.7552],[-115.5731,50.8377],[-115.6394,50.838],[-115.6489,50.8742],[-115.5621,50.8943],[-115.6283,50.9809],[-115.7671,51.0394],[-115.7534,51.0744],[-115.9236,51.0831],[-116.0088,51.126],[-116.0369,51.1701],[-116.0,51.194],[-116.0076,51.222],[-116.1533,51.2634],[-116.1641,51.2978],[-116.268,51.3119],[-116.3114,51.385],[-116.284,51.4565],[-116.3606,51.4709],[-116.3909,51.5456],[-116.595,51.6618],[-116.5854,51.7128],[-116.6504,51.7537],[-116.6591,51.8052],[-116.749,51.8051],[-116.8193,51.7386],[-116.8098,51.7054],[-116.9206,51.7098],[-116.9764,51.7602],[-116.9798,51.8356],[-117.0335,51.8564],[-117.0108,51.8897],[-117.1032,51.9565],[-117.196,51.9791],[-117.2336,52.0118],[-117.2147,52.0285],[-117.3051,52.0743],[-117.3173,52.194],[-117.3341,52.1486],[-117.3813,52.1377],[-117.6113,52.1443],[-117.6635,52.1979],[-117.8183,52.2264],[-117.8396,52.2741],[-117.7058,52.3654],[-117.7665,52.4177],[-117.8869,52.4261],[-117.988,52.5002],[-118.0507,52.4572],[-118.0442,52.3985],[-118.1381,52.4075],[-118.2194,52.3742],[-118.2554,52.4495],[-118.1934,52.4778],[-118.3525,52.6107],[-118.2902,52.6777],[-118.4224,52.7758],[-118.387,52.8471],[-118.4525,52.8554],[-118.4483,52.8853],[-118.5002,52.9064],[-118.6138,52.8837],[-118.6134,52.936],[-118.6712,52.9783],[-118.6408,52.9993],[-118.6554,53.0348],[-118.7762,53.0454],[-118.7295,53.1155],[-118.7865,53.1592],[-118.9752,53.2417],[-119.0238,53.232],[-118.9994,53.1928],[-119.0246,53.1267],[-119.146,53.1912],[-119.2571,53.1766],[-119.3908,53.3608],[-119.6689,53.3678],[-119.7254,53.3888],[-119.7804,53.4918],[-119.8995,53.5191],[-119.861,53.5565],[-119.9259,53.6145],[-119.7592,53.591],[-119.7134,53.6146],[-119.7929,53.7061],[-119.9157,53.7173],[-119.8883,53.7795],[-120.0,53.8062],[-120.0,60.0],[-135.4,60.0001]]]]},"properties":{"PRENAME":"British Columbia","PREABBR":"B.C.","PRUID":"59"}},{"type":"Feature","geometry":{"type":"MultiPolygon","coordinates":[[[[-136.4769,68.8932],[-136.4816,68.8906],[-136.4711,68.8835],[-136.4769,68.8932]]],[[[-136.6313,68.9145],[-136.5677,68.8974],[-136.5428,68.906],[-136.6313,68.9145]]],[[[-136.5215,68.8995],[-136.5466,68.8858],[-136.4686,68.8701],[-136.5215,68.8995]]],[[[-139.1339,69.6374],[-139.326,69.5489],[-139.2435,69.5911],[-139.2621,69.5751],[-139.0952,69.5198],[-138.9964,69.5729],[-138.8479,69.5752],[-138.9677,69.6231],[-139.1339,69.6374]]],[[[-140.912,69.6363],[-141.0115,69.6467],[-141.0181,69.5029],[-140.998,60.308],[-140.5171,60.2202],[-140.448,60.308],[-139.9717,60.1839],[-139.6801,60.3357],[-139.0521,60.3537],[-139.177,60.0829],[-139.0568,60.0],[-123.7893,60.0],[-124.1238,60.206],[-124.2145,60.3646],[-124.1979,60.4459],[-124.3892,60.4585],[-124.3938,60.5189],[-124.4472,60.5728],[-124.5711,60.6414],[-124.5995,60.6879],[-124.4492,60.7647],[-124.4963,60.8025],[-124.5394,60.9386],[-124.7884,60.9545],[-124.8375,60.8993],[-124.8258,60.8371],[-125.1479,60.8325],[-125.2641,60.7684],[-125.5338,60.8124],[-125.6697,60.8031],[-125.8322,60.8813],[-125.9208,60.8486],[-125.9668,60.7892],[-126.0566,60.7953],[-126.0833,60.8138],[-126.0634,60.8514],[-126.2107,60.8344],[-126.1979,60.7822],[-126.2835,60.7588],[-126.4864,60.8002],[-126.6391,60.7308],[-126.6927,60.769],[-126.8128,60.7586],[-126.8452,60.775],[-126.8253,60.8315],[-126.8771,60.8479],[-126.8536,60.9316],[-126.9068,61.0071],[-126.8968,61.041],[-127.047,61.0173],[-127.0725,61.0666],[-126.9841,61.1214],[-127.0121,61.1377],[-126.9608,61.1679],[-126.9529,61.215],[-126.9964,61.2221],[-127.0293,61.3613],[-127.0908,61.3681],[-127.103,61.4582],[-127.1917,61.4611],[-127.2379,61.5002],[-127.4692,61.4852],[-127.6227,61.5322],[-127.6686,61.5826],[-127.7668,61.5941],[-128.0475,61.7287],[-127.986,61.7916],[-128.0207,61.8235],[-128.1884,61.8284],[-128.2486,61.937],[-128.3501,61.9735],[-128.348,62.0148],[-128.5497,62.1163],[-128.6691,62.1091],[-128.7304,62.0431],[-128.8091,62.0483],[-128.8198,62.0875],[-128.9447,62.1191],[-129.1289,62.0995],[-129.2357,62.1381],[-129.1633,62.204],[-129.2697,62.258],[-129.246,62.2822],[-129.2646,62.2999],[-129.1895,62.3616],[-129.2849,62.3997],[-129.1741,62.445],[-129.1597,62.4786],[-129.387,62.5713],[-129.5224,62.5522],[-129.4646,62.5951],[-129.505,62.6404],[-129.4852,62.6624],[-129.5667,62.6812],[-129.6653,62.8142],[-129.7433,62.8384],[-129.7501,62.8811],[-129.6843,62.8759],[-129.7097,62.9077],[-129.5886,63.0422],[-129.6132,63.0731],[-129.821,63.0824],[-129.9105,63.1921],[-129.9876,63.1989],[-130.0488,63.2524],[-130.1578,63.2424],[-130.1083,63.3056],[-129.8662,63.3671],[-129.9086,63.4176],[-129.8743,63.4575],[-129.785,63.446],[-129.8974,63.5529],[-129.9604,63.5658],[-129.9281,63.592],[-130.0814,63.608],[-130.0993,63.6327],[-130.0725,63.6829],[-130.2687,63.6448],[-130.3397,63.6909],[-130.1013,63.7542],[-130.1377,63.7993],[-130.1094,63.8394],[-130.2186,63.8693],[-130.3394,63.8133],[-130.4429,63.8911],[-130.7757,63.9763],[-130.7717,64.0089],[-130.7233,64.0266],[-130.8704,64.0319],[-130.8835,64.082],[-130.9678,64.13],[-130.8591,64.172],[-130.944,64.1858],[-130.9827,64.2507],[-131.0737,64.2729],[-131.0266,64.3047],[-131.1474,64.4038],[-131.3724,64.4509],[-131.432,64.4379],[-131.4196,64.4115],[-131.4511,64.3919],[-131.6235,64.3537],[-131.8583,64.3813],[-131.8249,64.4247],[-131.6761,64.4855],[-131.7075,64.5082],[-131.6847,64.5214],[-131.8387,64.5253],[-131.8301,64.5488],[-131.9381,64.5903],[-132.0377,64.6964],[-132.357,64.7832],[-132.5461,64.7703],[-132.6277,64.8297],[-132.4817,64.884],[-132.4623,64.9016],[-132.4903,64.9624],[-132.4142,64.9844],[-132.3361,65.0607],[-132.5428,65.0899],[-132.5094,65.1735],[-132.6567,65.1408],[-132.7269,65.1584],[-132.7727,65.183],[-132.7067,65.1993],[-132.7479,65.2274],[-132.657,65.2781],[-132.5664,65.284],[-132.5372,65.3505],[-132.2754,65.4577],[-132.2834,65.5006],[-132.1683,65.6024],[-132.2986,65.686],[-132.3135,65.7399],[-132.5964,65.8567],[-132.5309,65.9059],[-132.3501,65.9523],[-132.3779,65.989],[-132.4946,65.972],[-132.5683,66.0229],[-132.6566,66.0158],[-132.9092,65.884],[-133.0215,65.9188],[-132.9212,66.0204],[-133.1281,66.0309],[-133.4469,65.9335],[-133.6584,65.9597],[-133.5986,66.0565],[-133.6907,66.0712],[-133.6579,66.1218],[-133.5489,66.17],[-133.5536,66.257],[-133.6263,66.2986],[-133.8355,66.3172],[-133.7681,66.3662],[-133.7342,66.4404],[-133.6099,66.4361],[-133.6901,66.5279],[-133.5824,66.5623],[-133.7934,66.6494],[-133.7481,66.679],[-133.8464,66.7228],[-133.7597,66.801],[-133.8905,66.8835],[-134.1179,66.9569],[-133.8297,67.0],[-136.1644,67.0],[-136.2325,67.1067],[-136.1916,67.1439],[-136.2351,67.1725],[-136.0866,67.3007],[-136.2221,67.4055],[-136.1699,67.5038],[-136.2187,67.5134],[-136.2,67.5617],[-136.2414,67.6109],[-136.4488,67.6495],[-136.4686,68.8695],[-136.5688,68.8903],[-136.6362,68.8788],[-136.6237,68.8493],[-136.8815,68.8663],[-136.8679,68.8815],[-137.008,68.9372],[-137.2053,68.9274],[-137.4772,69.0014],[-137.941,69.0718],[-137.8974,69.0812],[-138.1999,69.1669],[-138.3759,69.2944],[-138.429,69.2842],[-138.3757,69.2802],[-138.4258,69.2448],[-138.4039,69.2352],[-138.4593,69.2208],[-138.5111,69.2339],[-138.499,69.2514],[-138.6105,69.2338],[-138.6125,69.2794],[-138.5775,69.2506],[-138.6091,69.2807],[-139.0,69.4121],[-139.1151,69.5041],[-139.063,69.4651],[-139.3885,69.5405],[-139.6024,69.5323],[-139.5744,69.5491],[-139.7881,69.5988],[-139.5152,69.5548],[-139.9352,69.6122],[-139.8025,69.6026],[-139.8746,69.6123],[-140.5297,69.5922],[-140.9396,69.6247],[-140.8387,69.6311],[-140.912,69.6363]],[[-138.9101,69.3846],[-138.8893,69.3856],[-138.9239,69.3524],[-138.8909,69.3429],[-138.9292,69.3487],[-138.9101,69.3846]]]]},"properties":{"PRENAME":"Yukon","PREABBR":"Y.T.","PRUID":"60"}},{"type":"Feature","geometry":{"type":"MultiPolygon","coordinates":[[[[-109.8423,72.71],[-109.8431,72.7097],[-109.8423,72.7095],[-109.8423,72.71]]],[[[-132.9692,69.4484],[-132.976,69.4506],[-132.9776,69.4484],[-132.9692,69.4484]]],[[[-123.3896,69.4571],[-123.3974,69.4597],[-123.406,69.4598],[-123.3896,69.4571]]],[[[-109.8424,72.7021],[-109.8526,72.6979],[-109.8424,72.6973],[-109.8424,72.7021]],[[-133.0127,69.4544],[-133.0278,69.454],[-132.9896,69.4579],[-133.0127,69.4544]]],[[[-123.8889,69.3695],[-123.9022,69.3741],[-123.9061,69.3657],[-123.8889,69.3695]]],[[[-133.0504,69.434],[-133.0661,69.4254],[-133.0328,69.4244],[-133.0504,69.434]]],[[[-130.2613,70.0935],[-130.3038,70.0743],[-130.1663,70.1054],[-130.2613,70.0935]]],[[[-116.7567,70.5457],[-116.7297,70.542],[-116.795,70.5367],[-116.6919,70.538],[-116.7567,70.5457]]],[[[-115.8557,77.75],[-115.7603,77.7124],[-115.6781,77.7108],[-115.8557,77.75]]],[[[-117.2947,70.5677],[-117.3501,70.5553],[-117.2669,70.5504],[-117.2947,70.5677]]],[[[-116.0795,77.6413],[-116.1068,77.641],[-115.9182,77.6219],[-116.0795,77.6413]]],[[[-131.9579,69.437],[-132.0879,69.3955],[-132.0443,69.3927],[-131.9579,69.437]]],[[[-111.9464,75.8348],[-112.0242,75.8423],[-112.0673,75.827],[-111.9464,75.8348]]],[[[-133.4576,68.8213],[-133.4917,68.8161],[-133.4045,68.807],[-133.4576,68.8213]]],[[[-131.407,69.5513],[-131.3643,69.5132],[-131.3035,69.5196],[-131.407,69.5513]]],[[[-113.2997,77.6675],[-113.3334,77.6562],[-113.2303,77.6459],[-113.2997,77.6675]]],[[[-134.2366,69.6871],[-134.3114,69.6657],[-134.1556,69.6644],[-134.2366,69.6871]]],[[[-131.1746,69.8866],[-131.2083,69.8709],[-131.1162,69.8721],[-131.1746,69.8866]]],[[[-115.332,70.5966],[-115.3865,70.5687],[-115.3065,70.5844],[-115.332,70.5966]]],[[[-111.1088,72.7116],[-111.1826,72.6821],[-111.113,72.6889],[-111.1088,72.7116]]],[[[-111.4481,72.4507],[-111.5967,72.3987],[-111.4542,72.4191],[-111.4481,72.4507]]],[[[-115.4834,70.5857],[-115.5284,70.5769],[-115.4546,70.558],[-115.4751,70.571],[-115.4162,70.5819],[-115.4834,70.5857]]],[[[-115.6139,70.564],[-115.6838,70.5444],[-115.5565,70.5435],[-115.6612,70.5465],[-115.6139,70.564]]],[[[-134.4165,69.7249],[-134.492,69.7119],[-134.3796,69.7135],[-134.4165,69.7249]]],[[[-135.2544,69.467],[-135.3156,69.4501],[-135.2124,69.461],[-135.2544,69.467]]],[[[-132.4866,69.7403],[-132.4281,69.7292],[-132.2373,69.757],[-132.4866,69.7403]]],[[[-133.6743,69.3753],[-133.7148,69.3331],[-133.6299,69.377],[-133.6743,69.3753]]],[[[-123.9293,69.7109],[-124.0138,69.683],[-123.9333,69.6818],[-123.9293,69.7109]]],[[[-135.5766,69.393],[-135.5457,69.3699],[-135.4971,69.3937],[-135.5766,69.393]]],[[[-110.3162,72.6552],[-110.3577,72.6384],[-110.2437,72.6394],[-110.3162,72.6552]]],[[[-116.7569,70.5137],[-116.7987,70.5],[-116.6868,70.4982],[-116.7569,70.5137]]],[[[-125.0938,70.1811],[-125.1166,70.1722],[-124.9894,70.175],[-125.0938,70.1811]]],[[[-131.0623,69.567],[-131.0871,69.5456],[-131.0113,69.5379],[-131.0623,69.567]]],[[[-111.7824,70.2919],[-111.7962,70.2831],[-111.5802,70.2915],[-111.7824,70.2919]]],[[[-131.4873,69.3918],[-131.4914,69.3514],[-131.4315,69.3582],[-131.4873,69.3918]]],[[[-132.0954,69.2916],[-132.1891,69.2493],[-132.1164,69.2519],[-132.0954,69.2916]]],[[[-134.964,69.6856],[-134.9414,69.6634],[-134.8417,69.6963],[-134.7143,69.6878],[-134.964,69.6856]]],[[[-110.4663,72.6227],[-110.4919,72.6202],[-110.3153,72.6081],[-110.4663,72.6227]]],[[[-135.5166,69.4506],[-135.5414,69.4298],[-135.4551,69.4434],[-135.5166,69.4506]]],[[[-134.1556,69.5994],[-134.1793,69.5922],[-134.0476,69.5823],[-134.0015,69.6114],[-134.1556,69.5994]]],[[[-110.5652,72.5966],[-110.5283,72.5719],[-110.4408,72.574],[-110.5652,72.5966]]],[[[-116.6764,70.4998],[-116.656,70.4929],[-116.7153,70.483],[-116.5367,70.4788],[-116.6764,70.4998]]],[[[-132.0138,69.2939],[-132.0472,69.3036],[-132.0092,69.2767],[-132.0545,69.242],[-131.9606,69.2711],[-132.0138,69.2939]]],[[[-125.3586,69.7507],[-125.3811,69.7194],[-125.2482,69.7294],[-125.3586,69.7507]]],[[[-136.0025,68.9338],[-136.0311,68.9385],[-135.7513,68.879],[-136.0025,68.9338]]],[[[-136.1179,69.0615],[-136.1044,69.0266],[-136.0453,69.0216],[-136.0652,69.0558],[-136.1179,69.0615]]],[[[-133.5806,69.5191],[-133.6507,69.4822],[-133.5434,69.4995],[-133.5806,69.5191]]],[[[-136.1451,69.1994],[-136.0704,69.1544],[-136.079,69.1898],[-136.1451,69.1994]]],[[[-136.017,69.1828],[-136.0596,69.1974],[-136.0456,69.1527],[-136.0032,69.1376],[-136.017,69.1828]]],[[[-124.5787,73.7008],[-124.7213,73.7113],[-124.5743,73.6758],[-124.5518,73.6774],[-124.6359,73.6911],[-124.5153,73.6914],[-124.5787,73.7008]]],[[[-116.2709,70.5588],[-116.3385,70.5527],[-116.1153,70.5396],[-116.2709,70.5588]]],[[[-136.0031,68.9529],[-135.9079,68.9158],[-135.7533,68.8945],[-136.0031,68.9529]]],[[[-112.7236,70.303],[-112.7592,70.2859],[-112.6535,70.2678],[-112.6141,70.293],[-112.7236,70.303]]],[[[-124.5337,73.9297],[-124.4511,73.8849],[-124.395,73.9074],[-124.5337,73.9297]]],[[[-135.9006,68.9391],[-135.9652,68.9531],[-135.7311,68.8979],[-135.7935,68.9372],[-135.9006,68.9391]]],[[[-136.2587,69.1356],[-136.1581,69.0784],[-136.1036,69.0823],[-136.2587,69.1356]]],[[[-132.9115,68.956],[-132.9542,68.9805],[-132.9216,68.9387],[-132.9888,68.9516],[-132.9259,68.919],[-132.8138,68.932],[-132.9115,68.956]]],[[[-132.5953,68.8524],[-132.626,68.8411],[-132.6038,68.8145],[-132.4645,68.8292],[-132.5953,68.8524]]],[[[-125.1033,70.1514],[-125.1574,70.1303],[-125.0628,70.1095],[-125.123,70.1143],[-125.0497,70.1392],[-124.9969,70.1217],[-125.0235,70.1305],[-124.9618,70.1527],[-125.1033,70.1514]]],[[[-135.3302,69.5136],[-135.3771,69.5073],[-135.3186,69.4894],[-135.3919,69.4803],[-135.2045,69.4881],[-135.3302,69.5136]]],[[[-121.0262,76.76],[-121.007,76.7499],[-121.0325,76.7343],[-121.1906,76.7337],[-120.8538,76.7308],[-120.8846,76.7638],[-121.0262,76.76]]],[[[-113.3273,77.134],[-113.482,77.1028],[-113.2453,77.1058],[-113.3273,77.134]]],[[[-135.5143,69.3869],[-135.5347,69.3609],[-135.4186,69.3453],[-135.3856,69.3762],[-135.5143,69.3869]]],[[[-135.8037,69.5032],[-135.826,69.4923],[-135.5769,69.4435],[-135.6667,69.4922],[-135.8037,69.5032]]],[[[-136.1023,69.0035],[-136.0344,68.9458],[-135.966,68.9544],[-136.0189,69.0057],[-136.1023,69.0035]]],[[[-111.8472,75.8752],[-111.8849,75.8598],[-111.6485,75.8561],[-111.611,75.867],[-111.6502,75.8767],[-111.5478,75.8878],[-111.8472,75.8752]]],[[[-122.9439,76.1589],[-122.9108,76.138],[-122.997,76.125],[-122.9733,76.1113],[-123.0194,76.104],[-122.9726,76.1016],[-123.0315,76.0895],[-122.8028,76.1354],[-122.9439,76.1589]]],[[[-135.9931,69.0269],[-136.0259,69.0154],[-135.9662,68.9763],[-135.823,68.9831],[-135.9931,69.0269]]],[[[-135.4886,69.6276],[-135.5827,69.5887],[-135.523,69.5753],[-135.5929,69.5748],[-135.5351,69.5526],[-135.4143,69.6347],[-135.3121,69.6176],[-135.4886,69.6276]]],[[[-113.2351,70.3117],[-112.9205,70.2975],[-113.0955,70.3264],[-113.2351,70.3117]]],[[[-109.8948,75.9302],[-110.0499,75.9007],[-109.9675,75.8937],[-109.9932,75.8811],[-109.9181,75.8538],[-109.8324,75.8644],[-109.833,75.9339],[-109.8948,75.9302]]],[[[-130.7833,69.6228],[-130.8058,69.585],[-130.7727,69.5772],[-130.8083,69.5593],[-130.7817,69.5405],[-130.6696,69.5762],[-130.6818,69.6055],[-130.7731,69.5915],[-130.7031,69.6264],[-130.7833,69.6228]]],[[[-115.918,70.5925],[-115.9084,70.5706],[-116.0709,70.5477],[-115.8622,70.5477],[-115.7582,70.5892],[-115.918,70.5925]]],[[[-122.961,76.0544],[-122.9979,76.0431],[-122.9024,76.0356],[-123.0158,76.0345],[-122.9235,76.0044],[-122.9392,76.0247],[-122.5956,76.0529],[-122.961,76.0544]]],[[[-133.9275,69.6061],[-134.0175,69.5616],[-133.9783,69.5414],[-133.8679,69.5472],[-133.9325,69.5727],[-133.8092,69.5679],[-133.9275,69.6061]]],[[[-130.8904,69.5108],[-130.9346,69.5161],[-130.9429,69.4689],[-130.9043,69.4213],[-130.9364,69.4048],[-130.8101,69.4165],[-130.8635,69.4624],[-130.8494,69.5038],[-130.8904,69.5108]]],[[[-135.4498,69.3925],[-135.3862,69.3795],[-135.4151,69.3447],[-135.3394,69.3344],[-135.3663,69.3269],[-135.3285,69.3044],[-135.2616,69.33],[-135.293,69.3691],[-135.3248,69.3481],[-135.2845,69.3357],[-135.332,69.3291],[-135.373,69.3507],[-135.3217,69.3715],[-135.4498,69.3925]]],[[[-113.8297,77.1588],[-113.9187,77.1333],[-113.7915,77.1055],[-113.6251,77.1316],[-113.8297,77.1588]]],[[[-135.9633,68.9736],[-135.6605,68.8973],[-135.8524,68.9815],[-135.9633,68.9736]]],[[[-136.0783,69.13],[-136.247,69.1711],[-136.1137,69.132],[-136.0939,69.1159],[-136.2134,69.1462],[-136.0845,69.1089],[-136.1089,69.0922],[-135.9877,69.0964],[-136.0783,69.13]]],[[[-110.1801,72.5566],[-110.238,72.5618],[-109.8452,72.4573],[-109.8448,72.4854],[-109.9081,72.5128],[-110.0829,72.5618],[-110.1801,72.5566]]],[[[-116.7238,70.5616],[-116.4304,70.5125],[-116.3383,70.5182],[-116.4377,70.5345],[-116.3025,70.5286],[-116.5063,70.5383],[-116.469,70.5463],[-116.5814,70.5734],[-116.7238,70.5616]]],[[[-124.3108,73.6482],[-124.357,73.6203],[-124.3332,73.5656],[-124.0868,73.5744],[-124.283,73.6148],[-124.3263,73.6333],[-124.3108,73.6482]]],[[[-122.6459,75.9251],[-122.6862,75.9082],[-122.3291,75.8636],[-122.2899,75.9008],[-122.6459,75.9251]]],[[[-128.203,70.6254],[-128.2735,70.636],[-128.3396,70.5394],[-128.2434,70.5514],[-128.2792,70.6069],[-128.2411,70.6076],[-128.2644,70.575],[-128.2182,70.5568],[-128.1466,70.5551],[-128.1258,70.5807],[-128.1485,70.605],[-128.1064,70.5881],[-128.203,70.6254]]],[[[-128.9505,69.9573],[-129.1018,69.8467],[-128.9246,69.8302],[-128.9806,69.8787],[-128.904,69.9068],[-128.9171,69.9508],[-128.8726,69.9408],[-128.9505,69.9573]]],[[[-117.2318,70.592],[-117.3065,70.5764],[-117.1668,70.5345],[-116.8345,70.5566],[-117.1444,70.551],[-117.0935,70.5769],[-117.2318,70.592]]],[[[-112.2584,70.3641],[-112.3134,70.3516],[-111.9956,70.2796],[-111.6211,70.3075],[-111.8289,70.304],[-112.2584,70.3641]]],[[[-120.9978,75.9416],[-121.0271,75.9162],[-121.006,75.8605],[-121.0255,75.8166],[-121.2951,75.7609],[-121.0247,75.7417],[-120.8369,75.9046],[-120.8637,75.9467],[-120.9978,75.9416]]],[[[-110.1243,72.7321],[-110.2076,72.7141],[-110.1337,72.6784],[-110.2882,72.6749],[-110.2329,72.642],[-110.0367,72.6483],[-109.8987,72.597],[-109.9037,72.5628],[-109.844,72.5405],[-109.8426,72.6666],[-110.1243,72.7321]]],[[[-109.8432,76.5061],[-110.3888,76.4302],[-110.3965,76.4024],[-110.3525,76.3728],[-110.4199,76.3571],[-110.3255,76.3538],[-110.3485,76.3143],[-110.3951,76.3098],[-110.1933,76.3013],[-109.8916,76.2025],[-109.9039,76.2334],[-109.8345,76.246],[-109.8432,76.5061]]],[[[-114.6191,76.8671],[-114.8134,76.8201],[-114.8576,76.7744],[-114.0467,76.7005],[-113.8981,76.7267],[-113.6055,76.714],[-113.4404,76.7923],[-113.4576,76.8281],[-113.807,76.8963],[-114.6191,76.8671]]],[[[-110.576,73.0125],[-110.6943,72.9982],[-110.7225,72.9615],[-110.5098,72.8487],[-110.2156,72.8282],[-110.1318,72.772],[-110.2325,72.7297],[-110.0526,72.7644],[-109.8422,72.7251],[-109.8427,72.9559],[-110.576,73.0125]]],[[[-114.3514,78.0783],[-114.7388,78.017],[-114.8228,77.9705],[-115.1105,77.9517],[-114.2895,77.7093],[-113.9007,77.7262],[-113.549,77.8258],[-113.6927,77.8419],[-113.6528,77.8738],[-113.7193,77.8972],[-114.1363,77.9577],[-114.0292,77.9884],[-114.3754,78.0041],[-114.2456,78.0142],[-114.3935,78.0416],[-114.3017,78.0471],[-114.3514,78.0783]]],[[[-117.7106,76.1277],[-117.93,76.0499],[-118.1039,76.0273],[-118.1545,75.9762],[-118.3357,75.9779],[-118.7089,75.8929],[-118.7434,75.8511],[-118.9632,75.7839],[-118.9428,75.7691],[-119.4083,75.6141],[-119.1897,75.5724],[-118.9038,75.5781],[-118.8383,75.5567],[-118.8947,75.5373],[-118.5838,75.5033],[-118.3609,75.5549],[-118.1934,75.6077],[-118.2522,75.6207],[-118.1196,75.6534],[-118.1349,75.671],[-117.9158,75.7385],[-117.9359,75.7888],[-117.7927,75.8364],[-117.8269,75.864],[-117.7677,75.9005],[-117.597,75.9572],[-117.4435,76.094],[-117.7106,76.1277]]],[[[-110.6998,78.7603],[-110.7972,78.7268],[-110.7325,78.7061],[-111.0922,78.7039],[-111.0333,78.6751],[-111.143,78.6942],[-111.1932,78.6742],[-111.159,78.6577],[-111.3828,78.6476],[-111.1583,78.6063],[-111.3437,78.6181],[-111.304,78.5997],[-111.3892,78.6114],[-111.313,78.5832],[-111.5348,78.5878],[-111.4691,78.5518],[-111.6952,78.5553],[-111.6693,78.5336],[-111.7597,78.521],[-111.7376,78.5379],[-111.7604,78.5529],[-111.8552,78.555],[-111.8963,78.5266],[-111.9435,78.5558],[-112.2798,78.5451],[-112.6436,78.4938],[-112.6082,78.4755],[-112.737,78.483],[-112.7133,78.4634],[-112.7752,78.442],[-112.8063,78.4674],[-113.1216,78.4228],[-113.0973,78.3969],[-113.2187,78.4106],[-113.1175,78.3781],[-113.2057,78.3961],[-113.184,78.3784],[-113.219,78.3527],[-113.3217,78.336],[-113.1493,78.2697],[-112.828,78.3289],[-112.7059,78.2925],[-112.7695,78.3281],[-112.3689,78.3661],[-112.384,78.3856],[-112.3321,78.3632],[-112.0216,78.3897],[-111.8642,78.357],[-111.9179,78.3436],[-111.8511,78.3355],[-111.8103,78.2815],[-111.4522,78.27],[-111.3854,78.2905],[-111.4312,78.3122],[-111.4171,78.3285],[-111.221,78.3238],[-111.3063,78.3768],[-111.2568,78.3823],[-111.3641,78.3871],[-111.2508,78.3838],[-111.2962,78.3889],[-111.2501,78.3976],[-111.2927,78.4245],[-110.7059,78.2977],[-110.3567,78.2753],[-109.9938,78.3283],[-109.8313,78.3015],[-109.8324,78.6438],[-110.0301,78.6456],[-109.8501,78.6731],[-110.188,78.6995],[-110.1294,78.7137],[-110.2224,78.715],[-110.1877,78.7287],[-110.2264,78.7375],[-110.3594,78.7134],[-110.335,78.7354],[-110.3943,78.7549],[-110.3539,78.7583],[-110.4027,78.7659],[-110.4706,78.744],[-110.452,78.7605],[-110.6998,78.7603]]],[[[-111.7963,78.0557],[-111.9362,78.022],[-112.0438,78.0358],[-112.6344,77.9794],[-112.6545,77.9726],[-112.6046,77.954],[-112.6623,77.937],[-112.7292,77.9594],[-113.0736,77.8997],[-113.1079,77.9022],[-113.0455,77.923],[-113.2072,77.9206],[-113.2024,77.8982],[-113.3131,77.8457],[-113.3173,77.8026],[-113.2912,77.7682],[-113.168,77.7448],[-113.2189,77.7289],[-113.1844,77.7283],[-113.2194,77.7158],[-113.2017,77.6901],[-113.2625,77.6694],[-113.0572,77.6283],[-113.1706,77.616],[-113.1441,77.6018],[-113.1917,77.5858],[-113.145,77.5811],[-113.1864,77.5786],[-113.1568,77.5677],[-113.1956,77.5239],[-112.9568,77.5262],[-112.9462,77.5007],[-112.9747,77.4905],[-112.918,77.4681],[-112.7519,77.4492],[-112.6194,77.4724],[-112.465,77.3811],[-112.0277,77.3291],[-111.6023,77.379],[-111.5962,77.4041],[-111.3435,77.4034],[-111.3658,77.4113],[-111.3135,77.4213],[-111.3349,77.4349],[-110.9721,77.4368],[-110.9096,77.4127],[-110.8119,77.4536],[-110.6332,77.4451],[-110.5837,77.4592],[-110.6019,77.471],[-110.4428,77.4784],[-110.4723,77.4945],[-110.2466,77.5017],[-110.0568,77.5664],[-110.1459,77.5983],[-110.0515,77.6224],[-110.0849,77.6526],[-110.0463,77.6699],[-110.1107,77.6864],[-110.0431,77.7213],[-110.0862,77.7332],[-110.0372,77.7423],[-110.0463,77.7728],[-110.6516,77.7677],[-110.7676,77.7819],[-110.7096,77.7936],[-110.7572,77.8167],[-110.9605,77.8241],[-110.8717,77.8305],[-110.9076,77.8671],[-110.3887,77.8935],[-110.4168,77.9044],[-110.4034,77.9357],[-110.2266,77.8981],[-109.8312,77.9368],[-109.8364,78.1112],[-110.6872,78.109],[-110.7523,78.0968],[-110.7181,78.0846],[-110.7741,78.0615],[-110.9929,78.099],[-111.2045,78.0956],[-111.7072,78.0282],[-111.7963,78.0557]]],[[[-118.8123,77.363],[-118.8875,77.3264],[-119.2141,77.3134],[-119.2972,77.27],[-119.2979,77.2387],[-119.3546,77.2305],[-119.3298,77.2175],[-119.3787,77.2014],[-119.3595,77.1911],[-119.7742,77.1156],[-119.7884,77.0763],[-119.9036,77.0569],[-119.8826,77.0412],[-119.9305,77.0245],[-120.0853,77.0083],[-120.0659,76.971],[-120.1764,76.9483],[-120.1584,76.9244],[-120.4175,76.8786],[-120.3487,76.852],[-120.3757,76.8331],[-120.3461,76.8176],[-120.6793,76.7461],[-120.6551,76.7066],[-120.791,76.7368],[-121.067,76.667],[-121.1871,76.6958],[-121.2148,76.6725],[-121.1765,76.6381],[-121.2105,76.634],[-121.1727,76.6168],[-121.2839,76.6146],[-121.262,76.6017],[-121.3214,76.5613],[-121.4015,76.56],[-121.3844,76.5066],[-121.5118,76.4766],[-121.454,76.4594],[-121.8051,76.4214],[-121.9866,76.4496],[-121.9496,76.4368],[-122.4628,76.3911],[-122.6427,76.3419],[-122.6015,76.3286],[-122.6492,76.3009],[-122.6083,76.2955],[-122.6571,76.287],[-122.609,76.2731],[-122.6793,76.2564],[-122.6531,76.2418],[-122.741,76.2485],[-122.6941,76.2213],[-122.8072,76.2436],[-122.7873,76.2372],[-122.8476,76.2116],[-122.822,76.1979],[-122.8682,76.1981],[-122.8359,76.1771],[-122.9636,76.1946],[-122.7792,76.144],[-122.6016,76.1898],[-122.477,76.1389],[-122.7152,76.1144],[-122.4296,76.1337],[-122.4792,76.1244],[-122.4374,76.0983],[-122.534,76.0731],[-122.4682,76.0567],[-122.5559,76.0475],[-122.5128,76.0372],[-122.7108,76.0201],[-122.5456,76.0322],[-122.5529,76.0041],[-122.6294,75.9972],[-122.5657,75.98],[-122.7266,75.9769],[-122.5837,75.94],[-122.3679,75.9304],[-122.1132,75.9793],[-122.1314,75.9925],[-122.0995,76.0447],[-121.9649,76.0371],[-121.9325,76.0616],[-121.497,76.0081],[-121.3944,75.9554],[-121.4332,75.9435],[-121.2855,75.908],[-121.2365,75.9798],[-121.0914,76.0074],[-120.9622,75.994],[-121.0052,75.946],[-120.9124,75.9556],[-120.9543,76.0363],[-121.0402,76.0722],[-121.0208,76.0979],[-121.0544,76.1001],[-121.0049,76.1083],[-121.0481,76.1319],[-121.0231,76.1341],[-121.0774,76.1442],[-121.0158,76.1408],[-121.0182,76.1638],[-120.8565,76.2135],[-120.834,76.1837],[-120.6471,76.1595],[-120.74,76.1027],[-120.6408,76.119],[-120.7287,76.0798],[-120.6824,76.0754],[-120.732,76.0628],[-120.6673,76.0073],[-120.5651,75.982],[-120.4761,76.021],[-120.3792,75.9757],[-120.4618,75.9348],[-120.4679,75.8308],[-120.2543,75.8212],[-120.1564,75.9157],[-120.0741,75.852],[-119.9083,75.8518],[-119.7197,75.8881],[-119.7244,75.9291],[-119.599,75.9197],[-119.7049,75.9499],[-119.6283,75.9816],[-119.6478,75.9984],[-119.5061,75.9621],[-119.4755,75.989],[-119.4969,76.0537],[-119.5678,76.0856],[-119.8381,76.1149],[-119.5338,76.1209],[-119.695,76.1662],[-119.6125,76.1921],[-119.5397,76.1716],[-119.5832,76.2211],[-119.7137,76.2647],[-119.6197,76.2829],[-119.6475,76.307],[-119.6231,76.3226],[-119.721,76.3345],[-119.6749,76.341],[-119.703,76.349],[-119.5616,76.3184],[-119.5281,76.3573],[-119.4484,76.3509],[-119.4717,76.3282],[-119.4376,76.3289],[-119.4822,76.291],[-119.4365,76.2511],[-119.3278,76.2339],[-119.3517,76.2137],[-119.3064,76.2028],[-119.2926,76.1387],[-119.0427,76.0918],[-119.0298,76.132],[-118.9532,76.1282],[-118.9449,76.1635],[-118.8541,76.178],[-118.9383,76.2186],[-118.9078,76.2645],[-118.9443,76.2738],[-118.6372,76.2897],[-118.536,76.3371],[-118.6281,76.3625],[-118.56,76.3862],[-118.6596,76.4574],[-118.9586,76.5035],[-118.8955,76.5353],[-118.7345,76.5357],[-118.8211,76.5401],[-118.8321,76.5646],[-118.5747,76.5032],[-118.3079,76.5594],[-118.3378,76.5921],[-118.3125,76.6328],[-118.3448,76.645],[-118.3157,76.6528],[-118.4711,76.6912],[-118.4248,76.7074],[-118.4555,76.7288],[-118.3975,76.7376],[-118.2814,76.7131],[-118.2622,76.7496],[-118.3255,76.7602],[-118.2914,76.7842],[-117.9902,76.7607],[-117.8338,76.8315],[-117.6788,76.8018],[-117.7361,76.7946],[-117.789,76.7206],[-117.9307,76.6851],[-117.9027,76.6441],[-117.9584,76.6055],[-117.8967,76.5891],[-117.9536,76.5637],[-117.9011,76.5412],[-118.017,76.4912],[-118.0111,76.4385],[-118.0535,76.4173],[-117.8185,76.355],[-117.8499,76.3352],[-117.6798,76.3257],[-117.6223,76.308],[-117.6509,76.2926],[-117.5972,76.2937],[-117.6443,76.289],[-117.4728,76.2673],[-117.3038,76.2587],[-117.3366,76.2772],[-117.2893,76.2625],[-116.9321,76.3502],[-116.9571,76.3704],[-116.9121,76.3927],[-116.9815,76.4246],[-116.9546,76.4624],[-117.0418,76.5158],[-117.039,76.5465],[-116.965,76.567],[-116.8194,76.5472],[-116.7738,76.5749],[-116.4943,76.5693],[-116.0543,76.6241],[-115.9959,76.6847],[-115.864,76.699],[-115.9178,76.7264],[-115.9185,76.7686],[-115.9945,76.7765],[-115.9502,76.8145],[-116.2752,76.8762],[-116.3634,76.9427],[-115.9374,76.9001],[-115.7236,76.9465],[-116.2423,77.0439],[-116.2053,77.0584],[-116.2818,77.0935],[-116.2362,77.107],[-116.3624,77.1166],[-116.326,77.1214],[-116.4012,77.1505],[-116.2744,77.136],[-116.2519,77.1477],[-116.28,77.1572],[-116.2273,77.1554],[-116.3349,77.1728],[-116.21,77.1689],[-116.2908,77.2025],[-116.0452,77.1989],[-115.9549,77.2283],[-115.9989,77.2375],[-115.8697,77.2246],[-115.3439,77.3133],[-115.4496,77.3171],[-115.4694,77.3373],[-115.4312,77.3385],[-115.459,77.3608],[-115.7033,77.4205],[-115.8715,77.4357],[-115.8133,77.4431],[-116.1124,77.469],[-116.0195,77.4966],[-116.0663,77.507],[-116.4455,77.5464],[-116.3799,77.5577],[-116.4221,77.5612],[-116.8864,77.54],[-116.9097,77.5328],[-116.7075,77.5253],[-116.8634,77.4781],[-117.0781,77.4854],[-117.1329,77.4601],[-117.0012,77.4442],[-116.9618,77.4181],[-116.985,77.4003],[-116.6069,77.3915],[-116.7847,77.34],[-116.7384,77.3255],[-116.7593,77.3218],[-117.1684,77.3534],[-116.9623,77.3077],[-116.9909,77.2949],[-117.2241,77.2904],[-117.4622,77.3404],[-117.7236,77.3398],[-117.7049,77.3597],[-117.7921,77.3737],[-117.9431,77.3631],[-117.8301,77.3824],[-117.8685,77.3922],[-118.1855,77.3556],[-118.8123,77.363]]],[[[-114.8343,76.5133],[-115.0345,76.4766],[-115.4863,76.461],[-115.8763,76.3601],[-115.7991,76.3559],[-115.883,76.3529],[-115.7981,76.3287],[-115.9049,76.2912],[-115.7912,76.2468],[-115.1437,76.23],[-114.9713,76.1823],[-114.6165,76.1744],[-114.8544,76.1567],[-115.4462,76.2022],[-116.2116,76.198],[-116.6091,76.1221],[-116.6763,76.0698],[-116.665,76.0371],[-116.4691,76.0333],[-116.5087,76.0114],[-116.4448,76.0038],[-116.4501,75.9778],[-116.6769,75.9731],[-116.7339,75.9047],[-116.1352,75.8738],[-114.7801,75.8966],[-115.4017,75.8444],[-115.7359,75.8621],[-116.0425,75.8129],[-116.811,75.8049],[-117.0423,75.7316],[-117.2216,75.597],[-116.3762,75.5659],[-115.0154,75.6995],[-115.2966,75.6266],[-115.2439,75.6076],[-115.6163,75.5844],[-115.9048,75.4998],[-117.2582,75.4743],[-117.5288,75.3711],[-117.5701,75.3423],[-117.5384,75.3093],[-117.64,75.2983],[-117.6257,75.2788],[-117.6678,75.254],[-117.4287,75.1899],[-116.9381,75.169],[-116.684,75.1191],[-116.5774,75.1667],[-116.6101,75.1887],[-116.2081,75.2147],[-116.2957,75.1094],[-115.999,75.1282],[-116.2517,75.0643],[-115.6853,74.9705],[-115.5111,75.0326],[-115.607,75.1065],[-115.5564,75.1172],[-115.676,75.15],[-115.388,75.0994],[-115.2768,75.1358],[-115.2485,75.1776],[-115.2678,75.1881],[-115.231,75.1874],[-115.166,75.1245],[-115.2116,75.0745],[-115.1791,74.9962],[-115.0355,74.9636],[-114.378,75.0908],[-114.279,75.174],[-114.415,75.2681],[-114.6133,75.282],[-114.5041,75.3161],[-114.2684,75.2344],[-114.1545,75.227],[-114.0288,75.3529],[-114.0694,75.4122],[-114.0293,75.4761],[-113.9651,75.4686],[-113.8666,75.3763],[-113.4409,75.4429],[-113.4198,75.4414],[-113.4542,75.4235],[-113.3057,75.4201],[-113.7995,75.3261],[-113.9168,75.1796],[-113.632,75.1909],[-113.9137,75.1467],[-113.9505,75.0752],[-113.9074,75.0528],[-113.1763,75.0881],[-113.131,75.1473],[-113.0227,75.0947],[-112.6814,75.1408],[-112.728,75.2108],[-112.6838,75.2641],[-112.6287,75.2652],[-112.6493,75.2859],[-112.5667,75.2549],[-112.6166,75.2068],[-112.5439,75.1828],[-112.4213,75.1846],[-112.4455,75.2199],[-112.368,75.2495],[-112.3238,75.2221],[-112.3969,75.2167],[-112.2882,75.207],[-112.4513,75.1574],[-112.3948,75.1283],[-111.8563,75.1402],[-111.7397,75.1918],[-111.6876,75.144],[-111.5525,75.1432],[-111.5232,75.1539],[-111.6015,75.1667],[-111.3637,75.1789],[-111.2157,75.2443],[-111.2434,75.2596],[-111.2145,75.2713],[-111.0394,75.2789],[-110.8839,75.2434],[-111.0712,75.1971],[-111.01,75.1765],[-111.3698,75.1134],[-111.2864,75.0943],[-111.3868,75.0728],[-111.3143,75.0596],[-111.567,75.0643],[-111.4655,75.051],[-111.639,75.0044],[-111.6089,75.0001],[-112.8519,74.9828],[-113.3131,74.8808],[-113.1901,74.8491],[-113.3328,74.8633],[-114.0814,74.7878],[-114.4455,74.6812],[-114.2238,74.5832],[-113.7589,74.4668],[-113.1998,74.4076],[-112.4419,74.4196],[-111.6749,74.5007],[-110.5608,74.7145],[-110.6506,74.7742],[-110.6344,74.7998],[-110.2712,74.8011],[-110.397,74.8235],[-110.2857,74.8533],[-110.0283,74.8266],[-109.8306,74.8757],[-109.8314,75.5342],[-110.4135,75.5356],[-110.3768,75.5508],[-110.4508,75.5776],[-110.747,75.5744],[-110.9784,75.5316],[-110.9395,75.5248],[-111.223,75.5165],[-111.3271,75.5585],[-111.266,75.5793],[-111.455,75.5589],[-111.3004,75.579],[-111.4031,75.622],[-111.3404,75.6408],[-111.3942,75.6821],[-111.3129,75.7162],[-111.4432,75.7389],[-111.3888,75.7662],[-111.4214,75.789],[-111.6082,75.8167],[-111.4535,75.8194],[-111.4381,75.8473],[-111.8126,75.8364],[-111.9179,75.8063],[-112.2312,75.8176],[-112.1184,75.8308],[-112.1542,75.847],[-112.3886,75.8132],[-112.3329,75.8478],[-111.684,75.9199],[-111.9974,76.0058],[-112.4546,76.0579],[-112.4151,76.0827],[-112.5051,76.1063],[-112.4623,76.1207],[-112.5044,76.1404],[-112.4044,76.1815],[-112.7418,76.2022],[-112.7164,76.2199],[-112.8118,76.2159],[-112.8346,76.2541],[-112.9761,76.2725],[-113.3229,76.2671],[-113.4303,76.2394],[-113.3948,76.2315],[-113.9773,76.1964],[-114.0256,76.2389],[-114.148,76.229],[-113.9647,76.263],[-114.2033,76.2392],[-114.0195,76.2723],[-114.1602,76.3211],[-114.0937,76.3307],[-114.1788,76.3432],[-114.072,76.3615],[-114.121,76.3694],[-114.0754,76.3772],[-114.0554,76.4183],[-114.1655,76.477],[-114.4305,76.5137],[-114.7353,76.4902],[-114.7767,76.5022],[-114.6837,76.5135],[-114.8343,76.5133]]],[[[-124.7235,74.3527],[-124.7771,74.3425],[-124.684,74.3293],[-124.76,74.3219],[-124.7329,74.3159],[-124.6541,74.3218],[-124.655,74.3436],[-124.5214,74.3263],[-124.6913,74.2852],[-124.5383,74.292],[-124.5548,74.2583],[-124.5,74.2608],[-124.53,74.2224],[-124.4437,74.2223],[-124.4915,74.205],[-124.426,74.2048],[-124.457,74.1994],[-124.4352,74.1797],[-124.4758,74.1742],[-124.3917,74.1506],[-124.443,74.1169],[-124.3781,74.1197],[-124.4677,74.1088],[-124.4287,74.0936],[-124.4584,74.0788],[-124.354,74.0643],[-124.3811,74.0595],[-124.3307,74.0408],[-124.3581,74.0232],[-124.2353,73.9485],[-124.1422,73.9518],[-124.1916,73.9462],[-124.1715,73.9383],[-124.1929,73.8801],[-123.8489,73.8413],[-123.8784,73.8349],[-123.8177,73.824],[-123.7815,73.7964],[-123.8186,73.7935],[-123.7673,73.7703],[-123.7953,73.7598],[-123.7491,73.7518],[-123.8365,73.7551],[-123.8542,73.7425],[-123.8147,73.7359],[-123.8573,73.7255],[-123.8306,73.7087],[-124.0585,73.6653],[-124.0557,73.6229],[-124.0033,73.6163],[-124.0743,73.5765],[-124.0535,73.5293],[-124.1288,73.5195],[-124.0953,73.5054],[-124.1265,73.4905],[-124.2811,73.4963],[-124.3034,73.4681],[-124.2048,73.4746],[-124.3821,73.4415],[-124.3393,73.4727],[-124.3671,73.4654],[-124.4114,73.4039],[-124.388,73.4213],[-124.3599,73.3834],[-124.4478,73.3786],[-124.5178,73.3361],[-124.5416,73.2497],[-124.6809,73.1741],[-124.6261,73.165],[-124.7311,73.1436],[-124.7607,73.1648],[-124.788,73.1232],[-124.8693,73.0973],[-124.7611,73.0261],[-124.6146,73.043],[-124.6527,73.0264],[-124.5392,72.9842],[-124.4832,73.002],[-124.4996,72.9877],[-124.3832,72.9761],[-124.5034,72.9798],[-124.5198,72.9657],[-124.451,72.9432],[-124.73,72.8816],[-125.1284,72.8722],[-124.9661,72.7752],[-124.9627,72.7435],[-125.0094,72.7158],[-124.8872,72.7146],[-124.972,72.7071],[-124.9612,72.6781],[-125.0646,72.6818],[-124.9962,72.6513],[-125.1009,72.6374],[-124.9553,72.6179],[-124.9856,72.5859],[-124.8777,72.5757],[-125.0831,72.5575],[-125.0531,72.5697],[-125.1257,72.5407],[-125.0963,72.5347],[-125.3098,72.4888],[-125.251,72.4552],[-125.3424,72.4465],[-125.3043,72.4207],[-125.3837,72.4097],[-125.4131,72.3783],[-125.3826,72.3645],[-125.4888,72.349],[-125.5544,72.2836],[-125.4774,72.315],[-125.4673,72.2692],[-125.675,72.2527],[-125.6646,72.2007],[-125.6377,72.1997],[-125.6594,72.1905],[-125.5619,72.1909],[-125.698,72.1664],[-125.6724,72.1897],[-125.7727,72.1367],[-125.7449,72.1221],[-125.7869,72.1275],[-125.6421,72.0938],[-125.6979,72.0838],[-125.6949,72.0466],[-125.7331,72.0441],[-125.7543,71.9957],[-125.8366,71.9617],[-125.9952,71.9779],[-125.9631,71.9906],[-126.0084,71.9719],[-125.0893,71.9808],[-124.7475,71.9271],[-125.0034,71.9594],[-124.9821,71.9702],[-125.2718,71.9674],[-124.6387,71.8],[-124.2461,71.7493],[-123.9722,71.6702],[-123.8074,71.5315],[-123.6209,71.4942],[-123.4312,71.2212],[-123.1408,71.08],[-122.7808,71.0882],[-122.6397,71.1679],[-122.4497,71.2206],[-122.5308,71.2299],[-122.0884,71.2835],[-121.8369,71.4244],[-121.5607,71.4611],[-121.8318,71.4493],[-121.806,71.4699],[-121.8366,71.4921],[-121.7967,71.5039],[-121.585,71.4723],[-121.5106,71.4242],[-121.539,71.4089],[-121.3759,71.3803],[-120.6392,71.4939],[-120.4674,71.5676],[-120.3707,71.6958],[-120.4453,71.743],[-120.383,71.8855],[-120.4785,71.9401],[-120.164,72.0953],[-120.1268,72.1685],[-120.2753,72.2561],[-120.2175,72.2899],[-120.1001,72.2685],[-120.1749,72.2347],[-119.7766,72.2287],[-119.2867,72.3675],[-119.316,72.3907],[-119.2771,72.4651],[-119.155,72.549],[-119.1597,72.6211],[-119.0934,72.652],[-118.7118,72.7481],[-118.4571,72.7746],[-118.4419,72.8062],[-118.0174,72.8861],[-117.4583,73.0516],[-117.228,73.0624],[-116.4838,73.2563],[-115.8001,73.3426],[-115.2917,73.4859],[-115.3603,73.5577],[-115.6228,73.6581],[-115.7283,73.652],[-115.7249,73.6785],[-116.3181,73.8703],[-116.6527,74.0137],[-117.2489,74.1969],[-117.619,74.2514],[-118.1375,74.2818],[-118.7692,74.2106],[-118.8715,74.1626],[-118.7752,74.1319],[-118.8184,74.0672],[-118.9578,74.0068],[-119.0313,74.0014],[-119.0416,74.0247],[-119.1987,73.9756],[-119.1212,74.0715],[-119.056,74.0826],[-119.0425,74.118],[-119.0799,74.1408],[-119.0477,74.1488],[-119.0922,74.163],[-119.0844,74.2081],[-119.4505,74.23],[-119.5139,74.2127],[-119.5077,74.1889],[-119.564,74.1561],[-119.6732,74.1445],[-119.7092,74.1566],[-119.6247,74.2185],[-119.6781,74.2419],[-120.1272,74.2768],[-120.9495,74.4293],[-121.1134,74.5255],[-121.4556,74.5573],[-121.7426,74.5516],[-122.2988,74.4769],[-123.2362,74.4504],[-124.7235,74.3527]]],[[[-114.7061,73.3759],[-114.8768,73.3199],[-115.2603,73.2755],[-115.2408,73.2541],[-115.305,73.2704],[-115.4174,73.2232],[-116.2325,73.1144],[-116.5697,73.0331],[-116.5207,73.052],[-116.5555,73.0591],[-116.816,72.9833],[-117.3158,72.9267],[-117.616,72.7815],[-118.1656,72.6421],[-118.4961,72.5089],[-118.5447,72.4655],[-118.5494,72.4006],[-118.4544,72.3583],[-118.111,72.3343],[-118.0763,72.2962],[-118.0879,72.239],[-118.5832,72.1688],[-118.7005,72.0666],[-119.0533,71.9194],[-119.1142,71.8504],[-119.1213,71.7636],[-119.0714,71.665],[-118.8875,71.5829],[-118.8545,71.5884],[-118.8918,71.6132],[-118.8313,71.6674],[-118.485,71.6597],[-118.3853,71.6274],[-118.4327,71.5945],[-118.4158,71.5789],[-118.1654,71.6062],[-118.1792,71.6301],[-118.0357,71.6792],[-117.6636,71.6829],[-117.9165,71.6505],[-117.9578,71.6153],[-117.9196,71.6005],[-117.8613,71.6342],[-117.8803,71.6188],[-117.7786,71.6015],[-117.8109,71.587],[-117.6593,71.5839],[-117.8091,71.5554],[-117.7396,71.5361],[-118.0567,71.5525],[-118.3077,71.4727],[-118.2579,71.4042],[-118.1542,71.3823],[-117.8497,71.3986],[-117.7681,71.3737],[-117.7011,71.4145],[-117.7161,71.3949],[-117.6904,71.3872],[-117.5093,71.3848],[-117.474,71.4396],[-117.6403,71.4747],[-117.5568,71.5102],[-117.4092,71.4789],[-117.4714,71.4651],[-117.3266,71.4702],[-117.3992,71.444],[-117.4159,71.3838],[-115.6001,71.5698],[-115.4235,71.5429],[-115.55,71.5136],[-115.4532,71.4946],[-115.038,71.538],[-115.153,71.5227],[-115.1108,71.5165],[-115.1703,71.4908],[-115.3591,71.4735],[-115.3254,71.4666],[-115.349,71.4562],[-115.5816,71.4859],[-115.547,71.4995],[-115.584,71.5101],[-115.7529,71.5061],[-116.2039,71.4321],[-115.6991,71.3799],[-116.2381,71.3708],[-116.7488,71.3004],[-116.8287,71.2535],[-117.2084,71.2209],[-117.1903,71.2028],[-117.8081,71.1686],[-118.3265,71.0464],[-118.4105,71.0],[-118.36,70.9408],[-118.1348,70.8287],[-117.794,70.7405],[-117.8086,70.7244],[-117.7466,70.7404],[-117.6597,70.7109],[-117.7109,70.654],[-117.5556,70.6047],[-117.5094,70.6019],[-117.4946,70.6378],[-117.4051,70.6312],[-117.4267,70.5922],[-117.3782,70.5804],[-117.3141,70.595],[-117.4019,70.6258],[-116.7183,70.6056],[-116.2847,70.6429],[-116.1081,70.6363],[-116.182,70.5986],[-116.0126,70.5859],[-116.0636,70.5744],[-115.6817,70.6092],[-115.5654,70.5957],[-115.5916,70.5839],[-115.5736,70.5743],[-115.4591,70.6077],[-114.9721,70.6057],[-114.4793,70.6447],[-114.3887,70.6834],[-114.1298,70.6767],[-113.9954,70.7223],[-113.8223,70.7185],[-113.5661,70.648],[-113.4393,70.6897],[-113.3818,70.6507],[-113.1734,70.6545],[-113.136,70.6137],[-112.8504,70.5498],[-112.815,70.5756],[-112.6497,70.5679],[-112.5233,70.5233],[-112.414,70.5448],[-112.3882,70.5126],[-112.1465,70.5127],[-112.0746,70.4924],[-112.0144,70.4255],[-112.0374,70.4109],[-111.9733,70.3857],[-111.4826,70.3556],[-111.4365,70.3327],[-111.5801,70.3209],[-111.5423,70.311],[-111.5624,70.3056],[-111.7007,70.3276],[-111.4153,70.2926],[-111.8708,70.2654],[-112.2733,70.3018],[-112.072,70.2723],[-112.3366,70.2558],[-112.0773,70.2241],[-112.3632,70.2607],[-112.2856,70.2301],[-112.5674,70.233],[-112.4772,70.212],[-112.5305,70.1991],[-113.284,70.2849],[-113.8498,70.2726],[-114.1827,70.3211],[-114.5064,70.3233],[-116.1181,70.2184],[-116.9744,70.1238],[-117.3664,70.0349],[-117.3931,69.9824],[-117.3223,69.9166],[-117.2938,69.8319],[-117.2342,69.8082],[-117.2592,69.7908],[-117.1344,69.7229],[-116.99,69.6925],[-116.4656,69.7028],[-116.7552,69.7865],[-116.9242,69.8799],[-117.0136,69.9566],[-117.0229,70.0003],[-112.8252,70.0026],[-112.8184,69.8473],[-112.5181,69.8476],[-112.5108,70.0017],[-109.8618,69.9981],[-109.8454,72.4442],[-109.9225,72.4758],[-110.0353,72.4315],[-110.3184,72.5597],[-110.3678,72.5596],[-110.3994,72.518],[-110.5236,72.5133],[-110.266,72.4363],[-110.2952,72.4274],[-110.6568,72.5187],[-110.5766,72.5093],[-110.4376,72.5522],[-110.6894,72.5759],[-110.8186,72.5096],[-110.7366,72.4742],[-110.9341,72.4891],[-110.9766,72.4764],[-110.9461,72.4408],[-111.0741,72.3948],[-110.9976,72.2848],[-111.0749,72.3373],[-111.1598,72.3338],[-111.2076,72.3679],[-111.3569,72.3409],[-111.3413,72.3632],[-111.3711,72.3625],[-111.2646,72.4016],[-111.3549,72.4068],[-111.1771,72.4632],[-111.2256,72.4702],[-111.5779,72.3752],[-111.553,72.3388],[-111.3852,72.3454],[-111.6411,72.2957],[-111.7117,72.2536],[-111.5176,72.2307],[-111.689,72.2419],[-111.7509,72.2007],[-111.7516,72.2378],[-111.6541,72.2781],[-111.7392,72.3102],[-111.5878,72.331],[-111.6171,72.3446],[-111.592,72.3527],[-111.8763,72.3374],[-112.0262,72.2893],[-111.8974,72.3071],[-111.9255,72.2957],[-112.0736,72.2713],[-111.9562,72.3406],[-111.9765,72.3575],[-111.4339,72.4667],[-111.3893,72.494],[-111.4709,72.5044],[-111.2604,72.5607],[-111.181,72.6273],[-111.1797,72.6662],[-111.214,72.676],[-111.1895,72.7125],[-111.2856,72.6861],[-111.1854,72.7274],[-111.4181,72.7387],[-111.4169,72.7754],[-112.0288,72.8939],[-112.2916,72.9048],[-112.5323,72.9628],[-113.0187,73.0126],[-113.2331,72.9891],[-113.6052,72.7758],[-113.3999,72.745],[-113.4226,72.7133],[-113.3927,72.6994],[-113.4245,72.6652],[-113.7251,72.6216],[-113.4606,72.709],[-113.4842,72.713],[-113.8477,72.6429],[-113.9014,72.6501],[-113.8376,72.6755],[-114.0435,72.6559],[-114.3627,72.5573],[-114.5151,72.5714],[-114.6507,72.5992],[-114.1954,72.6984],[-114.3168,72.7004],[-114.3826,72.7468],[-114.3282,72.7693],[-114.26,72.7663],[-114.1969,72.8075],[-113.9341,72.8233],[-114.0163,72.8746],[-114.0243,72.9159],[-113.9893,72.9369],[-114.0285,72.9728],[-114.0129,73.0084],[-113.9436,73.0308],[-113.965,73.0635],[-113.9311,73.1278],[-114.0141,73.2278],[-114.2006,73.3256],[-114.4669,73.3756],[-114.7061,73.3759]]],[[[-123.3896,69.4571],[-123.4464,69.4453],[-123.3766,69.436],[-123.395,69.4072],[-123.7832,69.313],[-123.8465,69.334],[-123.818,69.3504],[-123.9133,69.3495],[-123.9053,69.3746],[-123.9784,69.3975],[-124.0289,69.3791],[-123.9871,69.3409],[-124.0135,69.325],[-124.0686,69.3498],[-124.0597,69.3747],[-124.1456,69.3345],[-124.3803,69.3295],[-124.3052,69.3389],[-124.5026,69.3697],[-124.5495,69.4107],[-124.43,69.3947],[-124.4951,69.44],[-124.4313,69.4144],[-124.4478,69.477],[-124.2551,69.5548],[-124.2144,69.6062],[-124.2446,69.6047],[-124.1938,69.634],[-124.035,69.6799],[-124.1141,69.6855],[-124.0441,69.6971],[-124.1493,69.7326],[-124.296,69.6953],[-124.5124,69.7257],[-124.4912,69.7887],[-124.4585,69.7907],[-124.5015,69.8018],[-124.3839,69.8494],[-124.4574,69.8627],[-124.4283,69.8911],[-124.5085,69.8941],[-124.4271,69.9134],[-124.4253,69.9498],[-124.5317,69.9564],[-124.3945,69.9877],[-124.5065,70.0035],[-124.3434,70.0003],[-124.3667,70.0027],[-124.3475,70.0395],[-124.4015,70.0323],[-124.3341,70.0475],[-124.4473,70.1064],[-124.3726,70.1256],[-124.3916,70.1421],[-124.5904,70.1143],[-124.5135,70.137],[-124.6876,70.1417],[-124.5052,70.1802],[-124.5373,70.2],[-124.76,70.1818],[-124.6934,70.1486],[-124.7631,70.107],[-124.6833,70.1064],[-124.7397,70.0872],[-124.7011,70.0801],[-124.5139,70.0969],[-124.6004,70.0699],[-124.4482,70.0736],[-124.4159,70.0484],[-124.4482,70.0352],[-124.4145,70.0322],[-124.5229,70.0491],[-124.5897,70.0369],[-124.5284,70.0193],[-124.5949,70.0059],[-124.6252,70.0164],[-124.5923,70.0389],[-124.6608,70.0575],[-124.626,70.0675],[-124.6975,70.071],[-124.9546,70.0431],[-124.9352,70.036],[-124.9802,70.0192],[-124.8505,70.0327],[-125.0188,70.0059],[-125.0601,70.039],[-124.9977,70.0371],[-124.9861,70.0668],[-125.0309,70.0754],[-124.9935,70.069],[-125.2211,70.0055],[-125.1942,69.958],[-125.228,69.9292],[-125.1279,69.9338],[-125.1043,69.9509],[-125.1937,69.9602],[-125.0505,69.9729],[-125.1064,69.9828],[-125.0424,70.0083],[-124.9558,69.9854],[-124.921,70.011],[-124.7753,70.0125],[-124.8733,69.9809],[-124.7819,69.9618],[-124.7166,70.015],[-124.6384,69.9796],[-124.9135,69.9382],[-125.0334,69.8597],[-125.0397,69.8238],[-125.0095,69.8128],[-125.0396,69.823],[-125.0806,69.7837],[-125.1804,69.7862],[-125.1759,69.8155],[-125.2121,69.8272],[-125.1604,69.8438],[-125.1899,69.8512],[-125.3009,69.8114],[-125.244,69.7563],[-124.8985,69.7438],[-124.7904,69.7065],[-124.8806,69.7167],[-124.8613,69.673],[-124.9164,69.6281],[-124.9558,69.6503],[-124.9603,69.7269],[-125.0243,69.7404],[-125.0986,69.7442],[-125.0807,69.7288],[-125.2223,69.6815],[-125.3521,69.6894],[-125.4197,69.6438],[-125.4327,69.6134],[-125.4031,69.6084],[-125.5128,69.5775],[-125.4609,69.6035],[-125.2541,69.5933],[-125.2426,69.5761],[-125.3236,69.5487],[-125.1372,69.4761],[-125.3279,69.5215],[-125.3637,69.5155],[-125.3087,69.4979],[-125.3656,69.4887],[-125.457,69.5154],[-125.476,69.4817],[-125.5043,69.4933],[-125.4708,69.5013],[-125.4906,69.511],[-125.5371,69.4671],[-125.5866,69.4785],[-125.6468,69.4164],[-125.5202,69.4344],[-125.577,69.4597],[-125.5218,69.462],[-125.5402,69.451],[-125.5159,69.4363],[-125.3173,69.4635],[-125.3397,69.4509],[-125.2926,69.4389],[-125.1477,69.468],[-125.2003,69.4515],[-125.1141,69.4493],[-125.1686,69.4388],[-125.1295,69.4241],[-125.1624,69.3791],[-125.4913,69.3952],[-125.2986,69.3574],[-125.4245,69.374],[-125.3709,69.3416],[-125.437,69.3095],[-125.6933,69.3814],[-125.6588,69.3844],[-125.8936,69.3831],[-126.2765,69.5197],[-126.7001,69.7407],[-126.8422,69.9405],[-126.8753,69.9453],[-126.8709,69.9862],[-127.0732,70.1664],[-127.3468,70.338],[-128.0161,70.5668],[-128.0349,70.5522],[-128.0078,70.5378],[-128.0569,70.5473],[-128.1584,70.4939],[-128.2108,70.3781],[-128.1625,70.4049],[-128.1998,70.3744],[-128.0572,70.3525],[-127.8817,70.3886],[-127.8535,70.3721],[-127.9339,70.3733],[-127.9424,70.334],[-128.1252,70.3452],[-128.0366,70.2714],[-127.6117,70.2535],[-127.6785,70.2449],[-127.5098,70.2178],[-127.4947,70.1897],[-127.523,70.1711],[-127.4642,70.1458],[-127.3942,70.2024],[-127.2833,70.214],[-127.254,70.1995],[-127.3352,70.1504],[-127.2734,70.139],[-127.3365,70.1498],[-127.2737,70.1937],[-127.2915,70.2102],[-127.356,70.2094],[-127.3892,70.1614],[-127.4799,70.1401],[-127.5454,70.1577],[-127.506,70.2043],[-127.599,70.2178],[-128.1509,70.1527],[-127.8594,70.0645],[-127.9913,70.0608],[-128.1352,70.1081],[-128.1146,70.1213],[-128.2582,70.1411],[-128.2292,70.1461],[-128.3256,70.1283],[-128.4031,70.0692],[-128.3134,70.0041],[-128.3454,69.9594],[-128.3206,69.9927],[-128.2865,69.9665],[-128.3162,69.9381],[-128.6139,69.8682],[-128.8157,69.7455],[-129.0321,69.7311],[-129.0513,69.6891],[-129.1676,69.7067],[-129.1529,69.7853],[-129.2086,69.7895],[-129.1529,69.79],[-129.1802,69.8198],[-129.14,69.8436],[-129.5913,69.8115],[-130.0908,69.7004],[-130.3377,69.6834],[-130.4589,69.5995],[-130.4583,69.5648],[-130.5987,69.4948],[-130.5746,69.4716],[-130.6219,69.4533],[-130.6337,69.4111],[-130.8535,69.3528],[-130.821,69.3238],[-130.9323,69.2763],[-130.9598,69.2305],[-131.0269,69.24],[-130.904,69.3084],[-130.928,69.3148],[-130.918,69.3733],[-130.9652,69.3745],[-131.0349,69.2953],[-131.0139,69.2814],[-131.0658,69.2951],[-130.9512,69.3947],[-130.9787,69.4779],[-130.9592,69.5051],[-131.0206,69.5252],[-130.9881,69.4323],[-131.0248,69.4166],[-131.0069,69.4053],[-131.0563,69.3318],[-131.1519,69.297],[-131.0628,69.3401],[-131.0784,69.3717],[-131.0412,69.3854],[-131.0197,69.4435],[-131.0388,69.497],[-131.1296,69.5508],[-131.095,69.5943],[-131.1901,69.5962],[-131.129,69.5403],[-131.1939,69.5784],[-131.2187,69.5479],[-131.1461,69.5346],[-131.1624,69.5208],[-131.1154,69.5118],[-131.0813,69.4464],[-131.1296,69.3383],[-131.2427,69.2861],[-131.1453,69.3407],[-131.1628,69.3603],[-131.1272,69.3749],[-131.1378,69.4267],[-131.1106,69.4414],[-131.1315,69.501],[-131.2242,69.5248],[-131.2526,69.5692],[-131.2935,69.5532],[-131.176,69.4737],[-131.1733,69.3701],[-131.3657,69.2868],[-131.4261,69.2761],[-131.3331,69.3057],[-131.3133,69.3452],[-131.1977,69.3699],[-131.2106,69.4601],[-131.2825,69.4955],[-131.3075,69.4786],[-131.2578,69.4225],[-131.2531,69.3643],[-131.2844,69.4364],[-131.3521,69.4781],[-131.3718,69.4432],[-131.3299,69.3924],[-131.4292,69.2959],[-131.4511,69.2946],[-131.3631,69.3613],[-131.4019,69.3664],[-131.3434,69.3816],[-131.3961,69.4662],[-131.4708,69.4579],[-131.4147,69.4233],[-131.4631,69.4616],[-131.4164,69.4552],[-131.3669,69.3915],[-131.4425,69.393],[-131.4302,69.3436],[-131.6025,69.2865],[-131.5817,69.3168],[-131.5009,69.3273],[-131.4842,69.346],[-131.5201,69.3924],[-131.4619,69.3977],[-131.4521,69.4321],[-131.6328,69.4582],[-131.5906,69.4227],[-131.6517,69.4145],[-131.6656,69.4531],[-131.6916,69.4329],[-131.6469,69.3954],[-131.8832,69.4138],[-131.9948,69.379],[-131.9197,69.3893],[-131.8564,69.3716],[-131.8727,69.3505],[-131.7286,69.3733],[-131.8781,69.2757],[-131.8525,69.2629],[-131.9097,69.265],[-131.9617,69.215],[-131.9877,69.2134],[-131.8484,69.2975],[-132.0956,69.2111],[-132.08,69.198],[-132.1504,69.157],[-132.1005,69.2033],[-132.1412,69.2267],[-132.191,69.2043],[-132.1724,69.1767],[-132.2387,69.1158],[-132.1852,69.1817],[-132.2343,69.1995],[-132.2921,69.1553],[-132.3435,69.1625],[-132.2863,69.1768],[-132.3207,69.2215],[-132.3708,69.1989],[-132.3324,69.2032],[-132.3731,69.1862],[-132.3717,69.1486],[-132.3466,69.1502],[-132.5144,69.0735],[-132.4339,69.1283],[-132.4297,69.1871],[-132.3851,69.1867],[-132.4437,69.2212],[-132.4736,69.2131],[-132.4736,69.1419],[-132.5869,69.0852],[-132.5622,69.074],[-132.6048,69.0806],[-132.5805,69.1161],[-132.7172,69.0346],[-132.6798,69.0723],[-132.7282,69.0446],[-132.713,69.0687],[-132.8383,69.0739],[-132.9059,69.0425],[-132.8355,69.0487],[-132.8253,69.0],[-132.8854,69.029],[-132.851,68.9488],[-132.6799,68.9163],[-132.852,68.9135],[-132.7599,68.8756],[-132.7929,68.8607],[-132.7139,68.8662],[-132.8012,68.854],[-132.7949,68.834],[-132.6804,68.8249],[-132.6375,68.8527],[-132.6647,68.8685],[-132.506,68.8707],[-132.5859,68.8869],[-132.5684,68.9016],[-132.4086,68.8459],[-132.4094,68.8065],[-132.4375,68.8309],[-132.4883,68.8257],[-132.5066,68.8065],[-132.4812,68.7878],[-132.7171,68.8291],[-132.7717,68.8064],[-132.6896,68.7887],[-132.7274,68.7743],[-132.7952,68.8151],[-132.8936,68.8003],[-132.8502,68.8229],[-132.9762,68.8483],[-132.9101,68.8022],[-132.9471,68.7804],[-133.076,68.8138],[-133.1315,68.7927],[-133.1046,68.8109],[-133.2196,68.8471],[-133.4102,68.8341],[-133.3411,68.7981],[-133.3993,68.8018],[-133.3727,68.7726],[-133.2719,68.7887],[-133.1293,68.7536],[-133.2947,68.777],[-133.1737,68.734],[-133.1787,68.7066],[-132.9663,68.7045],[-132.9299,68.6726],[-133.0786,68.6719],[-133.2523,68.7149],[-133.5023,68.7954],[-133.4907,68.8338],[-133.5169,68.8424],[-133.4311,68.8396],[-133.494,68.8835],[-133.3826,68.8955],[-133.4306,68.8634],[-133.3572,68.8539],[-133.233,68.9078],[-133.2846,68.9473],[-133.226,68.9644],[-133.2514,68.988],[-133.221,69.0268],[-133.1171,69.0267],[-133.0932,69.0539],[-133.0211,69.024],[-133.0785,69.0738],[-133.0071,69.0317],[-132.9384,69.0648],[-132.9529,68.9888],[-132.8727,68.9596],[-132.9218,69.0685],[-132.8371,69.0956],[-132.9303,69.1204],[-132.824,69.197],[-132.8678,69.1791],[-132.8675,69.2056],[-132.8028,69.2058],[-132.7606,69.2295],[-132.8308,69.2242],[-132.7545,69.2623],[-132.7163,69.2404],[-132.6031,69.2701],[-132.5919,69.2962],[-132.5572,69.276],[-132.6015,69.2698],[-132.5489,69.2585],[-132.5307,69.1349],[-132.4863,69.1428],[-132.5301,69.247],[-132.5105,69.2753],[-132.4764,69.2173],[-132.4408,69.2307],[-132.4769,69.2759],[-132.4321,69.2661],[-132.4177,69.2991],[-132.3332,69.2345],[-132.3544,69.3043],[-132.2941,69.2774],[-132.3081,69.3083],[-132.0802,69.3795],[-132.1633,69.408],[-132.1022,69.404],[-132.1319,69.4261],[-132.1004,69.4541],[-132.0481,69.4467],[-132.1256,69.4657],[-132.0648,69.4703],[-132.0432,69.5051],[-131.7777,69.5535],[-131.6759,69.5133],[-131.6506,69.5331],[-131.6975,69.5464],[-131.6736,69.5641],[-131.3636,69.5567],[-131.3256,69.5655],[-131.3432,69.5874],[-131.2891,69.5675],[-131.0467,69.6251],[-131.0088,69.6074],[-131.0541,69.5885],[-130.9411,69.532],[-130.9254,69.5743],[-130.891,69.5689],[-130.945,69.5915],[-130.856,69.573],[-130.8015,69.6503],[-130.5728,69.6998],[-130.5611,69.7261],[-130.6044,69.7112],[-130.6004,69.7453],[-130.5268,69.7732],[-130.5362,69.7534],[-130.4812,69.7585],[-130.3428,69.8245],[-130.2764,69.8102],[-130.2577,69.8359],[-129.5379,69.9929],[-129.497,70.0122],[-129.6003,70.0265],[-129.4554,70.031],[-129.3899,70.0973],[-129.4283,70.1149],[-129.4449,70.0973],[-129.4076,70.0848],[-129.4726,70.0772],[-129.5033,70.1029],[-129.4412,70.1249],[-129.6194,70.1462],[-129.5729,70.1684],[-129.6402,70.1684],[-129.5904,70.2018],[-129.6735,70.1832],[-129.6299,70.2037],[-129.6586,70.2435],[-129.6957,70.2169],[-129.6667,70.2122],[-129.7197,70.2185],[-129.6745,70.2542],[-129.76,70.2297],[-129.7307,70.2306],[-129.7524,70.1961],[-129.7682,70.2192],[-129.8621,70.185],[-129.7892,70.1789],[-129.8217,70.1423],[-129.7838,70.1889],[-129.7435,70.1735],[-129.7973,70.1192],[-129.817,70.1398],[-129.8526,70.1185],[-129.8292,70.1412],[-129.8543,70.1438],[-129.8679,70.0815],[-129.9151,70.0708],[-129.8668,70.0716],[-129.8912,70.0515],[-129.9366,70.0664],[-129.9741,70.0319],[-129.9968,70.058],[-130.0469,70.0314],[-130.0286,70.0635],[-130.0891,70.0505],[-130.1165,70.0633],[-130.074,70.0643],[-130.0918,70.0784],[-130.1311,70.0782],[-130.1897,70.0341],[-130.1143,70.0341],[-130.1445,70.0096],[-130.2049,70.0468],[-130.1565,70.0604],[-130.178,70.0913],[-130.2263,70.0396],[-130.228,70.0721],[-130.4109,70.0841],[-130.3241,70.0976],[-130.3337,70.1202],[-130.3812,70.0939],[-130.3981,70.139],[-130.4222,70.092],[-130.4149,70.1148],[-130.5255,70.1228],[-130.4791,70.0968],[-130.5045,70.0859],[-130.556,70.1127],[-130.4818,70.1503],[-130.554,70.1477],[-130.5869,70.106],[-130.6805,70.1218],[-130.688,70.1013],[-130.649,70.0987],[-130.701,70.0652],[-130.765,70.0657],[-130.7124,70.1128],[-130.7779,70.1093],[-130.7457,70.1029],[-130.7887,70.0664],[-130.8204,70.099],[-130.8465,70.0647],[-130.9686,70.0613],[-130.9355,70.0923],[-130.9891,70.0569],[-130.9241,70.0305],[-130.9387,69.9975],[-130.9757,70.0268],[-130.9962,69.9941],[-131.0399,70.0],[-131.0528,69.9815],[-131.0352,69.9993],[-131.0178,69.9767],[-131.0445,69.9747],[-130.9975,69.9629],[-131.052,69.9625],[-131.1306,69.858],[-131.2029,69.858],[-131.1631,69.8431],[-131.2142,69.8124],[-131.2376,69.8363],[-131.2072,69.8842],[-131.2411,69.9192],[-131.432,69.9497],[-131.3122,69.97],[-131.3475,69.9703],[-131.4661,69.9411],[-131.4388,69.8883],[-131.6214,69.8686],[-131.69,69.8419],[-131.6717,69.8265],[-131.7518,69.8185],[-131.716,69.7945],[-131.7578,69.8128],[-131.8223,69.7702],[-131.9778,69.7527],[-131.9967,69.6996],[-132.1161,69.7065],[-131.9958,69.7331],[-132.021,69.7357],[-132.1335,69.7172],[-132.1318,69.6756],[-132.2404,69.6655],[-132.1941,69.6851],[-132.3543,69.7],[-132.3115,69.7285],[-132.4355,69.7127],[-132.5185,69.7379],[-132.6552,69.6507],[-132.3643,69.7115],[-132.4734,69.6522],[-132.3805,69.6828],[-132.3493,69.6578],[-132.4096,69.6164],[-132.5008,69.6087],[-132.5272,69.6166],[-132.5074,69.633],[-132.5757,69.6183],[-132.6305,69.6477],[-132.7452,69.6289],[-132.6681,69.6207],[-132.7123,69.6058],[-132.7355,69.6326],[-132.8417,69.6295],[-132.8175,69.6518],[-132.8584,69.6358],[-132.825,69.6532],[-132.9285,69.6396],[-133.0157,69.5733],[-132.9818,69.5711],[-132.9725,69.531],[-133.0107,69.5072],[-132.9415,69.5098],[-133.0006,69.4884],[-132.9469,69.4372],[-133.0195,69.3947],[-132.9824,69.3811],[-133.0308,69.3517],[-133.0029,69.3676],[-133.0251,69.3956],[-132.9877,69.3996],[-133.0219,69.415],[-132.9767,69.4244],[-133.0309,69.457],[-133.0457,69.4329],[-133.01,69.427],[-133.0608,69.4076],[-133.0361,69.3901],[-133.0751,69.4195],[-133.2362,69.3766],[-133.2079,69.3685],[-133.2684,69.3758],[-133.2093,69.3923],[-133.3473,69.3885],[-133.3252,69.3673],[-133.3664,69.3623],[-133.3674,69.3906],[-133.5192,69.3952],[-133.6467,69.3702],[-133.6683,69.3289],[-133.7257,69.313],[-133.7708,69.3323],[-133.7144,69.3433],[-133.9011,69.3177],[-133.9235,69.4066],[-133.8114,69.4631],[-133.8537,69.4653],[-133.7877,69.4852],[-133.8005,69.5195],[-133.7514,69.5234],[-133.7917,69.5273],[-133.7916,69.5682],[-133.8539,69.5464],[-133.7974,69.5259],[-133.8806,69.5254],[-133.8777,69.495],[-134.0545,69.5241],[-134.0075,69.5445],[-134.1448,69.515],[-134.2035,69.5766],[-134.2302,69.5419],[-134.2581,69.5604],[-134.2205,69.5943],[-134.251,69.5963],[-134.1585,69.6192],[-134.2335,69.6084],[-134.1881,69.6332],[-134.2446,69.6336],[-134.1724,69.6373],[-134.2735,69.6609],[-134.3618,69.6418],[-134.3027,69.6768],[-134.3594,69.6726],[-134.3336,69.7016],[-134.5016,69.7042],[-134.433,69.6134],[-134.5004,69.5601],[-134.4957,69.5234],[-134.5597,69.5267],[-134.5346,69.5167],[-134.5577,69.5059],[-134.5872,69.5379],[-134.6224,69.4912],[-134.5804,69.494],[-134.5979,69.4732],[-134.5544,69.4545],[-134.5274,69.5064],[-134.3998,69.4855],[-134.4673,69.4375],[-134.5478,69.4122],[-134.5333,69.4367],[-134.8682,69.4815],[-134.8802,69.4443],[-134.9049,69.4743],[-135.1136,69.4571],[-135.0454,69.3907],[-135.1752,69.4513],[-135.3229,69.4119],[-135.2451,69.331],[-135.263,69.2989],[-135.1654,69.2638],[-135.1747,69.2452],[-135.5606,69.3347],[-135.6272,69.3096],[-135.5807,69.2281],[-135.7014,69.3189],[-135.7727,69.3143],[-135.7128,69.2835],[-135.7961,69.3092],[-135.8676,69.2784],[-135.8443,69.2348],[-135.6666,69.1368],[-135.552,69.1107],[-135.5896,69.1153],[-135.5732,69.0986],[-135.912,69.2414],[-135.9857,69.2059],[-135.8438,69.2001],[-136.0077,69.1996],[-135.9842,69.1369],[-135.9282,69.0987],[-135.9549,69.092],[-135.9401,69.0761],[-135.7127,69.0326],[-135.7082,68.9817],[-135.7884,68.9836],[-135.7831,68.9636],[-135.6362,68.8975],[-135.6498,68.8767],[-135.5032,68.84],[-135.5287,68.8252],[-135.4736,68.8071],[-135.5107,68.809],[-135.1401,68.636],[-135.3191,68.6804],[-135.2934,68.6411],[-135.5965,68.7568],[-135.7143,68.7568],[-135.9918,68.847],[-136.1066,68.8421],[-136.0745,68.8596],[-136.1287,68.8737],[-136.4687,68.8892],[-136.4488,67.6495],[-136.2414,67.6109],[-136.2,67.5617],[-136.2187,67.5134],[-136.1699,67.5038],[-136.2221,67.4055],[-136.0866,67.3007],[-136.2351,67.1725],[-136.1916,67.1439],[-136.2325,67.1067],[-136.1644,67.0],[-133.8297,67.0],[-134.1179,66.9569],[-133.8905,66.8835],[-133.7597,66.801],[-133.8464,66.7228],[-133.7481,66.679],[-133.7934,66.6494],[-133.5824,66.5623],[-133.6901,66.5279],[-133.6099,66.4361],[-133.7342,66.4404],[-133.7681,66.3662],[-133.8355,66.3172],[-133.6263,66.2986],[-133.5536,66.257],[-133.5489,66.17],[-133.6579,66.1218],[-133.6907,66.0712],[-133.5986,66.0565],[-133.6628,65.9813],[-133.6215,65.9421],[-133.4052,65.9389],[-133.1281,66.0309],[-132.9212,66.0204],[-133.0215,65.9188],[-132.9092,65.884],[-132.6566,66.0158],[-132.5683,66.0229],[-132.4946,65.972],[-132.3779,65.989],[-132.3501,65.9523],[-132.5309,65.9059],[-132.5964,65.8567],[-132.3135,65.7399],[-132.2986,65.686],[-132.1683,65.6024],[-132.2834,65.5006],[-132.2754,65.4577],[-132.5372,65.3505],[-132.5664,65.284],[-132.657,65.2781],[-132.7479,65.2274],[-132.7067,65.1993],[-132.7727,65.183],[-132.7269,65.1584],[-132.6567,65.1408],[-132.5094,65.1735],[-132.5428,65.0899],[-132.3361,65.0607],[-132.4142,64.9844],[-132.4903,64.9624],[-132.4623,64.9016],[-132.4817,64.884],[-132.6277,64.8297],[-132.5461,64.7703],[-132.357,64.7832],[-132.0377,64.6964],[-131.9381,64.5903],[-131.8301,64.5488],[-131.8387,64.5253],[-131.6847,64.5214],[-131.7075,64.5082],[-131.6761,64.4855],[-131.8249,64.4247],[-131.8583,64.3813],[-131.6235,64.3537],[-131.4511,64.3919],[-131.4196,64.4115],[-131.432,64.4379],[-131.3724,64.4509],[-131.1474,64.4038],[-131.0266,64.3047],[-131.0737,64.2729],[-130.9827,64.2507],[-130.944,64.1858],[-130.8591,64.172],[-130.9678,64.13],[-130.8835,64.082],[-130.8704,64.0319],[-130.7233,64.0266],[-130.7717,64.0089],[-130.7757,63.9763],[-130.4429,63.8911],[-130.3394,63.8133],[-130.2186,63.8693],[-130.1094,63.8394],[-130.1377,63.7993],[-130.1013,63.7542],[-130.3397,63.6909],[-130.2687,63.6448],[-130.0725,63.6829],[-130.0993,63.6327],[-130.0814,63.608],[-129.9281,63.592],[-129.9604,63.5658],[-129.8974,63.5529],[-129.785,63.446],[-129.8743,63.4575],[-129.9086,63.4176],[-129.8662,63.3671],[-130.1083,63.3056],[-130.1578,63.2424],[-130.0488,63.2524],[-129.9876,63.1989],[-129.9105,63.1921],[-129.821,63.0824],[-129.6132,63.0731],[-129.5886,63.0422],[-129.7097,62.9077],[-129.6843,62.8759],[-129.7501,62.8811],[-129.7433,62.8384],[-129.6653,62.8142],[-129.5667,62.6812],[-129.4852,62.6624],[-129.505,62.6404],[-129.4646,62.5951],[-129.5224,62.5522],[-129.387,62.5713],[-129.1597,62.4786],[-129.1741,62.445],[-129.2849,62.3997],[-129.1895,62.3616],[-129.2646,62.2999],[-129.246,62.2822],[-129.2697,62.258],[-129.1633,62.204],[-129.2357,62.1381],[-129.1289,62.0995],[-128.9447,62.1191],[-128.8198,62.0875],[-128.8091,62.0483],[-128.7304,62.0431],[-128.6691,62.1091],[-128.5497,62.1163],[-128.348,62.0148],[-128.3501,61.9735],[-128.2486,61.937],[-128.1884,61.8284],[-128.0207,61.8235],[-127.986,61.7916],[-128.0475,61.7287],[-127.7668,61.5941],[-127.6686,61.5826],[-127.6227,61.5322],[-127.4692,61.4852],[-127.2379,61.5002],[-127.1917,61.4611],[-127.103,61.4582],[-127.0908,61.3681],[-127.0293,61.3613],[-126.9964,61.2221],[-126.9529,61.215],[-126.9608,61.1679],[-127.0121,61.1377],[-126.9841,61.1214],[-127.0725,61.0666],[-127.047,61.0173],[-126.8968,61.041],[-126.9068,61.0071],[-126.8536,60.9316],[-126.8771,60.8479],[-126.8253,60.8315],[-126.8452,60.775],[-126.8128,60.7586],[-126.6927,60.769],[-126.6391,60.7308],[-126.4864,60.8002],[-126.2835,60.7588],[-126.1979,60.7822],[-126.2107,60.8344],[-126.0634,60.8514],[-126.0833,60.8138],[-126.0566,60.7953],[-125.9668,60.7892],[-125.9208,60.8486],[-125.8322,60.8813],[-125.6697,60.8031],[-125.5338,60.8124],[-125.2641,60.7684],[-125.1479,60.8325],[-124.8258,60.8371],[-124.8375,60.8993],[-124.7884,60.9545],[-124.5394,60.9386],[-124.4963,60.8025],[-124.4492,60.7647],[-124.5995,60.6879],[-124.5711,60.6414],[-124.4472,60.5728],[-124.3938,60.5189],[-124.3892,60.4585],[-124.1979,60.4459],[-124.2145,60.3646],[-124.1238,60.206],[-123.7893,60.0],[-102.0,60.0],[-102.0,64.1891],[-105.0178,64.4774],[-108.8379,64.7321],[-110.5384,65.4458],[-112.5834,65.4471],[-115.0127,66.287],[-117.0655,66.9292],[-118.5942,67.1989],[-120.6308,67.78],[-120.5907,68.2491],[-120.6056,68.6234],[-120.7248,69.5738],[-120.8419,69.6381],[-121.2645,69.7215],[-121.3809,69.7711],[-121.8755,69.8169],[-122.164,69.7948],[-122.3407,69.8264],[-122.4661,69.8056],[-122.7023,69.8274],[-122.7584,69.8202],[-122.7018,69.7951],[-122.8165,69.7921],[-122.9531,69.8304],[-123.1516,69.7692],[-123.0942,69.7464],[-123.0871,69.6743],[-123.1599,69.6071],[-123.1294,69.5535],[-123.2085,69.5175],[-123.1515,69.5297],[-123.1681,69.4943],[-123.3896,69.4571]],[[-125.2248,69.4894],[-125.2287,69.486],[-125.2379,69.4879],[-125.2248,69.4894]],[[-132.4525,68.7892],[-132.4795,68.7913],[-132.4537,68.7958],[-132.4525,68.7892]],[[-130.975,69.6028],[-131.0083,69.6063],[-130.9527,69.61],[-130.975,69.6028]],[[-132.6091,68.8954],[-132.6642,68.9021],[-132.6526,68.9388],[-132.7027,68.9485],[-132.5081,68.9816],[-132.6118,68.9607],[-132.6346,68.9285],[-132.5849,68.9276],[-132.6091,68.8954]]]]},"properties":{"PRENAME":"Northwest Territories","PREABBR":"N.W.T.","PRUID":"61"}},{"type":"Feature","geometry":{"type":"MultiPolygon","coordinates":[[[[-83.6623,55.2667],[-83.6623,55.2668],[-83.6623,55.2667],[-83.6623,55.2667]]],[[[-82.3115,55.1356],[-82.3115,55.1356],[-82.3115,55.1356],[-82.3115,55.1356]]],[[[-80.3439,51.4193],[-80.3439,51.4192],[-80.3439,51.4192],[-80.3439,51.4193]]],[[[-85.1171,55.2615],[-85.1171,55.2616],[-85.1171,55.2615],[-85.1171,55.2615]]],[[[-82.3858,54.1712],[-82.3858,54.1713],[-82.3858,54.1712],[-82.3858,54.1712]]],[[[-82.252,55.1064],[-82.252,55.1065],[-82.252,55.1064],[-82.252,55.1064]]],[[[-80.6794,51.7971],[-80.6794,51.7971],[-80.6793,51.797],[-80.6794,51.7971]]],[[[-81.3861,52.1241],[-81.386,52.1242],[-81.3861,52.1241],[-81.3861,52.1241]]],[[[-82.5259,55.1452],[-82.5259,55.1452],[-82.5257,55.1451],[-82.5259,55.1452]]],[[[-88.3909,56.587],[-88.3909,56.5872],[-88.3909,56.587],[-88.3909,56.587]]],[[[-82.5216,55.1508],[-82.5216,55.1508],[-82.5215,55.1508],[-82.5216,55.1508]]],[[[-80.6293,51.7528],[-80.6293,51.7528],[-80.6292,51.7527],[-80.6293,51.7528]]],[[[-82.2225,52.9242],[-82.2225,52.9243],[-82.2225,52.9242],[-82.2225,52.9242]]],[[[-80.6897,51.8298],[-80.6896,51.83],[-80.6897,51.8298],[-80.6897,51.8298]]],[[[-81.4199,52.1641],[-81.4197,52.1643],[-81.4199,52.1641],[-81.4199,52.1641]]],[[[-80.5608,51.6552],[-80.5608,51.6552],[-80.5606,51.6551],[-80.5608,51.6552]]],[[[-80.8639,51.8919],[-80.864,51.892],[-80.8639,51.8919],[-80.8639,51.8919]]],[[[-82.4855,55.1329],[-82.4854,55.1331],[-82.4855,55.1329],[-82.4855,55.1329]]],[[[-82.4552,55.132],[-82.4551,55.1322],[-82.4553,55.132],[-82.4552,55.132]]],[[[-82.1973,54.7988],[-82.1973,54.799],[-82.1973,54.7988],[-82.1973,54.7988]]],[[[-82.1166,53.3108],[-82.1165,53.311],[-82.1166,53.3108],[-82.1166,53.3108]]],[[[-80.77,51.8557],[-80.77,51.8557],[-80.7697,51.8555],[-80.77,51.8557]]],[[[-82.0306,52.8353],[-82.0306,52.8353],[-82.0305,52.8351],[-82.0306,52.8353]]],[[[-81.4412,52.1936],[-81.4412,52.1936],[-81.441,52.1934],[-81.4412,52.1936]]],[[[-82.5195,55.1283],[-82.5195,55.1283],[-82.5194,55.1281],[-82.5195,55.1283]]],[[[-81.4556,52.2078],[-81.4556,52.2078],[-81.4553,52.2077],[-81.4556,52.2078]]],[[[-82.2784,53.0306],[-82.2783,53.0308],[-82.2784,53.0306],[-82.2784,53.0306]]],[[[-82.3549,54.1294],[-82.3547,54.1296],[-82.3549,54.1294],[-82.3549,54.1294]]],[[[-83.0494,55.2142],[-83.0494,55.2142],[-83.049,55.214],[-83.0494,55.2142]]],[[[-85.1222,55.3127],[-85.1221,55.313],[-85.1222,55.3127],[-85.1222,55.3127]]],[[[-84.2502,55.2645],[-84.2499,55.2649],[-84.2502,55.2645],[-84.2502,55.2645]]],[[[-84.2224,55.2682],[-84.2222,55.2685],[-84.2224,55.2682],[-84.2224,55.2682]]],[[[-82.2442,53.1877],[-82.2439,53.188],[-82.2442,53.1877],[-82.2442,53.1877]]],[[[-82.1269,53.756],[-82.1269,53.7563],[-82.1269,53.756],[-82.1269,53.756]]],[[[-82.2473,54.726],[-82.2471,54.7264],[-82.2473,54.726],[-82.2473,54.726]]],[[[-82.1588,53.4371],[-82.1588,53.4374],[-82.1588,53.4371],[-82.1588,53.4371]]],[[[-82.4314,54.256],[-82.4314,54.2563],[-82.4314,54.256],[-82.4314,54.256]]],[[[-82.1294,53.8348],[-82.1297,53.8345],[-82.1297,53.8345],[-82.1294,53.8348]]],[[[-81.5412,52.3625],[-81.5412,52.3625],[-81.5408,52.3623],[-81.5412,52.3625]]],[[[-82.4221,54.2165],[-82.4217,54.2169],[-82.4221,54.2165],[-82.4221,54.2165]]],[[[-82.2202,52.9204],[-82.2202,52.9204],[-82.2196,52.9202],[-82.2202,52.9204]]],[[[-82.4973,55.1417],[-82.4973,55.1417],[-82.497,55.1415],[-82.4973,55.1417]]],[[[-82.2745,55.0464],[-82.2741,55.0468],[-82.2745,55.0464],[-82.2745,55.0464]]],[[[-82.181,53.2316],[-82.1806,53.2321],[-82.181,53.2316],[-82.181,53.2316]]],[[[-82.4321,54.3499],[-82.4321,54.3499],[-82.4313,54.3496],[-82.4321,54.3499]]],[[[-81.4826,52.2203],[-81.4825,52.2208],[-81.4826,52.2203],[-81.4826,52.2203]]],[[[-82.4128,55.0825],[-82.4126,55.083],[-82.4128,55.0825],[-82.4128,55.0825]]],[[[-82.3023,55.1291],[-82.302,55.1296],[-82.3023,55.1291],[-82.3023,55.1291]]],[[[-82.1294,53.8348],[-82.1294,53.8348],[-82.1292,53.8353],[-82.1294,53.8348]]],[[[-81.1696,52.051],[-81.1697,52.0514],[-81.1696,52.051],[-81.1696,52.051]]],[[[-88.7666,56.7763],[-88.7664,56.7768],[-88.7666,56.7763],[-88.7666,56.7763]]],[[[-87.7679,56.2615],[-87.7678,56.262],[-87.7679,56.2615],[-87.7679,56.2615]]],[[[-84.4426,55.2543],[-84.4424,55.2548],[-84.4426,55.2543],[-84.4426,55.2543]]],[[[-82.124,53.7681],[-82.1241,53.7686],[-82.124,53.7681],[-82.124,53.7681]]],[[[-82.4225,54.2227],[-82.4221,54.2233],[-82.4225,54.2227],[-82.4225,54.2227]]],[[[-86.1958,55.697],[-86.1958,55.6975],[-86.1958,55.697],[-86.1958,55.697]]],[[[-82.2789,53.1081],[-82.279,53.1087],[-82.2789,53.1081],[-82.2789,53.1081]]],[[[-80.4797,51.5059],[-80.4797,51.5059],[-80.4793,51.5054],[-80.4797,51.5059]]],[[[-82.2067,54.8635],[-82.207,54.8641],[-82.2067,54.8635],[-82.2067,54.8635]]],[[[-82.2061,53.6292],[-82.2056,53.6299],[-82.2061,53.6292],[-82.2061,53.6292]]],[[[-82.4258,54.3073],[-82.4259,54.3082],[-82.4258,54.3073],[-82.4258,54.3073]]],[[[-78.972,53.0953],[-78.9645,53.1004],[-78.97,53.1014],[-78.972,53.0953]]],[[[-106.0,75.0713],[-106.0201,75.0696],[-105.975,75.0683],[-106.0,75.0713]]],[[[-108.0845,66.8412],[-108.0966,66.839],[-108.0473,66.8359],[-108.0845,66.8412]]],[[[-82.2619,54.9927],[-82.2669,54.9314],[-82.2277,54.9165],[-82.2619,54.9927]]],[[[-78.7685,56.1315],[-78.8185,56.1023],[-78.7566,56.1279],[-78.7685,56.1315]]],[[[-76.0925,79.0314],[-76.1742,79.0253],[-76.0284,79.0213],[-76.0925,79.0314]]],[[[-67.9874,63.4534],[-67.9285,63.4106],[-67.9336,63.4296],[-67.9874,63.4534]]],[[[-107.7382,67.9501],[-107.7302,67.9326],[-107.6798,67.9436],[-107.7382,67.9501]]],[[[-95.6726,73.6258],[-95.6715,73.6039],[-95.6133,73.6118],[-95.6726,73.6258]]],[[[-102.9389,69.5074],[-102.963,69.4986],[-102.9051,69.4755],[-102.9389,69.5074]]],[[[-94.4057,71.9872],[-94.4372,71.9613],[-94.3918,71.9629],[-94.4057,71.9872]]],[[[-99.6585,67.8393],[-99.7024,67.8275],[-99.632,67.8294],[-99.6585,67.8393]]],[[[-72.0053,63.6704],[-72.0156,63.6477],[-71.9806,63.6421],[-72.0053,63.6704]]],[[[-105.7441,68.5043],[-105.7255,68.4798],[-105.6951,68.4869],[-105.7441,68.5043]]],[[[-66.0401,62.9349],[-66.078,62.9281],[-66.0173,62.9092],[-66.0401,62.9349]]],[[[-64.9126,62.6628],[-64.9356,62.6486],[-64.8915,62.6409],[-64.9126,62.6628]]],[[[-79.0991,51.8212],[-79.1415,51.8156],[-79.0994,51.8069],[-79.0991,51.8212]]],[[[-66.716,65.1321],[-66.7472,65.1033],[-66.7162,65.1025],[-66.716,65.1321]]],[[[-67.0668,68.5416],[-67.1391,68.5377],[-67.0455,68.5301],[-67.0668,68.5416]]],[[[-66.9454,68.4925],[-67.0287,68.4848],[-67.0024,68.4699],[-66.9454,68.4925]]],[[[-113.6201,67.9257],[-113.6507,67.9175],[-113.5387,67.9261],[-113.6201,67.9257]]],[[[-108.0056,71.7984],[-108.0226,71.7905],[-107.9526,71.7836],[-108.0056,71.7984]]],[[[-90.306,69.2606],[-90.366,69.2516],[-90.3239,69.239],[-90.306,69.2606]]],[[[-73.2134,64.2142],[-73.2335,64.2102],[-73.1734,64.2004],[-73.2134,64.2142]]],[[[-89.9123,69.0163],[-89.9672,68.999],[-89.9016,69.0013],[-89.9123,69.0163]]],[[[-96.4972,76.6305],[-96.5675,76.6109],[-96.4323,76.6156],[-96.4972,76.6305]]],[[[-113.0429,67.945],[-113.0295,67.9349],[-112.9222,67.9467],[-113.0429,67.945]]],[[[-97.3114,67.6562],[-97.4372,67.6255],[-97.3497,67.6341],[-97.3114,67.6562]]],[[[-85.4429,77.4643],[-85.5127,77.471],[-85.4849,77.4509],[-85.4429,77.4643]]],[[[-93.6614,77.4451],[-93.7861,77.4274],[-93.7267,77.4219],[-93.6614,77.4451]]],[[[-67.0252,65.3944],[-67.0412,65.3692],[-67.006,65.3614],[-67.0252,65.3944]]],[[[-79.5144,54.7631],[-79.5732,54.7541],[-79.5873,54.7365],[-79.5144,54.7631]]],[[[-101.3426,69.4873],[-101.3619,69.4576],[-101.3086,69.4641],[-101.3426,69.4873]]],[[[-67.3367,68.6315],[-67.4016,68.6321],[-67.3193,68.6275],[-67.3367,68.6315]]],[[[-81.657,68.4335],[-81.7157,68.4097],[-81.6908,68.4041],[-81.657,68.4335]]],[[[-67.216,65.8109],[-67.2787,65.8133],[-67.2505,65.7952],[-67.216,65.8109]]],[[[-114.5045,67.9299],[-114.4893,67.9132],[-114.4402,67.92],[-114.5045,67.9299]]],[[[-65.4367,64.7729],[-65.479,64.7553],[-65.434,64.7467],[-65.4367,64.7729]]],[[[-65.9854,62.0992],[-65.9934,62.0776],[-65.9525,62.0795],[-65.9854,62.0992]]],[[[-95.2436,76.3111],[-95.2342,76.3462],[-95.2805,76.3494],[-95.2436,76.3111]]],[[[-83.0514,69.9881],[-83.0071,69.9643],[-82.9657,69.9678],[-83.0514,69.9881]]],[[[-63.9174,63.4555],[-63.9568,63.4425],[-63.9029,63.4141],[-63.9174,63.4555]]],[[[-62.8947,65.5252],[-62.9179,65.5365],[-62.9342,65.5183],[-62.8947,65.5252]]],[[[-77.7151,60.2342],[-77.7349,60.2324],[-77.6565,60.2195],[-77.7151,60.2342]]],[[[-108.4147,67.9977],[-108.3902,67.9701],[-108.364,68.0017],[-108.4147,67.9977]]],[[[-72.1423,63.5924],[-72.1925,63.5902],[-72.1151,63.584],[-72.1423,63.5924]]],[[[-79.5457,56.0847],[-79.5139,56.1039],[-79.5621,56.082],[-79.5457,56.0847]]],[[[-64.0934,63.6217],[-64.043,63.5799],[-64.0555,63.6095],[-64.0934,63.6217]]],[[[-113.1677,67.934],[-113.1872,67.9288],[-113.0808,67.9376],[-113.1677,67.934]]],[[[-77.158,65.4673],[-77.2056,65.4623],[-77.1118,65.4553],[-77.158,65.4673]]],[[[-96.7381,68.0526],[-96.7399,68.0381],[-96.6699,68.0367],[-96.7381,68.0526]]],[[[-66.8494,62.9867],[-66.8638,62.9835],[-66.7902,62.9528],[-66.8494,62.9867]]],[[[-91.4217,76.5057],[-91.4453,76.5049],[-91.2883,76.4835],[-91.4217,76.5057]]],[[[-67.8929,63.3249],[-67.8971,63.3067],[-67.8277,63.2885],[-67.8929,63.3249]]],[[[-78.7333,55.8056],[-78.7521,55.8084],[-78.7662,55.772],[-78.7333,55.8056]]],[[[-114.8359,67.9245],[-114.9412,67.9025],[-114.8247,67.9223],[-114.8359,67.9245]]],[[[-93.1852,69.4168],[-93.2152,69.4099],[-93.128,69.4042],[-93.1852,69.4168]]],[[[-79.0589,51.6602],[-79.0914,51.6437],[-79.0494,51.6516],[-79.0589,51.6602]]],[[[-92.2162,62.8157],[-92.1934,62.7922],[-92.1406,62.7856],[-92.2162,62.8157]]],[[[-70.7393,62.8881],[-70.7945,62.8856],[-70.6924,62.8696],[-70.7393,62.8881]]],[[[-66.8852,62.0328],[-66.9447,62.0241],[-66.8771,62.0146],[-66.8852,62.0328]]],[[[-102.7346,68.8285],[-102.7603,68.812],[-102.7052,68.8092],[-102.7346,68.8285]]],[[[-90.1523,69.4262],[-90.1762,69.4211],[-90.1203,69.4207],[-90.1523,69.4262]]],[[[-80.6176,59.2623],[-80.6425,59.2326],[-80.6156,59.2297],[-80.6176,59.2623]]],[[[-64.877,60.4295],[-64.8865,60.4114],[-64.8333,60.4183],[-64.877,60.4295]]],[[[-79.1159,53.4612],[-79.1565,53.4337],[-79.1088,53.4344],[-79.1159,53.4612]]],[[[-103.0238,67.9234],[-103.0498,67.8927],[-103.0008,67.9065],[-103.0238,67.9234]]],[[[-98.3836,71.7657],[-98.4698,71.7511],[-98.3844,71.7526],[-98.3836,71.7657]]],[[[-67.8871,69.1455],[-67.9556,69.1439],[-67.8588,69.1288],[-67.8871,69.1455]]],[[[-72.8336,62.2405],[-72.8789,62.2389],[-72.7909,62.223],[-72.8336,62.2405]]],[[[-79.6979,56.2346],[-79.7157,56.2368],[-79.7631,56.2069],[-79.6979,56.2346]]],[[[-73.1519,64.093],[-73.1965,64.0846],[-73.1254,64.0859],[-73.1519,64.093]]],[[[-66.6547,64.971],[-66.672,64.9377],[-66.6446,64.9422],[-66.6547,64.971]]],[[[-86.0602,72.0461],[-86.096,72.0436],[-86.0078,72.0368],[-86.0602,72.0461]]],[[[-74.621,79.4057],[-74.7077,79.4012],[-74.5974,79.3846],[-74.621,79.4057]]],[[[-109.2827,67.9678],[-109.2039,67.9402],[-109.1746,67.9451],[-109.2827,67.9678]]],[[[-92.3062,62.8215],[-92.3256,62.7978],[-92.2731,62.7739],[-92.3062,62.8215]]],[[[-66.5432,68.2823],[-66.6415,68.2834],[-66.5359,68.2768],[-66.5432,68.2823]]],[[[-73.4463,64.3067],[-73.4968,64.3001],[-73.4528,64.2877],[-73.4463,64.3067]]],[[[-67.5379,68.578],[-67.5556,68.5778],[-67.4437,68.5607],[-67.5379,68.578]]],[[[-99.0188,68.3792],[-99.042,68.3903],[-98.9682,68.3347],[-99.0188,68.3792]]],[[[-75.2044,65.4275],[-75.2364,65.421],[-75.1862,65.4022],[-75.2044,65.4275]]],[[[-64.4707,60.4472],[-64.5054,60.4455],[-64.4963,60.4189],[-64.4707,60.4472]]],[[[-82.1467,68.7268],[-82.1913,68.7156],[-82.1226,68.7093],[-82.1467,68.7268]]],[[[-79.9308,59.9324],[-79.9537,59.9091],[-79.9182,59.9177],[-79.9308,59.9324]]],[[[-80.5607,59.403],[-80.5693,59.3741],[-80.5476,59.3698],[-80.5607,59.403]]],[[[-68.6228,70.1114],[-68.6921,70.097],[-68.6194,70.0939],[-68.6228,70.1114]]],[[[-66.0026,62.9782],[-66.0044,62.9527],[-65.9638,62.9604],[-66.0026,62.9782]]],[[[-108.7566,74.9642],[-108.772,74.9572],[-108.6529,74.9572],[-108.7566,74.9642]]],[[[-104.546,68.1325],[-104.5386,68.1042],[-104.4961,68.1151],[-104.546,68.1325]]],[[[-95.403,75.7294],[-95.5102,75.7117],[-95.3909,75.728],[-95.403,75.7294]]],[[[-95.8876,67.3076],[-95.9826,67.2638],[-95.9169,67.2837],[-95.8876,67.3076]]],[[[-105.044,68.4503],[-105.0627,68.4407],[-104.9523,68.4144],[-105.044,68.4503]]],[[[-111.3933,68.2796],[-111.4981,68.2525],[-111.3968,68.2698],[-111.3933,68.2796]]],[[[-79.4443,54.8274],[-79.5155,54.8176],[-79.4342,54.827],[-79.4443,54.8274]]],[[[-66.5981,63.0216],[-66.627,63.0207],[-66.5626,62.9899],[-66.5981,63.0216]]],[[[-96.3366,74.8347],[-96.382,74.8375],[-96.394,74.8128],[-96.3366,74.8347]]],[[[-68.5949,70.1429],[-68.6403,70.1247],[-68.5901,70.128],[-68.5949,70.1429]]],[[[-106.0657,69.1353],[-106.0801,69.1347],[-105.9786,69.1023],[-106.0657,69.1353]]],[[[-67.4711,62.1179],[-67.5155,62.1119],[-67.4517,62.0916],[-67.4711,62.1179]]],[[[-105.2622,68.3821],[-105.2663,68.3544],[-105.2165,68.3506],[-105.2622,68.3821]]],[[[-92.5617,70.7622],[-92.5922,70.7441],[-92.5192,70.748],[-92.5617,70.7622]]],[[[-67.1466,66.2917],[-67.2258,66.2981],[-67.1211,66.2777],[-67.1466,66.2917]]],[[[-65.2398,64.562],[-65.2632,64.553],[-65.244,64.5302],[-65.2172,64.5493],[-65.2398,64.562]]],[[[-74.6758,64.388],[-74.7305,64.3847],[-74.6588,64.3755],[-74.6758,64.388]]],[[[-66.6655,68.57],[-66.7144,68.5523],[-66.6346,68.561],[-66.6655,68.57]]],[[[-98.8756,68.0762],[-98.9003,68.0735],[-98.8948,68.0429],[-98.8598,68.0505],[-98.8756,68.0762]]],[[[-73.66,64.1783],[-73.6922,64.1545],[-73.6242,64.1629],[-73.66,64.1783]]],[[[-84.7612,65.9468],[-84.7905,65.9332],[-84.7347,65.9261],[-84.7612,65.9468]]],[[[-99.2605,76.6477],[-99.3835,76.6289],[-99.2474,76.6474],[-99.2605,76.6477]]],[[[-64.1696,63.7573],[-64.2243,63.7378],[-64.1928,63.7334],[-64.1696,63.7573]]],[[[-78.511,57.5435],[-78.5484,57.5403],[-78.5181,57.5231],[-78.511,57.5435]]],[[[-94.5396,68.8922],[-94.6118,68.8662],[-94.5691,68.8587],[-94.5396,68.8922]]],[[[-65.8607,62.9257],[-65.8725,62.9081],[-65.8211,62.9076],[-65.8607,62.9257]]],[[[-80.5742,59.2964],[-80.6322,59.2944],[-80.5882,59.2763],[-80.5742,59.2964]]],[[[-85.2297,68.986],[-85.2801,68.9822],[-85.1996,68.9665],[-85.2297,68.986]]],[[[-82.2645,80.7668],[-82.3787,80.7478],[-82.1679,80.7628],[-82.2645,80.7668]]],[[[-109.399,68.0005],[-109.4536,68.0198],[-109.402,67.9822],[-109.3457,67.9856],[-109.399,68.0005]]],[[[-107.508,73.361],[-107.5029,73.3413],[-107.4169,73.3371],[-107.508,73.361]]],[[[-103.4852,76.0342],[-103.6322,76.0242],[-103.4576,76.0303],[-103.4852,76.0342]]],[[[-67.0514,63.2364],[-67.0712,63.2319],[-67.0387,63.2007],[-67.0228,63.2164],[-67.0514,63.2364]]],[[[-72.9158,64.038],[-72.9692,64.0101],[-72.9012,64.0248],[-72.9158,64.038]]],[[[-95.4251,67.2044],[-95.4274,67.1742],[-95.3825,67.1784],[-95.4251,67.2044]]],[[[-100.0325,76.7569],[-100.0849,76.7399],[-99.9855,76.7486],[-100.0325,76.7569]]],[[[-72.8348,63.6684],[-72.9113,63.6618],[-72.8462,63.6517],[-72.8348,63.6684]]],[[[-109.2101,68.0041],[-109.248,67.9982],[-109.1738,67.9782],[-109.2101,68.0041]]],[[[-84.7889,66.2161],[-84.8073,66.1984],[-84.7406,66.1999],[-84.7889,66.2161]]],[[[-67.0772,66.4766],[-67.1603,66.4742],[-67.1406,66.4624],[-67.0772,66.4766]]],[[[-73.6174,64.2476],[-73.6744,64.24],[-73.6045,64.2201],[-73.6409,64.2341],[-73.6174,64.2476]]],[[[-76.5563,64.2881],[-76.5779,64.2767],[-76.5062,64.2719],[-76.5563,64.2881]]],[[[-79.0366,56.0249],[-79.0745,55.9839],[-79.0701,55.9645],[-79.0366,56.0249]]],[[[-72.6253,63.8018],[-72.6936,63.7882],[-72.6555,63.7837],[-72.6253,63.8018]]],[[[-68.0216,68.5746],[-68.0937,68.5659],[-68.0489,68.5562],[-68.0216,68.5746]]],[[[-97.5528,75.4199],[-97.5996,75.4814],[-97.5979,75.4283],[-97.5528,75.4199]]],[[[-66.9224,68.5908],[-66.9674,68.586],[-66.8921,68.5726],[-66.9224,68.5908]]],[[[-78.2354,58.4573],[-78.2551,58.4581],[-78.1711,58.4256],[-78.2354,58.4573]]],[[[-97.8391,67.8076],[-97.8199,67.7788],[-97.8433,67.7714],[-97.7994,67.7601],[-97.8391,67.8076]]],[[[-93.9691,69.4372],[-94.0577,69.43],[-93.9481,69.4254],[-93.9691,69.4372]]],[[[-79.9129,69.9521],[-79.951,69.9302],[-79.8774,69.9386],[-79.9129,69.9521]]],[[[-67.7044,63.1038],[-67.7772,63.1114],[-67.7473,63.0898],[-67.7044,63.1038]]],[[[-87.6656,68.15],[-87.5726,68.122],[-87.5915,68.1399],[-87.6656,68.15]]],[[[-85.2769,69.059],[-85.3353,69.0506],[-85.2687,69.0325],[-85.2769,69.059]]],[[[-95.2381,77.8129],[-95.4208,77.8084],[-95.3044,77.7851],[-95.2381,77.8129]]],[[[-98.7918,68.4111],[-98.7983,68.3779],[-98.7584,68.3729],[-98.7756,68.391],[-98.748,68.4035],[-98.7918,68.4111]]],[[[-92.3567,69.7049],[-92.4003,69.6882],[-92.3187,69.7],[-92.3567,69.7049]]],[[[-92.2037,62.3162],[-92.2273,62.3108],[-92.1421,62.2821],[-92.2037,62.3162]]],[[[-93.5206,63.9593],[-93.5507,63.9463],[-93.478,63.932],[-93.5206,63.9593]]],[[[-108.3868,72.5719],[-108.4738,72.5466],[-108.4145,72.5388],[-108.3868,72.5719]]],[[[-66.9532,62.7377],[-67.0094,62.7009],[-66.9194,62.7117],[-66.9532,62.7377]]],[[[-76.6494,56.8807],[-76.6792,56.8476],[-76.642,56.8527],[-76.6494,56.8807]]],[[[-78.3375,56.6998],[-78.4398,56.7016],[-78.3819,56.6897],[-78.3375,56.6998]]],[[[-64.4305,60.4428],[-64.4558,60.4145],[-64.4146,60.4166],[-64.4305,60.4428]]],[[[-79.1593,52.5614],[-79.1824,52.5564],[-79.1643,52.5221],[-79.1593,52.5614]]],[[[-71.7525,63.5485],[-71.8134,63.542],[-71.7178,63.5316],[-71.7525,63.5485]]],[[[-103.6621,77.0626],[-103.7349,77.0451],[-103.6164,77.0493],[-103.6621,77.0626]]],[[[-81.4422,66.9695],[-81.5021,66.9572],[-81.4655,66.9453],[-81.4422,66.9695]]],[[[-68.232,63.3266],[-68.2296,63.3077],[-68.1733,63.2864],[-68.232,63.3266]]],[[[-98.6971,68.7874],[-98.687,68.7588],[-98.6454,68.7644],[-98.6971,68.7874]]],[[[-65.5224,68.0819],[-65.6022,68.0752],[-65.5509,68.0648],[-65.5224,68.0819]]],[[[-73.5288,83.0023],[-73.6667,82.9861],[-73.4685,82.9881],[-73.5288,83.0023]]],[[[-77.0349,69.7815],[-77.0174,69.7541],[-76.9119,69.751],[-77.0349,69.7815]]],[[[-100.1888,72.988],[-100.135,72.9606],[-100.0775,72.9675],[-100.1888,72.988]]],[[[-81.4537,69.9121],[-81.4975,69.9067],[-81.4107,69.8897],[-81.4537,69.9121]]],[[[-109.0095,72.7754],[-109.0348,72.763],[-108.937,72.7654],[-109.0095,72.7754]]],[[[-114.7312,67.9281],[-114.6778,67.9143],[-114.6025,67.9266],[-114.7312,67.9281]]],[[[-91.9811,70.5046],[-91.9642,70.4821],[-91.9049,70.476],[-91.9811,70.5046]]],[[[-66.7673,68.3224],[-66.7335,68.2982],[-66.6726,68.3049],[-66.7673,68.3224]]],[[[-82.6529,69.8276],[-82.6844,69.8261],[-82.582,69.8086],[-82.6529,69.8276]]],[[[-100.0708,76.7328],[-100.1539,76.724],[-99.9888,76.7203],[-100.0708,76.7328]]],[[[-65.0675,61.714],[-65.1182,61.6967],[-65.069,61.6941],[-65.0675,61.714]]],[[[-74.2596,64.3761],[-74.308,64.3729],[-74.266,64.348],[-74.2323,64.3649],[-74.2596,64.3761]]],[[[-100.3688,75.4789],[-100.5251,75.4672],[-100.3184,75.4689],[-100.3688,75.4789]]],[[[-90.5402,81.9272],[-90.6658,81.9118],[-90.4794,81.9125],[-90.5402,81.9272]]],[[[-89.9805,68.8699],[-90.0122,68.8659],[-90.0233,68.8321],[-89.9805,68.8699]]],[[[-67.7592,68.8699],[-67.8104,68.867],[-67.7815,68.8406],[-67.7592,68.8699]]],[[[-92.1121,69.6304],[-92.1866,69.6259],[-92.0767,69.6233],[-92.1121,69.6304]]],[[[-91.597,69.8414],[-91.7101,69.8155],[-91.58,69.8389],[-91.597,69.8414]]],[[[-101.0904,72.743],[-101.1084,72.7393],[-100.9855,72.7285],[-101.0904,72.743]]],[[[-77.0375,57.7884],[-77.0587,57.7851],[-77.0148,57.7477],[-77.0375,57.7884]]],[[[-64.5289,64.3008],[-64.5752,64.2866],[-64.5038,64.2736],[-64.5427,64.2835],[-64.5289,64.3008]]],[[[-74.4206,68.5298],[-74.4864,68.5283],[-74.3847,68.52],[-74.4206,68.5298]]],[[[-76.3104,64.3472],[-76.3279,64.3383],[-76.2347,64.3329],[-76.3104,64.3472]]],[[[-83.2886,66.3555],[-83.3317,66.3339],[-83.2645,66.3293],[-83.2886,66.3555]]],[[[-77.6472,60.2082],[-77.7257,60.201],[-77.6263,60.19],[-77.6472,60.2082]]],[[[-80.5266,59.4381],[-80.538,59.4036],[-80.5087,59.4335],[-80.5266,59.4381]]],[[[-109.3177,67.9367],[-109.3397,67.9411],[-109.234,67.9091],[-109.3177,67.9367]]],[[[-66.6896,65.2073],[-66.7083,65.1812],[-66.6519,65.1777],[-66.6896,65.2073]]],[[[-89.9951,63.9156],[-90.0174,63.9092],[-89.9474,63.8874],[-89.9951,63.9156]]],[[[-67.8851,62.1648],[-67.9295,62.1575],[-67.8625,62.1473],[-67.8851,62.1648]]],[[[-91.4158,69.8806],[-91.4858,69.8606],[-91.4291,69.8536],[-91.3937,69.878],[-91.4158,69.8806]]],[[[-67.3679,65.8169],[-67.4215,65.8027],[-67.3544,65.7868],[-67.3679,65.8169]]],[[[-65.045,62.9238],[-65.0669,62.9199],[-65.0057,62.8922],[-65.0649,62.8991],[-64.9996,62.8916],[-65.045,62.9238]]],[[[-78.8409,52.9748],[-78.9107,52.9579],[-78.8378,52.9678],[-78.8409,52.9748]]],[[[-97.9453,67.8308],[-97.9638,67.8296],[-97.8583,67.8151],[-97.9453,67.8308]]],[[[-67.1388,65.9929],[-67.1599,65.9941],[-67.124,65.9623],[-67.0682,65.9693],[-67.1388,65.9929]]],[[[-84.6303,65.842],[-84.6444,65.8182],[-84.6052,65.8017],[-84.6303,65.842]]],[[[-97.6064,75.3558],[-97.653,75.3516],[-97.5441,75.33],[-97.545,75.3532],[-97.6064,75.3558]]],[[[-97.2017,75.5344],[-97.2886,75.5194],[-97.2498,75.5006],[-97.2017,75.5344]]],[[[-91.0854,69.6372],[-91.1654,69.6175],[-91.0823,69.6186],[-91.0854,69.6372]]],[[[-67.1082,66.0204],[-67.1048,66.0006],[-67.0021,65.9974],[-67.1082,66.0204]]],[[[-112.1811,68.1798],[-112.0803,68.1705],[-112.1229,68.186],[-112.1811,68.1798]]],[[[-113.5103,68.4769],[-113.5283,68.4584],[-113.4587,68.4653],[-113.5103,68.4769]]],[[[-66.8397,65.2866],[-66.8629,65.2334],[-66.8317,65.2501],[-66.8397,65.2866]]],[[[-82.1268,69.6568],[-82.2495,69.647],[-82.1087,69.649],[-82.1268,69.6568]]],[[[-79.7923,76.2359],[-79.8592,76.2069],[-79.7731,76.21],[-79.7923,76.2359]]],[[[-77.4002,63.6962],[-77.4491,63.6857],[-77.4186,63.6656],[-77.3707,63.6935],[-77.4002,63.6962]]],[[[-74.2779,65.5225],[-74.3102,65.5161],[-74.243,65.4932],[-74.2779,65.5225]]],[[[-90.3911,69.5385],[-90.4279,69.523],[-90.3426,69.5139],[-90.3967,69.5183],[-90.3911,69.5385]]],[[[-101.415,79.058],[-101.5179,79.0572],[-101.3058,79.0276],[-101.415,79.058]]],[[[-66.8745,65.4707],[-66.9104,65.4217],[-66.8915,65.4207],[-66.8745,65.4707]]],[[[-85.2245,69.0673],[-85.2464,69.0291],[-85.1872,69.0428],[-85.2245,69.0673]]],[[[-61.7747,66.2905],[-61.8225,66.273],[-61.7268,66.2756],[-61.7747,66.2905]]],[[[-91.6351,62.6406],[-91.6653,62.6374],[-91.5656,62.6066],[-91.6351,62.6406]]],[[[-67.4763,66.312],[-67.5121,66.3018],[-67.4279,66.2842],[-67.4763,66.312]]],[[[-62.0856,65.9854],[-62.1303,65.9701],[-62.059,65.9673],[-62.0856,65.9854]]],[[[-72.7136,63.9151],[-72.7726,63.89],[-72.6903,63.8953],[-72.7136,63.9151]]],[[[-64.086,63.5121],[-64.1171,63.5085],[-64.0656,63.4835],[-64.086,63.5121]]],[[[-73.0186,64.0587],[-73.0723,64.0594],[-73.049,64.0327],[-73.0128,64.0372],[-73.0186,64.0587]]],[[[-71.4499,63.0882],[-71.513,63.0942],[-71.4429,63.0624],[-71.4499,63.0882]]],[[[-109.0715,67.7594],[-109.0914,67.7528],[-109.0631,67.7387],[-109.1065,67.7494],[-109.022,67.7382],[-109.0715,67.7594]]],[[[-89.9381,69.1354],[-89.9814,69.1334],[-89.8938,69.1031],[-89.9381,69.1354]]],[[[-91.3574,69.8474],[-91.3797,69.805],[-91.3098,69.8291],[-91.3556,69.8235],[-91.3574,69.8474]]],[[[-90.9858,69.5716],[-91.0685,69.547],[-90.9962,69.5495],[-90.9858,69.5716]]],[[[-95.6359,69.3215],[-95.6188,69.2901],[-95.5682,69.3054],[-95.6359,69.3215]]],[[[-88.651,56.7764],[-88.6789,56.7728],[-88.6062,56.7256],[-88.651,56.7764]]],[[[-113.8944,67.8353],[-113.9093,67.8312],[-113.7529,67.8266],[-113.8944,67.8353]]],[[[-85.4048,69.0116],[-85.4025,68.9942],[-85.3381,68.9888],[-85.4048,69.0116]]],[[[-66.2085,68.1393],[-66.2426,68.1396],[-66.2537,68.1056],[-66.2126,68.1007],[-66.2085,68.1393]]],[[[-80.5463,59.1105],[-80.5929,59.0914],[-80.5411,59.0843],[-80.5463,59.1105]]],[[[-100.5104,67.8755],[-100.531,67.8611],[-100.4524,67.8716],[-100.5104,67.8755]]],[[[-114.7006,68.778],[-114.7166,68.779],[-114.5921,68.7558],[-114.7006,68.778]]],[[[-72.1045,63.7125],[-72.1472,63.7001],[-72.1365,63.6746],[-72.1045,63.7125]]],[[[-111.727,68.2289],[-111.826,68.2078],[-111.7231,68.2062],[-111.727,68.2289]]],[[[-105.4099,68.6689],[-105.4309,68.6669],[-105.3419,68.6287],[-105.3357,68.6517],[-105.4099,68.6689]]],[[[-79.8366,59.96],[-79.8818,59.9447],[-79.9042,59.9027],[-79.8366,59.96]]],[[[-69.8735,60.8493],[-69.9261,60.835],[-69.8978,60.8229],[-69.8735,60.8493]]],[[[-111.6196,67.7724],[-111.5716,67.7473],[-111.521,67.7641],[-111.6196,67.7724]]],[[[-71.7016,63.2636],[-71.7774,63.2612],[-71.6693,63.2555],[-71.7016,63.2636]]],[[[-79.1972,52.0006],[-79.2026,52.0162],[-79.2427,51.9902],[-79.1972,52.0006]]],[[[-95.5819,68.5163],[-95.7022,68.4712],[-95.6464,68.4708],[-95.5819,68.5163]]],[[[-67.7229,65.9319],[-67.7247,65.8926],[-67.6889,65.8918],[-67.7229,65.9319]]],[[[-111.843,68.2013],[-111.8661,68.1855],[-111.7665,68.1943],[-111.843,68.2013]]],[[[-62.5968,66.9767],[-62.5845,66.9911],[-62.6843,66.9701],[-62.5968,66.9767]]],[[[-79.1314,55.7673],[-79.2411,55.6734],[-79.1638,55.731],[-79.1314,55.7673]]],[[[-90.1464,68.2824],[-90.2233,68.2552],[-90.1612,68.2594],[-90.1464,68.2824]]],[[[-114.2862,67.8346],[-114.256,67.7932],[-114.2125,67.8049],[-114.2862,67.8346]]],[[[-109.0446,67.8774],[-109.0721,67.8651],[-108.9903,67.8425],[-109.0446,67.8774]]],[[[-109.6989,67.8961],[-109.6758,67.8692],[-109.711,67.8462],[-109.637,67.8828],[-109.6989,67.8961]]],[[[-90.7491,69.2002],[-90.7384,69.1802],[-90.6752,69.1879],[-90.7491,69.2002]]],[[[-109.0521,67.854],[-109.1005,67.8368],[-109.0222,67.8287],[-109.0521,67.854]]],[[[-84.6206,65.5465],[-84.6889,65.5301],[-84.6243,65.5197],[-84.6206,65.5465]]],[[[-78.0112,56.3076],[-78.081,56.2899],[-78.0078,56.2874],[-78.0112,56.3076]]],[[[-85.1912,68.7971],[-85.0708,68.7745],[-85.1105,68.7918],[-85.1912,68.7971]]],[[[-109.3078,68.1906],[-109.2902,68.1629],[-109.2437,68.164],[-109.3078,68.1906]]],[[[-91.9003,81.5134],[-91.9745,81.5116],[-91.7754,81.4895],[-91.9003,81.5134]]],[[[-78.0006,62.405],[-78.0632,62.4],[-78.0673,62.3711],[-78.0006,62.405]]],[[[-66.2904,66.176],[-66.3146,66.1546],[-66.2362,66.1433],[-66.2904,66.176]]],[[[-66.8046,65.4169],[-66.8477,65.4161],[-66.8366,65.3871],[-66.7884,65.3836],[-66.8046,65.4169]]],[[[-97.6289,75.0325],[-97.6851,75.0175],[-97.5761,75.0189],[-97.6289,75.0325]]],[[[-72.6882,63.933],[-72.681,63.8942],[-72.6443,63.9007],[-72.6882,63.933]]],[[[-66.666,65.1205],[-66.6706,65.1009],[-66.5921,65.0941],[-66.666,65.1205]]],[[[-96.6653,71.2914],[-96.7151,71.2677],[-96.6692,71.2537],[-96.6653,71.2914]]],[[[-91.1878,69.6527],[-91.2185,69.619],[-91.1339,69.6426],[-91.1878,69.6527]]],[[[-79.3013,69.7812],[-79.3299,69.7543],[-79.3118,69.7343],[-79.2456,69.7567],[-79.3013,69.7812]]],[[[-108.5836,67.9033],[-108.6541,67.865],[-108.564,67.899],[-108.5836,67.9033]]],[[[-98.8955,68.0968],[-98.808,68.0539],[-98.8006,68.0771],[-98.8955,68.0968]]],[[[-67.8626,68.8857],[-67.9177,68.8639],[-67.8548,68.856],[-67.8626,68.8857]]],[[[-63.9675,63.5824],[-64.0099,63.5695],[-63.9368,63.5513],[-63.9823,63.5618],[-63.9495,63.5685],[-63.9675,63.5824]]],[[[-66.8711,65.2822],[-66.9071,65.2527],[-66.8775,65.2181],[-66.8711,65.2822]]],[[[-91.0488,69.2641],[-91.0695,69.2555],[-91.035,69.2338],[-90.9788,69.2425],[-91.0488,69.2641]]],[[[-76.5052,64.1501],[-76.5891,64.1435],[-76.5351,64.1319],[-76.5052,64.1501]]],[[[-74.6051,72.1738],[-74.7014,72.153],[-74.5842,72.1688],[-74.6051,72.1738]]],[[[-74.7374,64.7595],[-74.7873,64.7532],[-74.7198,64.721],[-74.7374,64.7595]]],[[[-64.8433,67.8755],[-64.9048,67.8601],[-64.8206,67.8654],[-64.8433,67.8755]]],[[[-99.9802,75.6408],[-100.0851,75.6053],[-99.9675,75.6083],[-99.9802,75.6408]]],[[[-72.262,63.8095],[-72.3179,63.7899],[-72.283,63.7786],[-72.262,63.8095]]],[[[-71.9156,63.6338],[-71.9979,63.6379],[-71.9464,63.6031],[-71.9156,63.6338]]],[[[-96.0835,67.6892],[-96.1235,67.633],[-96.0669,67.6629],[-96.0939,67.6659],[-96.0835,67.6892]]],[[[-78.0654,58.3657],[-78.0855,58.3628],[-77.9887,58.3355],[-78.0654,58.3657]]],[[[-67.043,65.309],[-67.074,65.2655],[-67.044,65.2625],[-67.043,65.309]]],[[[-80.1388,69.9984],[-80.1081,69.9698],[-80.0547,69.9819],[-80.1388,69.9984]]],[[[-97.8406,68.4163],[-97.8616,68.4125],[-97.7308,68.3786],[-97.8406,68.4163]]],[[[-111.7514,67.7667],[-111.7835,67.7572],[-111.6376,67.744],[-111.7514,67.7667]]],[[[-67.3088,65.8246],[-67.3578,65.8228],[-67.2686,65.7896],[-67.3035,65.7928],[-67.2769,65.8036],[-67.3088,65.8246]]],[[[-85.4234,69.0766],[-85.4703,69.0675],[-85.3707,69.0494],[-85.4234,69.0766]]],[[[-67.6641,65.7824],[-67.7331,65.7766],[-67.6646,65.7525],[-67.6253,65.7742],[-67.6641,65.7824]]],[[[-84.899,69.0717],[-84.9562,69.0587],[-84.8541,69.0623],[-84.899,69.0717]]],[[[-86.7661,81.0902],[-86.913,81.0571],[-86.7324,81.0872],[-86.7661,81.0902]]],[[[-82.4073,69.4695],[-82.4895,69.4709],[-82.2695,69.4432],[-82.4073,69.4695]]],[[[-67.6408,66.4207],[-67.674,66.4087],[-67.5737,66.3953],[-67.6408,66.4207]]],[[[-64.5818,60.6882],[-64.6331,60.6697],[-64.589,60.658],[-64.5818,60.6882]]],[[[-66.7998,65.2135],[-66.8367,65.1974],[-66.8316,65.1648],[-66.7861,65.1878],[-66.7998,65.2135]]],[[[-96.3735,76.5627],[-96.356,76.6108],[-96.4332,76.5643],[-96.3735,76.5627]]],[[[-85.1267,68.9152],[-85.1688,68.9114],[-85.0591,68.8967],[-85.1267,68.9152]]],[[[-96.0737,67.3932],[-96.1214,67.3561],[-96.0574,67.3667],[-96.0737,67.3932]]],[[[-96.1403,74.7337],[-96.252,74.7299],[-96.1905,74.7131],[-96.1403,74.7337]]],[[[-113.3006,68.2486],[-113.3591,68.2367],[-113.2985,68.2188],[-113.2638,68.2422],[-113.3006,68.2486]]],[[[-100.2885,70.7499],[-100.3801,70.7293],[-100.2858,70.732],[-100.2885,70.7499]]],[[[-92.6481,69.7466],[-92.7327,69.7166],[-92.6098,69.7305],[-92.6481,69.7466]]],[[[-94.4683,79.2563],[-94.5714,79.2469],[-94.3814,79.2537],[-94.4683,79.2563]]],[[[-65.7848,65.7706],[-65.8584,65.7672],[-65.801,65.7495],[-65.7848,65.7706]]],[[[-95.8557,77.2327],[-95.9626,77.2139],[-95.8175,77.2156],[-95.8557,77.2327]]],[[[-93.4554,61.839],[-93.4359,61.8184],[-93.5206,61.8378],[-93.3453,61.8095],[-93.4554,61.839]]],[[[-97.1488,76.5691],[-97.1253,76.6222],[-97.1693,76.6073],[-97.1808,76.5691],[-97.1488,76.5691]]],[[[-67.8131,63.281],[-67.8968,63.2857],[-67.8778,63.2591],[-67.7861,63.2672],[-67.8131,63.281]]],[[[-102.8811,69.5143],[-102.9054,69.5043],[-102.8746,69.473],[-102.8337,69.4897],[-102.8811,69.5143]]],[[[-73.2337,64.0926],[-73.3214,64.0891],[-73.2103,64.0741],[-73.2337,64.0926]]],[[[-108.0268,67.8699],[-108.0994,67.8195],[-108.0268,67.8448],[-108.0268,67.8699]]],[[[-67.1536,65.5152],[-67.2022,65.4891],[-67.1224,65.4836],[-67.1726,65.4971],[-67.1536,65.5152]]],[[[-63.928,67.3196],[-64.0138,67.3102],[-63.901,67.3018],[-63.928,67.3196]]],[[[-80.5724,59.367],[-80.5805,59.307],[-80.5524,59.3584],[-80.5724,59.367]]],[[[-92.5107,62.1651],[-92.5285,62.1531],[-92.4505,62.1384],[-92.5107,62.1651]]],[[[-103.8673,77.0912],[-103.937,77.0797],[-103.8021,77.0771],[-103.8673,77.0912]]],[[[-73.0817,62.2668],[-73.1417,62.2611],[-73.0986,62.2406],[-73.0597,62.2607],[-73.0817,62.2668]]],[[[-90.0129,68.9271],[-90.0515,68.8741],[-89.969,68.9159],[-90.0129,68.9271]]],[[[-97.179,73.3177],[-97.2305,73.3021],[-97.1268,73.3003],[-97.179,73.3177]]],[[[-95.3941,69.5863],[-95.3883,69.5512],[-95.3175,69.5517],[-95.3941,69.5863]]],[[[-74.2533,64.4056],[-74.2963,64.383],[-74.2063,64.3808],[-74.2533,64.4056]]],[[[-83.7421,66.1407],[-83.7967,66.1204],[-83.7485,66.1115],[-83.7421,66.1407]]],[[[-113.8546,67.8941],[-113.8843,67.8762],[-113.7543,67.8875],[-113.8546,67.8941]]],[[[-108.9534,72.752],[-109.0883,72.7345],[-108.9346,72.739],[-108.9534,72.752]]],[[[-95.7901,77.1639],[-95.9135,77.153],[-95.6913,77.1577],[-95.7901,77.1639]]],[[[-73.5769,64.2123],[-73.6231,64.2175],[-73.6056,64.1941],[-73.6542,64.1803],[-73.5894,64.1789],[-73.5769,64.2123]]],[[[-92.0041,62.8344],[-92.0213,62.8243],[-91.8951,62.8174],[-92.0041,62.8344]]],[[[-81.0985,54.3769],[-81.0994,54.3256],[-81.078,54.3505],[-81.0985,54.3769]]],[[[-62.452,67.0727],[-62.5111,67.0458],[-62.4556,67.0446],[-62.452,67.0727]]],[[[-66.4989,68.3455],[-66.528,68.3277],[-66.4439,68.3214],[-66.4989,68.3455]]],[[[-64.5633,60.5968],[-64.6193,60.5664],[-64.5409,60.5848],[-64.5633,60.5968]]],[[[-89.016,65.4152],[-89.1026,65.401],[-88.9679,65.3894],[-89.016,65.4152]]],[[[-90.765,69.247],[-90.8431,69.2225],[-90.7322,69.2466],[-90.765,69.247]]],[[[-99.1229,68.4673],[-98.9874,68.3873],[-99.0029,68.4289],[-99.1229,68.4673]]],[[[-68.56,70.2147],[-68.6291,70.2107],[-68.557,70.1784],[-68.56,70.2147]]],[[[-61.506,66.4931],[-61.543,66.4931],[-61.4701,66.4627],[-61.506,66.4931]]],[[[-99.8875,69.1362],[-99.9144,69.0982],[-99.8348,69.1051],[-99.8875,69.1362]]],[[[-97.9775,68.4416],[-97.924,68.4145],[-97.9785,68.4115],[-97.8754,68.4014],[-97.9775,68.4416]]],[[[-82.269,68.7131],[-82.2642,68.6904],[-82.1061,68.6697],[-82.269,68.7131]]],[[[-73.7948,68.5549],[-73.8507,68.5229],[-73.7993,68.5196],[-73.7948,68.5549]]],[[[-64.8394,65.4017],[-64.9317,65.3765],[-64.841,65.385],[-64.8394,65.4017]]],[[[-68.7003,63.6144],[-68.7629,63.5953],[-68.6975,63.5808],[-68.7226,63.5956],[-68.7003,63.6144]]],[[[-61.8999,66.9907],[-61.9919,66.9833],[-61.9751,66.9574],[-61.8999,66.9907]]],[[[-72.5358,63.8319],[-72.6508,63.8081],[-72.5046,63.8205],[-72.5358,63.8319]]],[[[-108.4937,72.6005],[-108.514,72.5952],[-108.4914,72.564],[-108.42,72.5933],[-108.4937,72.6005]]],[[[-67.3802,65.7699],[-67.4643,65.7737],[-67.449,65.7495],[-67.3501,65.7609],[-67.3802,65.7699]]],[[[-85.6017,72.25],[-85.7,72.2429],[-85.6591,72.2136],[-85.5864,72.2351],[-85.6017,72.25]]],[[[-108.4233,68.0931],[-108.5142,68.0452],[-108.4841,68.0329],[-108.4233,68.0931]]],[[[-113.1566,67.9159],[-113.1673,67.9126],[-112.8422,67.933],[-113.1566,67.9159]]],[[[-91.4056,69.8239],[-91.4516,69.8021],[-91.3578,69.8001],[-91.4056,69.8239]]],[[[-62.9979,65.2961],[-63.06,65.267],[-63.0038,65.2587],[-62.9979,65.2961]]],[[[-76.6654,56.9907],[-76.6959,56.987],[-76.6966,56.9532],[-76.6624,56.9583],[-76.6654,56.9907]]],[[[-108.7141,72.6175],[-108.7798,72.6069],[-108.652,72.6037],[-108.7141,72.6175]]],[[[-64.3026,62.4592],[-64.377,62.4401],[-64.3105,62.4372],[-64.3026,62.4592]]],[[[-64.682,60.5013],[-64.7663,60.4987],[-64.6917,60.4792],[-64.682,60.5013]]],[[[-78.7467,76.9782],[-78.8477,76.9619],[-78.7804,76.9325],[-78.7927,76.9041],[-78.7467,76.9782]]],[[[-108.5922,68.2457],[-108.6314,68.2128],[-108.588,68.1892],[-108.5628,68.2206],[-108.5922,68.2457]]],[[[-97.1288,76.5109],[-97.1877,76.4928],[-97.1893,76.4628],[-97.1713,76.4866],[-97.092,76.4786],[-97.1288,76.5109]]],[[[-114.3632,67.7944],[-114.4304,67.778],[-114.332,67.7753],[-114.3632,67.7944]]],[[[-81.4982,52.3099],[-81.5409,52.2987],[-81.4661,52.29],[-81.4982,52.3099]]],[[[-106.0735,68.4689],[-106.2538,68.4393],[-106.0534,68.4416],[-106.0735,68.4689]]],[[[-78.667,58.6313],[-78.7015,58.6291],[-78.5731,58.5739],[-78.667,58.6313]]],[[[-111.6403,68.3388],[-111.6572,68.3293],[-111.5311,68.3334],[-111.6403,68.3388]]],[[[-84.9829,69.0946],[-85.0444,69.0865],[-84.9334,69.0775],[-84.9829,69.0946]]],[[[-92.6934,62.0732],[-92.6452,62.0488],[-92.6919,62.0619],[-92.6835,62.0355],[-92.6298,62.0269],[-92.6533,62.0559],[-92.6266,62.0585],[-92.6934,62.0732]]],[[[-98.0728,68.4142],[-98.1115,68.4201],[-97.9483,68.3619],[-97.9798,68.3832],[-97.9553,68.3891],[-98.0728,68.4142]]],[[[-79.1431,55.7729],[-79.2682,55.6801],[-79.1892,55.7223],[-79.1431,55.7729]]],[[[-80.5819,72.1877],[-80.6129,72.1723],[-80.5257,72.1323],[-80.5819,72.1877]]],[[[-108.1231,66.8375],[-108.152,66.8398],[-108.135,66.8087],[-108.0745,66.822],[-108.1231,66.8375]]],[[[-85.7788,68.423],[-85.7737,68.3752],[-85.7344,68.3858],[-85.7788,68.423]]],[[[-64.0991,63.8458],[-64.1105,63.8149],[-64.1564,63.8267],[-64.1237,63.7895],[-64.0692,63.802],[-64.1061,63.8193],[-64.0991,63.8458]]],[[[-83.6089,65.9033],[-83.6391,65.8713],[-83.5665,65.8891],[-83.6089,65.9033]]],[[[-67.5396,68.8648],[-67.7007,68.8612],[-67.5129,68.8506],[-67.5396,68.8648]]],[[[-66.9949,66.431],[-67.0846,66.4208],[-67.0,66.4065],[-66.9949,66.431]]],[[[-64.918,64.1907],[-64.9843,64.1589],[-64.9185,64.1479],[-64.918,64.1907]]],[[[-67.1071,65.3516],[-67.1774,65.3392],[-67.0869,65.3173],[-67.1195,65.3309],[-67.1071,65.3516]]],[[[-97.2163,73.9031],[-97.2641,73.8788],[-97.1883,73.8679],[-97.1652,73.8977],[-97.2163,73.9031]]],[[[-89.8397,64.1055],[-89.8602,64.0944],[-89.8323,64.0662],[-89.7858,64.0652],[-89.8397,64.1055]]],[[[-92.8676,63.8724],[-92.8821,63.8566],[-92.8376,63.8373],[-92.797,63.8639],[-92.8676,63.8724]]],[[[-78.9271,58.8722],[-78.9417,58.8346],[-78.8787,58.8061],[-78.9271,58.8722]]],[[[-109.0,67.7884],[-109.0121,67.7556],[-108.9399,67.7558],[-109.0,67.7884]]],[[[-63.8808,67.4572],[-63.9418,67.457],[-63.8863,67.4073],[-63.8808,67.4572]]],[[[-82.4972,69.5676],[-82.5204,69.5495],[-82.4963,69.5294],[-82.4262,69.5434],[-82.4972,69.5676]]],[[[-83.8601,65.7016],[-83.9254,65.6756],[-83.8758,65.663],[-83.8601,65.7016]]],[[[-100.4186,69.0889],[-100.3117,69.0558],[-100.352,69.0918],[-100.4186,69.0889]]],[[[-67.3106,68.5609],[-67.3462,68.5493],[-67.2341,68.5377],[-67.3106,68.5609]]],[[[-92.066,70.5744],[-92.0943,70.5492],[-92.0031,70.5428],[-92.066,70.5744]]],[[[-100.8147,68.6274],[-100.8626,68.6224],[-100.7068,68.6017],[-100.8147,68.6274]]],[[[-90.3381,69.5809],[-90.3664,69.5379],[-90.2903,69.5468],[-90.3381,69.5809]]],[[[-67.5668,65.7747],[-67.6541,65.7468],[-67.5386,65.7541],[-67.5668,65.7747]]],[[[-98.6471,68.2243],[-98.6819,68.1846],[-98.6148,68.1781],[-98.6309,68.195],[-98.6009,68.2169],[-98.6471,68.2243]]],[[[-107.8766,67.9726],[-107.8704,67.9241],[-107.9066,67.9199],[-107.8331,67.9065],[-107.8673,67.9522],[-107.8421,67.9714],[-107.8766,67.9726]]],[[[-105.0543,68.5379],[-105.1162,68.5292],[-105.0113,68.5033],[-105.0543,68.5379]]],[[[-76.7304,56.2309],[-76.7792,56.2377],[-76.7471,56.2087],[-76.7742,56.193],[-76.7196,56.2109],[-76.7304,56.2309]]],[[[-67.5039,58.3953],[-67.5603,58.378],[-67.5177,58.3545],[-67.4876,58.3664],[-67.5039,58.3953]]],[[[-64.7569,62.8602],[-64.8362,62.8647],[-64.807,62.8311],[-64.7332,62.8452],[-64.7569,62.8602]]],[[[-114.4892,68.9067],[-114.3446,68.8757],[-114.3548,68.8932],[-114.4892,68.9067]]],[[[-87.3126,70.1781],[-87.3993,70.1696],[-87.2396,70.1629],[-87.3126,70.1781]]],[[[-62.4965,67.2171],[-62.4547,67.2318],[-62.6183,67.2004],[-62.4965,67.2171]]],[[[-76.6522,56.7643],[-76.6628,56.7332],[-76.6198,56.717],[-76.6522,56.7643]]],[[[-66.9566,65.4474],[-67.0217,65.4522],[-67.0347,65.4178],[-66.9672,65.4213],[-66.9566,65.4474]]],[[[-103.4569,70.6844],[-103.4831,70.6374],[-103.4365,70.6167],[-103.4166,70.6435],[-103.4569,70.6844]]],[[[-77.1498,55.7723],[-77.2206,55.7692],[-77.2372,55.7342],[-77.1498,55.7723]]],[[[-109.1167,68.2266],[-109.1459,68.2149],[-109.03,68.1945],[-109.1167,68.2266]]],[[[-79.1416,56.6054],[-79.1637,56.5915],[-79.1412,56.5728],[-79.1831,56.5677],[-79.1298,56.5464],[-79.1416,56.6054]]],[[[-99.0789,76.6782],[-99.1568,76.6697],[-98.9159,76.6514],[-99.0789,76.6782]]],[[[-73.1513,64.1954],[-73.1945,64.1796],[-73.1177,64.1544],[-73.1513,64.1954]]],[[[-72.2064,63.5807],[-72.2749,63.5781],[-72.2043,63.5493],[-72.1444,63.5622],[-72.2064,63.5807]]],[[[-83.9255,79.1111],[-83.9592,79.0681],[-83.7803,79.0791],[-83.9255,79.1111]]],[[[-83.5687,66.0863],[-83.6354,66.0416],[-83.5483,66.0474],[-83.5687,66.0863]]],[[[-78.6689,58.8076],[-78.7071,58.7754],[-78.6231,58.7898],[-78.6689,58.8076]]],[[[-94.8128,76.0911],[-94.7729,76.0847],[-94.808,76.0723],[-94.7992,76.0458],[-94.7222,76.0477],[-94.8128,76.0911]]],[[[-105.1188,68.3595],[-105.2067,68.3367],[-105.0825,68.3334],[-105.1188,68.3595]]],[[[-73.9429,64.3046],[-74.0163,64.2951],[-73.8801,64.2806],[-73.9429,64.3046]]],[[[-87.1796,68.2655],[-87.2108,68.2994],[-87.2413,68.2753],[-87.1796,68.2655]]],[[[-72.1403,63.5587],[-72.2175,63.5384],[-72.1393,63.5245],[-72.1403,63.5587]]],[[[-90.028,68.9889],[-90.1252,68.962],[-90.0481,68.9582],[-90.028,68.9889]]],[[[-65.0364,63.5562],[-65.0479,63.5288],[-64.9858,63.4997],[-65.0364,63.5562]]],[[[-81.4695,77.4515],[-81.5198,77.4419],[-81.5239,77.4122],[-81.4436,77.4087],[-81.415,77.438],[-81.4695,77.4515]]],[[[-82.3932,69.5003],[-82.431,69.4961],[-82.2662,69.4712],[-82.3932,69.5003]]],[[[-78.9534,52.1097],[-78.9956,52.0926],[-78.9233,52.0857],[-78.9534,52.1097]]],[[[-78.0128,64.0174],[-78.0515,64.0156],[-77.986,63.9593],[-78.0128,64.0174]]],[[[-83.5205,66.019],[-83.5783,65.9806],[-83.4798,66.0085],[-83.5205,66.019]]],[[[-79.5849,52.5812],[-79.6508,52.5353],[-79.5605,52.5441],[-79.5849,52.5812]]],[[[-82.6034,63.0331],[-82.7112,62.9924],[-82.7416,62.9673],[-82.6034,63.0331]]],[[[-68.7169,63.6585],[-68.8082,63.6485],[-68.7362,63.6493],[-68.7003,63.6169],[-68.7169,63.6585]]],[[[-99.2514,80.188],[-99.3638,80.1675],[-99.3238,80.1472],[-99.2686,80.1536],[-99.3116,80.1732],[-99.0879,80.1713],[-99.2514,80.188]]],[[[-73.4363,64.3667],[-73.4762,64.3551],[-73.4112,64.3249],[-73.3826,64.347],[-73.4363,64.3667]]],[[[-89.2298,81.888],[-89.4436,81.8727],[-89.2535,81.8503],[-89.2113,81.8761],[-89.2298,81.888]]],[[[-108.627,68.204],[-108.6601,68.1917],[-108.6174,68.1382],[-108.5964,68.1778],[-108.627,68.204]]],[[[-62.3497,67.0752],[-62.3797,67.0182],[-62.3143,67.0404],[-62.3497,67.0752]]],[[[-66.3433,66.2065],[-66.3849,66.1893],[-66.3208,66.156],[-66.2861,66.1812],[-66.3433,66.2065]]],[[[-71.4095,63.0254],[-71.4946,63.0253],[-71.3584,63.0028],[-71.4095,63.0254]]],[[[-70.003,62.5705],[-70.0712,62.5669],[-69.9496,62.5343],[-70.003,62.5705]]],[[[-65.0239,62.5239],[-65.1033,62.5105],[-65.0418,62.497],[-65.0239,62.5239]]],[[[-73.4981,71.4721],[-73.5338,71.4751],[-73.5697,71.428],[-73.4983,71.4356],[-73.4739,71.4579],[-73.4981,71.4721]]],[[[-65.0053,64.4986],[-65.0337,64.4998],[-65.0262,64.4613],[-64.9572,64.4647],[-65.0053,64.4986]]],[[[-65.3028,61.7235],[-65.3688,61.7083],[-65.3773,61.6801],[-65.3015,61.6934],[-65.3028,61.7235]]],[[[-68.6618,63.664],[-68.7076,63.6629],[-68.6962,63.6217],[-68.6388,63.6184],[-68.6618,63.664]]],[[[-80.5143,59.6963],[-80.5956,59.6612],[-80.553,59.6479],[-80.5143,59.6963]]],[[[-73.1422,64.1354],[-73.2118,64.128],[-73.104,64.1054],[-73.1422,64.1354]]],[[[-108.1254,67.4234],[-108.1188,67.401],[-108.002,67.3711],[-108.1254,67.4234]]],[[[-71.5007,61.3274],[-71.5799,61.3064],[-71.4977,61.2999],[-71.5007,61.3274]]],[[[-91.011,63.5044],[-91.0967,63.4983],[-90.9926,63.4775],[-91.011,63.5044]]],[[[-79.1961,51.7709],[-79.294,51.7456],[-79.183,51.7674],[-79.1961,51.7709]]],[[[-66.9248,65.2755],[-67.0237,65.2722],[-67.0416,65.2463],[-66.9589,65.2423],[-66.9248,65.2755]]],[[[-74.3715,71.744],[-74.5309,71.7375],[-74.5129,71.7118],[-74.4245,71.7097],[-74.3715,71.744]]],[[[-111.0695,68.459],[-111.1297,68.4456],[-111.073,68.4131],[-111.0406,68.4446],[-111.0695,68.459]]],[[[-65.9497,58.974],[-66.0529,58.9655],[-66.0101,58.9454],[-65.9497,58.974]]],[[[-71.5583,63.5587],[-71.5975,63.5211],[-71.5146,63.534],[-71.5583,63.5587]]],[[[-91.4659,69.8537],[-91.5091,69.8264],[-91.4524,69.8139],[-91.4091,69.8465],[-91.4659,69.8537]]],[[[-64.1843,63.939],[-64.254,63.9051],[-64.2068,63.8792],[-64.1388,63.9073],[-64.2073,63.8958],[-64.1843,63.939]]],[[[-74.476,64.4048],[-74.5792,64.4084],[-74.4546,64.3869],[-74.476,64.4048]]],[[[-77.6564,58.2275],[-77.6875,58.2283],[-77.5322,58.1724],[-77.6564,58.2275]]],[[[-67.5412,62.1648],[-67.6074,62.1458],[-67.4966,62.1304],[-67.5412,62.1648]]],[[[-77.9377,70.0278],[-77.9957,70.0261],[-78.0289,69.9838],[-77.9361,69.9833],[-77.9666,70.0113],[-77.9377,70.0278]]],[[[-91.503,63.6815],[-91.536,63.6744],[-91.5287,63.6423],[-91.467,63.6546],[-91.503,63.6815]]],[[[-62.0845,66.2957],[-62.1345,66.2932],[-62.0783,66.2471],[-62.0406,66.2661],[-62.0845,66.2957]]],[[[-90.731,69.5485],[-90.8172,69.523],[-90.7596,69.5336],[-90.8104,69.514],[-90.7763,69.4993],[-90.6949,69.5482],[-90.731,69.5485]]],[[[-82.9811,55.2754],[-83.0344,55.2693],[-82.9347,55.2487],[-82.9811,55.2754]]],[[[-96.8965,76.9569],[-96.914,76.9877],[-97.1066,76.9576],[-96.9518,76.9478],[-96.9662,76.9339],[-96.8965,76.9569]]],[[[-67.1756,65.9878],[-67.2069,65.9842],[-67.1993,65.9511],[-67.1363,65.9195],[-67.1756,65.9878]]],[[[-110.5772,68.6061],[-110.4851,68.5603],[-110.4186,68.58],[-110.5772,68.6061]]],[[[-84.5492,66.3502],[-84.6018,66.3384],[-84.5102,66.3235],[-84.5492,66.3502]]],[[[-64.1292,62.5381],[-64.2801,62.5495],[-64.1124,62.5229],[-64.1292,62.5381]]],[[[-80.462,59.4888],[-80.4883,59.4793],[-80.4658,59.4697],[-80.4908,59.3887],[-80.4421,59.4839],[-80.462,59.4888]]],[[[-78.1014,60.7844],[-78.184,60.765],[-78.0718,60.7771],[-78.1014,60.7844]]],[[[-109.0719,67.9033],[-108.8979,67.8495],[-108.897,67.8674],[-109.0719,67.9033]]],[[[-96.8431,71.6891],[-96.9431,71.6743],[-96.8205,71.6561],[-96.7796,71.6779],[-96.8431,71.6891]]],[[[-73.2229,64.2706],[-73.2343,64.2343],[-73.1465,64.2436],[-73.2229,64.2706]]],[[[-65.8681,62.0613],[-65.9238,62.0544],[-65.895,62.0205],[-65.8907,62.0441],[-65.8482,62.0255],[-65.8681,62.0613]]],[[[-65.4929,68.152],[-65.5801,68.1481],[-65.5267,68.1097],[-65.4929,68.152]]],[[[-85.015,66.0825],[-85.1016,66.0549],[-85.0041,66.0572],[-85.015,66.0825]]],[[[-100.1529,70.4382],[-100.1895,70.4143],[-100.1447,70.3762],[-100.1042,70.4099],[-100.1529,70.4382]]],[[[-67.9306,63.3997],[-67.9667,63.3918],[-67.8801,63.359],[-67.9306,63.3997]]],[[[-113.9871,67.9636],[-113.7901,67.9599],[-113.7053,67.9768],[-113.9871,67.9636]]],[[[-88.4289,65.4833],[-88.4966,65.4783],[-88.3706,65.4642],[-88.4289,65.4833]]],[[[-97.2367,69.9025],[-97.3051,69.8664],[-97.2188,69.8661],[-97.2367,69.9025]]],[[[-76.7651,77.9092],[-76.8544,77.892],[-76.7537,77.8715],[-76.6415,77.8966],[-76.7651,77.9092]]],[[[-78.6918,58.6902],[-78.7155,58.6894],[-78.702,58.6508],[-78.63,58.6307],[-78.6918,58.6902]]],[[[-67.1744,65.6019],[-67.2524,65.5635],[-67.2031,65.5457],[-67.1743,65.5868],[-67.2023,65.5949],[-67.1744,65.6019]]],[[[-72.7673,63.9551],[-72.9678,63.959],[-72.8275,63.9309],[-72.7475,63.9442],[-72.7881,63.9489],[-72.7673,63.9551]]],[[[-94.2911,76.9709],[-94.4176,76.9367],[-94.2415,76.9339],[-94.2911,76.9709]]],[[[-80.3682,59.7136],[-80.4255,59.6955],[-80.4593,59.6452],[-80.3682,59.7136]]],[[[-67.4579,63.3496],[-67.481,63.3414],[-67.4317,63.2822],[-67.378,63.287],[-67.4579,63.3496]]],[[[-79.0113,72.3467],[-79.0368,72.3427],[-78.8833,72.2798],[-79.0113,72.3467]]],[[[-90.8369,70.1978],[-90.8343,70.1552],[-90.7367,70.1623],[-90.8369,70.1978]]],[[[-64.7085,67.9229],[-64.8278,67.8958],[-64.6747,67.9037],[-64.7085,67.9229]]],[[[-72.2447,63.8544],[-72.3581,63.8072],[-72.2747,63.8156],[-72.2447,63.8544]]],[[[-62.4607,65.6402],[-62.4913,65.6331],[-62.4918,65.5964],[-62.4282,65.5916],[-62.4499,65.6008],[-62.4208,65.6181],[-62.4607,65.6402]]],[[[-77.7932,58.2733],[-77.8178,58.2689],[-77.69,58.2301],[-77.7932,58.2733]]],[[[-67.5341,66.3459],[-67.6038,66.3373],[-67.5486,66.3097],[-67.4938,66.3343],[-67.5341,66.3459]]],[[[-66.6751,68.4066],[-66.7792,68.399],[-66.6292,68.3914],[-66.6751,68.4066]]],[[[-63.8743,67.3772],[-63.9065,67.3668],[-63.8582,67.3228],[-63.8327,67.3573],[-63.8743,67.3772]]],[[[-76.7421,57.2701],[-76.7849,57.2666],[-76.716,57.2079],[-76.7421,57.2701]]],[[[-87.6122,71.058],[-87.6483,71.0483],[-87.6428,71.0247],[-87.5098,71.0292],[-87.6122,71.058]]],[[[-63.2304,65.563],[-63.2699,65.55],[-63.127,65.5246],[-63.2304,65.563]]],[[[-64.6933,64.2542],[-64.7604,64.2356],[-64.6536,64.2057],[-64.6933,64.2542]]],[[[-76.9043,57.584],[-76.8754,57.4993],[-76.8661,57.5495],[-76.9043,57.584]]],[[[-77.4783,56.446],[-77.5355,56.3765],[-77.4998,56.3782],[-77.4783,56.446]]],[[[-114.2608,67.9555],[-114.1645,67.941],[-114.0834,67.9643],[-114.2608,67.9555]]],[[[-107.3713,66.9987],[-107.2752,66.9577],[-107.2848,66.9367],[-107.2154,66.9322],[-107.3713,66.9987]]],[[[-66.9659,65.9943],[-67.0479,65.9895],[-66.9247,65.956],[-66.9659,65.9943]]],[[[-72.4386,62.0463],[-72.4723,62.0303],[-72.3331,62.0088],[-72.4386,62.0463]]],[[[-98.2618,74.766],[-98.3512,74.754],[-98.2963,74.7329],[-98.1259,74.7533],[-98.2618,74.766]]],[[[-76.6502,56.4747],[-76.6878,56.4537],[-76.6773,56.4299],[-76.6303,56.4329],[-76.6502,56.4747]]],[[[-64.325,62.5614],[-64.3716,62.5406],[-64.2971,62.5105],[-64.3299,62.5162],[-64.2755,62.5327],[-64.325,62.5614]]],[[[-85.7319,72.2318],[-85.7938,72.1991],[-85.6449,72.2058],[-85.7319,72.2318]]],[[[-109.3139,72.8356],[-109.3878,72.8273],[-109.2121,72.7942],[-109.1655,72.8123],[-109.3139,72.8356]]],[[[-65.7799,65.7379],[-65.8593,65.7103],[-65.8038,65.6769],[-65.7701,65.7056],[-65.7799,65.7379]]],[[[-71.0449,62.821],[-71.1499,62.8167],[-71.1136,62.7931],[-71.0153,62.8049],[-71.0449,62.821]]],[[[-102.638,68.8595],[-102.7025,68.833],[-102.5935,68.8191],[-102.5965,68.8537],[-102.638,68.8595]]],[[[-78.4352,57.3766],[-78.5259,57.356],[-78.4114,57.3632],[-78.4352,57.3766]]],[[[-85.1243,69.0622],[-85.154,69.0368],[-85.1172,69.0141],[-85.0378,69.041],[-85.1243,69.0622]]],[[[-79.2364,51.9603],[-79.2915,51.9644],[-79.3226,51.9318],[-79.2364,51.9603]]],[[[-84.8516,68.82],[-84.93,68.7966],[-84.7895,68.7693],[-84.8338,68.7764],[-84.8075,68.7999],[-84.8516,68.82]]],[[[-100.6042,72.8095],[-100.6274,72.8048],[-100.614,72.7818],[-100.428,72.7756],[-100.6042,72.8095]]],[[[-78.7397,56.6761],[-78.859,56.6738],[-78.7839,56.6524],[-78.7397,56.6761]]],[[[-62.4382,65.5789],[-62.5195,65.5725],[-62.5072,65.5244],[-62.4382,65.5789]]],[[[-96.2392,67.6331],[-96.2673,67.6012],[-96.2208,67.5833],[-96.1255,67.6073],[-96.2392,67.6331]]],[[[-67.3537,65.75],[-67.4596,65.7457],[-67.4056,65.7114],[-67.3535,65.722],[-67.3537,65.75]]],[[[-96.8036,69.5957],[-96.8518,69.6091],[-96.8594,69.5811],[-96.7288,69.554],[-96.8036,69.5957]]],[[[-68.109,63.2862],[-68.0863,63.2403],[-67.9974,63.2061],[-68.109,63.2862]]],[[[-107.4832,68.1878],[-107.5509,68.1724],[-107.4754,68.1455],[-107.4252,68.1673],[-107.4832,68.1878]]],[[[-91.0555,69.689],[-91.1643,69.681],[-91.0649,69.6459],[-91.0555,69.689]]],[[[-90.6567,69.1783],[-90.7748,69.1699],[-90.6836,69.1365],[-90.6311,69.1573],[-90.6567,69.1783]]],[[[-107.3888,68.2215],[-107.4222,68.2012],[-107.3594,68.184],[-107.2656,68.2117],[-107.3888,68.2215]]],[[[-64.7124,61.388],[-64.793,61.3189],[-64.7387,61.3295],[-64.7124,61.388]]],[[[-67.9689,65.9108],[-68.0602,65.8821],[-68.0115,65.8734],[-68.0842,65.8736],[-67.9255,65.8865],[-67.9689,65.9108]]],[[[-84.9457,72.3656],[-85.049,72.3497],[-85.0007,72.3296],[-84.8295,72.3544],[-84.9457,72.3656]]],[[[-63.331,65.3508],[-63.4546,65.351],[-63.3132,65.3317],[-63.331,65.3508]]],[[[-74.6395,69.2313],[-74.7527,69.2195],[-74.7129,69.2044],[-74.7168,69.1771],[-74.6395,69.2313]]],[[[-73.5726,64.115],[-73.7526,64.0999],[-73.672,64.0747],[-73.5726,64.115]]],[[[-78.9859,52.1097],[-79.1097,52.0982],[-79.0112,52.0928],[-78.9859,52.1097]]],[[[-63.981,65.0883],[-64.0069,65.0852],[-64.0076,65.0405],[-63.9258,65.0541],[-63.981,65.0883]]],[[[-103.4078,70.7398],[-103.4283,70.7443],[-103.3711,70.6972],[-103.3131,70.7055],[-103.3265,70.735],[-103.4078,70.7398]]],[[[-68.0124,63.5278],[-68.0416,63.5064],[-68.0219,63.4767],[-67.9698,63.4962],[-68.0124,63.5278]]],[[[-90.042,69.1311],[-90.0691,69.1224],[-90.0613,69.0943],[-89.9835,69.0708],[-90.042,69.1311]]],[[[-91.1846,63.5389],[-91.2687,63.5253],[-91.2155,63.4874],[-91.1915,63.5005],[-91.2345,63.508],[-91.1371,63.5074],[-91.1846,63.5389]]],[[[-67.5206,68.828],[-67.6895,68.8121],[-67.5049,68.8111],[-67.5206,68.828]]],[[[-64.6418,60.6752],[-64.7582,60.6146],[-64.7262,60.6072],[-64.6418,60.6752]]],[[[-66.8693,68.3028],[-66.9698,68.3149],[-66.7864,68.2663],[-66.8693,68.3028]]],[[[-79.7047,56.9518],[-79.7163,56.9232],[-79.6443,56.8477],[-79.7047,56.9518]]],[[[-84.654,66.1817],[-84.632,66.1405],[-84.5463,66.1391],[-84.654,66.1817]]],[[[-78.1169,58.4023],[-78.2074,58.4038],[-78.0685,58.37],[-78.1169,58.4023]]],[[[-110.2915,68.0562],[-110.4423,68.0289],[-110.3023,68.0132],[-110.2621,68.0413],[-110.2915,68.0562]]],[[[-78.0291,69.8938],[-78.0821,69.9316],[-78.1055,69.8434],[-78.0603,69.8443],[-78.0677,69.879],[-78.0291,69.8938]]],[[[-67.9205,68.9399],[-67.8775,68.9488],[-67.9686,68.9346],[-67.9052,68.8905],[-67.8404,68.9094],[-67.9229,68.9112],[-67.9205,68.9399]]],[[[-64.8024,64.2407],[-64.8634,64.2364],[-64.799,64.1981],[-64.7063,64.1939],[-64.7845,64.2333],[-64.825,64.2222],[-64.8024,64.2407]]],[[[-114.1948,68.6829],[-114.0828,68.6212],[-113.9885,68.6104],[-114.1948,68.6829]]],[[[-71.1426,62.9562],[-71.1772,62.9477],[-70.9879,62.9133],[-71.1426,62.9562]]],[[[-67.5674,68.9103],[-67.7908,68.9025],[-67.743,68.8841],[-67.5674,68.9103]]],[[[-80.0125,70.0014],[-80.0572,69.9751],[-80.0011,69.9642],[-80.0334,69.9472],[-79.914,69.9847],[-80.0125,70.0014]]],[[[-83.9862,66.7837],[-84.0038,66.7414],[-84.0449,66.7345],[-84.009,66.7388],[-84.0362,66.7046],[-83.9631,66.7389],[-83.9511,66.7798],[-83.9862,66.7837]]],[[[-77.8403,56.3269],[-77.9539,56.3149],[-77.9855,56.2825],[-77.8403,56.3269]]],[[[-112.8781,68.1709],[-112.8969,68.1493],[-112.8667,68.1398],[-112.7241,68.1507],[-112.8781,68.1709]]],[[[-84.8564,71.4082],[-84.9128,71.3583],[-84.83,71.347],[-84.7955,71.3864],[-84.8564,71.4082]]],[[[-114.2425,67.9024],[-114.2699,67.8946],[-113.8806,67.8813],[-114.2425,67.9024]]],[[[-108.5352,67.9287],[-108.5719,67.9145],[-108.4327,67.8881],[-108.3416,67.9041],[-108.3495,67.927],[-108.3762,67.8946],[-108.5352,67.9287]]],[[[-67.6621,65.8291],[-67.6904,65.8274],[-67.6729,65.7954],[-67.7326,65.797],[-67.5898,65.7926],[-67.6621,65.8291]]],[[[-108.5168,72.6551],[-108.5993,72.6324],[-108.5065,72.6023],[-108.4481,72.634],[-108.5168,72.6551]]],[[[-78.8258,56.1141],[-78.9016,56.0635],[-78.9415,56.0763],[-78.9374,56.0513],[-78.7844,56.1025],[-78.8213,56.09],[-78.8258,56.1141]]],[[[-84.3268,66.2214],[-84.3358,66.1928],[-84.2834,66.1815],[-84.3162,66.1708],[-84.2423,66.1653],[-84.2415,66.1944],[-84.3268,66.2214]]],[[[-109.2494,76.9396],[-109.3051,76.9308],[-109.0532,76.9],[-109.1225,76.9352],[-109.2494,76.9396]]],[[[-64.9137,81.7102],[-64.8675,81.7255],[-65.1886,81.7044],[-64.7661,81.7052],[-64.9137,81.7102]]],[[[-72.0717,61.8836],[-72.1322,61.8778],[-71.962,61.8613],[-72.0717,61.8836]]],[[[-76.5517,64.1851],[-76.7064,64.1781],[-76.5714,64.162],[-76.5385,64.1686],[-76.5717,64.1756],[-76.5517,64.1851]]],[[[-72.3733,63.6564],[-72.5264,63.6329],[-72.4351,63.6152],[-72.3939,63.65],[-72.3347,63.6445],[-72.3733,63.6564]]],[[[-108.2948,68.1134],[-108.3973,68.0688],[-108.3424,68.0551],[-108.2915,68.082],[-108.2948,68.1134]]],[[[-74.1389,64.4941],[-74.1787,64.4971],[-74.1739,64.4567],[-74.0672,64.4418],[-74.1545,64.4702],[-74.1389,64.4941]]],[[[-89.5327,76.481],[-89.6442,76.4494],[-89.3749,76.4537],[-89.5327,76.481]]],[[[-64.2543,63.6033],[-64.2986,63.6072],[-64.3021,63.5801],[-64.2068,63.5228],[-64.199,63.5565],[-64.2543,63.6033]]],[[[-71.6179,63.6308],[-71.7211,63.6153],[-71.7258,63.5878],[-71.6394,63.5807],[-71.6541,63.6016],[-71.5973,63.6161],[-71.6179,63.6308]]],[[[-76.6752,56.3511],[-76.7599,56.2804],[-76.6696,56.299],[-76.6752,56.3511]]],[[[-105.2572,68.5999],[-105.287,68.5903],[-105.1154,68.5366],[-105.1705,68.5985],[-105.2572,68.5999]]],[[[-96.4464,67.54],[-96.4674,67.5553],[-96.5589,67.4954],[-96.3993,67.5232],[-96.3967,67.5531],[-96.4464,67.54]]],[[[-76.6209,64.2717],[-76.6486,64.264],[-76.6204,64.2497],[-76.683,64.244],[-76.6054,64.2135],[-76.5444,64.2469],[-76.6209,64.2717]]],[[[-78.3118,57.2097],[-78.3798,57.1782],[-78.2495,57.1924],[-78.3118,57.2097]]],[[[-80.1477,69.4002],[-80.189,69.4263],[-80.1458,69.3622],[-80.0686,69.377],[-80.1477,69.4002]]],[[[-66.8553,66.5222],[-66.9576,66.5043],[-66.8356,66.4853],[-66.8553,66.5222]]],[[[-72.3316,63.6276],[-72.3921,63.607],[-72.2195,63.5967],[-72.3316,63.6276]]],[[[-90.5958,63.5392],[-90.6805,63.5378],[-90.6341,63.4851],[-90.5469,63.5186],[-90.5958,63.5392]]],[[[-90.1611,69.2355],[-90.1601,69.2085],[-90.1909,69.2307],[-90.218,69.204],[-90.0913,69.1705],[-90.1201,69.2279],[-90.1611,69.2355]]],[[[-83.6303,66.1429],[-83.6529,66.1353],[-83.6012,66.1159],[-83.661,66.1239],[-83.6697,66.0926],[-83.6364,66.0765],[-83.6717,66.063],[-83.5655,66.1031],[-83.6303,66.1429]]],[[[-63.039,67.105],[-63.2091,67.1037],[-63.1555,67.0807],[-63.039,67.105]]],[[[-66.6952,68.2114],[-66.8067,68.1831],[-66.7783,68.158],[-66.6687,68.1757],[-66.6952,68.2114]],[[-113.5594,67.9055],[-113.5885,67.908],[-113.2077,67.916],[-113.5594,67.9055]]],[[[-96.2987,68.27],[-96.4251,68.2168],[-96.3107,68.2146],[-96.2744,68.2467],[-96.3328,68.2223],[-96.2987,68.27]]],[[[-103.1942,70.6968],[-103.2604,70.6902],[-103.2457,70.6351],[-103.2132,70.635],[-103.2192,70.6691],[-103.1372,70.63],[-103.1942,70.6968]]],[[[-77.5175,64.0105],[-77.5808,63.9567],[-77.491,63.9604],[-77.473,63.9836],[-77.5175,64.0105]]],[[[-73.4981,64.2946],[-73.5345,64.2958],[-73.5538,64.2514],[-73.4278,64.2615],[-73.4981,64.2946]]],[[[-76.6962,57.0559],[-76.7177,57.0519],[-76.7018,56.9908],[-76.6454,57.0212],[-76.6962,57.0559]]],[[[-100.7675,68.4676],[-100.8591,68.4695],[-100.7586,68.4233],[-100.8135,68.4302],[-100.7984,68.4169],[-100.6641,68.4062],[-100.7675,68.4676]]],[[[-98.066,76.5781],[-98.1275,76.5715],[-97.9994,76.5339],[-97.9771,76.5573],[-97.7964,76.547],[-98.066,76.5781]]],[[[-68.4163,70.1959],[-68.5253,70.1967],[-68.5313,70.1694],[-68.4316,70.1458],[-68.4163,70.1959]]],[[[-79.8045,57.5144],[-79.8222,57.4777],[-79.8613,57.4805],[-79.8305,57.4038],[-79.8045,57.5144]]],[[[-79.4206,52.2648],[-79.5091,52.2328],[-79.3682,52.2441],[-79.4206,52.2648]]],[[[-106.9808,68.3614],[-107.0367,68.2995],[-106.984,68.3098],[-106.9113,68.2611],[-106.8547,68.299],[-106.9868,68.3177],[-106.9505,68.3483],[-106.9808,68.3614]]],[[[-113.9262,68.6198],[-113.9765,68.6055],[-113.7424,68.5932],[-113.9262,68.6198]]],[[[-85.2728,69.1095],[-85.3667,69.0954],[-85.3213,69.0639],[-85.2087,69.0883],[-85.2728,69.1095]]],[[[-75.1454,68.7587],[-75.1679,68.7547],[-75.1179,68.7081],[-74.9996,68.7074],[-75.1454,68.7587]]],[[[-109.136,67.8037],[-109.1884,67.7849],[-109.0901,67.759],[-109.0231,67.7841],[-109.136,67.8037]]],[[[-97.246,75.3506],[-97.1977,75.3234],[-97.2084,75.2838],[-97.1665,75.2437],[-97.1248,75.2575],[-97.1777,75.2654],[-97.1166,75.2718],[-97.148,75.3376],[-97.246,75.3506]]],[[[-79.2225,55.8484],[-79.3455,55.7273],[-79.334,55.6656],[-79.3014,55.6739],[-79.3255,55.7375],[-79.2225,55.8484]]],[[[-81.2475,76.1893],[-81.4751,76.1592],[-81.3111,76.1463],[-81.2141,76.1768],[-81.2475,76.1893]]],[[[-101.3568,75.5573],[-101.4933,75.5348],[-101.2173,75.5489],[-101.3568,75.5573]]],[[[-67.9834,65.8638],[-68.0314,65.8427],[-67.9616,65.8151],[-67.87,65.8341],[-67.9834,65.8638]]],[[[-106.8959,68.3758],[-106.9579,68.3319],[-106.8655,68.3111],[-106.8497,68.3378],[-106.8968,68.3696],[-106.8329,68.3589],[-106.8159,68.3372],[-106.8428,68.3311],[-106.754,68.3474],[-106.8959,68.3758]]],[[[-78.6985,52.4516],[-78.7793,52.4479],[-78.806,52.4106],[-78.7239,52.4125],[-78.7505,52.4213],[-78.6985,52.4516]]],[[[-108.4559,67.6422],[-108.4122,67.5856],[-108.3684,67.6102],[-108.2824,67.5937],[-108.4559,67.6422]]],[[[-97.1744,76.8596],[-97.2087,76.8374],[-97.0789,76.7944],[-96.996,76.8181],[-97.1744,76.8596]]],[[[-66.2378,81.5828],[-66.8747,81.5741],[-66.4949,81.5578],[-66.2378,81.5828]]],[[[-64.7129,63.2571],[-64.7583,63.2525],[-64.731,63.2071],[-64.6531,63.2056],[-64.7129,63.2571]]],[[[-64.6132,60.6602],[-64.7107,60.5833],[-64.621,60.6154],[-64.5949,60.643],[-64.6132,60.6602]]],[[[-62.3816,66.9934],[-62.4597,66.9609],[-62.361,66.9379],[-62.3365,66.9599],[-62.3816,66.9934]]],[[[-76.5175,64.2392],[-76.5811,64.234],[-76.5819,64.2061],[-76.482,64.1769],[-76.4706,64.1979],[-76.5175,64.2392]]],[[[-77.9519,58.3294],[-78.0074,58.3264],[-77.7717,58.2739],[-77.9519,58.3294]]],[[[-107.8154,67.1662],[-107.8084,67.1252],[-107.8577,67.1303],[-107.8242,67.0692],[-107.8385,67.0851],[-107.8421,67.0067],[-107.8018,67.0785],[-107.7743,67.0706],[-107.8131,67.1074],[-107.7871,67.1549],[-107.8154,67.1662]]],[[[-76.7536,56.1812],[-76.7875,56.0999],[-76.7073,56.1308],[-76.7536,56.1812]]],[[[-78.9892,56.3218],[-79.0694,56.2628],[-79.0719,56.2217],[-78.9765,56.2989],[-79.0029,56.2943],[-78.9892,56.3218]]],[[[-99.1142,73.8398],[-99.1516,73.8246],[-98.8189,73.8251],[-99.1142,73.8398]]],[[[-64.5674,64.2512],[-64.6439,64.2307],[-64.5669,64.1944],[-64.4651,64.2223],[-64.5686,64.2235],[-64.5674,64.2512]]],[[[-97.9168,67.9215],[-97.9431,67.9198],[-97.9185,67.8827],[-97.9433,67.8698],[-97.8106,67.8576],[-97.9168,67.9215]]],[[[-95.7641,75.9236],[-95.7369,75.9723],[-95.8931,75.955],[-95.8385,75.9353],[-95.8677,75.9164],[-95.8225,75.9152],[-95.8327,75.8958],[-95.7641,75.9236]]],[[[-91.4673,69.7722],[-91.6588,69.7585],[-91.5103,69.7259],[-91.4391,69.7582],[-91.4673,69.7722]]],[[[-66.1122,64.9381],[-66.2288,64.9122],[-66.1174,64.8848],[-66.1122,64.9381]]],[[[-63.3682,64.9901],[-63.4286,64.9598],[-63.2649,64.9103],[-63.3352,64.9451],[-63.3032,64.9518],[-63.3632,64.9483],[-63.3283,64.9641],[-63.3682,64.9901]]],[[[-77.3855,55.5532],[-77.642,55.4244],[-77.4746,55.4799],[-77.3855,55.5532]]],[[[-83.2563,69.7902],[-83.3107,69.7861],[-83.1155,69.7503],[-82.9645,69.7649],[-83.2563,69.7902]]],[[[-72.9716,64.157],[-73.0735,64.0984],[-72.9732,64.1016],[-72.9273,64.1431],[-72.9716,64.157]]],[[[-67.8338,63.245],[-67.8652,63.2384],[-67.786,63.1756],[-67.7262,63.1875],[-67.8338,63.245]]],[[[-82.6267,68.7485],[-82.6853,68.7222],[-82.6727,68.7036],[-82.4849,68.6983],[-82.6267,68.7485]]],[[[-66.5369,62.9275],[-66.5799,62.919],[-66.3748,62.8541],[-66.5369,62.9275]]],[[[-110.0067,68.103],[-110.2574,68.0575],[-110.0671,68.0638],[-109.9939,68.0876],[-110.0067,68.103]]],[[[-108.1021,72.0665],[-108.1877,72.0523],[-108.1099,71.9857],[-108.0435,72.0201],[-108.1021,72.0665]]],[[[-98.9388,71.3599],[-99.0152,71.3203],[-98.8865,71.2977],[-98.8873,71.3385],[-98.9388,71.3599]]],[[[-65.7479,61.8561],[-65.8383,61.8365],[-65.7576,61.7614],[-65.7917,61.8409],[-65.7199,61.8439],[-65.7479,61.8561]]],[[[-96.0052,67.8472],[-96.1697,67.7973],[-96.1443,67.7756],[-96.1421,67.7968],[-96.0967,67.7813],[-95.9738,67.8198],[-96.0185,67.8268],[-96.0052,67.8472]]],[[[-107.7103,67.3246],[-107.7337,67.3181],[-107.6596,67.2648],[-107.6704,67.2317],[-107.6168,67.2339],[-107.6378,67.2958],[-107.7103,67.3246]]],[[[-66.9375,66.4865],[-67.0461,66.4679],[-66.8608,66.4538],[-66.9375,66.4865]]],[[[-65.4061,68.0837],[-65.5431,68.0617],[-65.3945,68.034],[-65.4061,68.0837]]],[[[-63.952,63.646],[-64.0493,63.6082],[-63.9333,63.5833],[-63.9601,63.6049],[-63.9277,63.5978],[-63.9257,63.6254],[-63.995,63.6223],[-63.952,63.646]]],[[[-95.7516,72.8731],[-95.8208,72.8461],[-95.6923,72.7892],[-95.7171,72.8071],[-95.683,72.8512],[-95.7516,72.8731]]],[[[-78.542,68.2825],[-78.5984,68.2766],[-78.6534,68.2082],[-78.5155,68.2395],[-78.542,68.2825]]],[[[-67.0609,63.1159],[-66.8292,62.988],[-66.8986,63.056],[-67.0609,63.1159]]],[[[-76.637,56.7166],[-76.6613,56.5391],[-76.6142,56.5778],[-76.6302,56.6782],[-76.6089,56.7034],[-76.637,56.7166]]],[[[-65.0876,64.5906],[-65.2285,64.5719],[-65.04,64.5435],[-65.0975,64.5631],[-65.0707,64.5732],[-65.1064,64.5828],[-65.0876,64.5906]]],[[[-68.2076,63.2874],[-68.1504,63.2236],[-68.0422,63.2021],[-68.2076,63.2874]]],[[[-92.9995,63.9083],[-93.0868,63.8964],[-92.9278,63.863],[-92.9995,63.9083]]],[[[-72.7331,63.7566],[-72.9135,63.7487],[-72.7694,63.7387],[-72.7562,63.7037],[-72.783,63.6988],[-72.7533,63.694],[-72.7206,63.7089],[-72.7533,63.7137],[-72.7257,63.7223],[-72.7525,63.7491],[-72.7331,63.7566]]],[[[-77.2094,55.6566],[-77.3873,55.5578],[-77.2522,55.6007],[-77.187,55.6525],[-77.2094,55.6566]]],[[[-100.833,70.335],[-100.8614,70.3433],[-100.8111,70.3094],[-100.8908,70.3195],[-100.7255,70.2535],[-100.7694,70.2848],[-100.7159,70.3294],[-100.833,70.335]]],[[[-96.8734,71.7641],[-96.9861,71.7532],[-97.0368,71.7133],[-96.8441,71.7414],[-96.8734,71.7641]]],[[[-70.964,62.9033],[-71.0792,62.9087],[-70.8234,62.8508],[-70.964,62.9033]]],[[[-67.6977,63.6212],[-67.7488,63.6163],[-67.7308,63.577],[-67.6977,63.5956],[-67.7285,63.5592],[-67.6346,63.5749],[-67.6977,63.6212]]],[[[-96.7299,75.6447],[-96.6935,75.6646],[-96.9811,75.6073],[-96.9446,75.5912],[-96.7299,75.6447]]],[[[-66.994,66.4043],[-67.0702,66.403],[-66.9672,66.3367],[-66.8587,66.3308],[-66.994,66.4043]]],[[[-91.0236,69.6172],[-91.0148,69.5902],[-91.1057,69.606],[-91.162,69.5609],[-91.074,69.568],[-91.1306,69.5546],[-91.1063,69.5448],[-91.0051,69.5726],[-91.032,69.5736],[-90.9824,69.6034],[-91.0236,69.6172]]],[[[-75.6519,64.3585],[-75.6977,64.3479],[-75.6735,64.3061],[-75.4947,64.324],[-75.6519,64.3585]]],[[[-89.9044,68.9965],[-90.0111,68.9823],[-90.0331,68.9526],[-89.8919,68.924],[-89.919,68.9551],[-89.9044,68.9965]]],[[[-72.6589,63.7563],[-72.7095,63.7396],[-72.677,63.7327],[-72.7123,63.705],[-72.6653,63.7032],[-72.6923,63.6897],[-72.5943,63.7164],[-72.6589,63.7563]]],[[[-109.8545,68.1578],[-110.002,68.1091],[-109.8825,68.0989],[-109.8269,68.1272],[-109.8545,68.1578]]],[[[-74.0975,68.2456],[-74.1756,68.2122],[-74.0502,68.1627],[-74.0975,68.2456]]],[[[-73.9201,64.3784],[-73.9557,64.3629],[-73.9235,64.335],[-73.9533,64.3202],[-73.8472,64.2982],[-73.8885,64.3173],[-73.8648,64.3652],[-73.9201,64.3784]]],[[[-67.7578,68.6311],[-68.0071,68.6268],[-67.8071,68.5896],[-67.8262,68.5966],[-67.7486,68.6074],[-67.7578,68.6311]]],[[[-65.9265,68.151],[-65.9611,68.121],[-65.9253,68.0906],[-65.968,68.049],[-65.9253,68.0292],[-65.8633,68.0904],[-65.9265,68.151]]],[[[-66.8676,68.392],[-66.9571,68.3586],[-66.8375,68.3287],[-66.7362,68.3422],[-66.8676,68.392]]],[[[-91.7264,69.8769],[-91.8453,69.8335],[-91.6239,69.852],[-91.7264,69.8769]]],[[[-98.5965,74.3466],[-98.8485,74.3119],[-98.4787,74.3172],[-98.5965,74.3466]]],[[[-96.9564,73.276],[-97.1022,73.2481],[-96.8555,73.2259],[-96.9371,73.2364],[-96.9059,73.2526],[-96.9564,73.276]]],[[[-78.0992,82.9459],[-78.2872,82.9657],[-78.4382,82.94],[-78.3272,82.8821],[-78.0992,82.9459]]],[[[-63.0995,67.0247],[-63.1362,66.9914],[-63.1037,66.9553],[-62.9927,66.9606],[-62.9892,66.9845],[-63.0995,67.0247]]],[[[-78.4463,63.5171],[-78.5442,63.4498],[-78.4314,63.4533],[-78.4197,63.5036],[-78.4785,63.4835],[-78.4463,63.5171]]],[[[-81.4236,64.232],[-81.5384,64.2129],[-81.5331,64.1851],[-81.3838,64.2042],[-81.4236,64.232]]],[[[-63.2248,65.3162],[-63.321,65.3144],[-63.3288,65.2872],[-63.2684,65.242],[-63.2102,65.2719],[-63.2399,65.2751],[-63.1868,65.2677],[-63.2248,65.3162]]],[[[-110.7915,67.9592],[-111.0827,67.8639],[-110.9627,67.8688],[-110.8914,67.9171],[-110.8622,67.8963],[-110.7915,67.9592]]],[[[-64.5081,64.1487],[-64.5921,64.1385],[-64.4988,64.0863],[-64.3856,64.1147],[-64.5081,64.1487]]],[[[-90.7519,63.5053],[-90.7839,63.4987],[-90.7244,63.4509],[-90.6183,63.4499],[-90.6516,63.493],[-90.7519,63.5053]]],[[[-66.9146,65.36],[-66.9981,65.3439],[-67.0238,65.2832],[-66.9243,65.2863],[-66.9146,65.36]]],[[[-100.0592,68.3734],[-100.2054,68.3275],[-100.0621,68.2854],[-100.0403,68.3197],[-100.0646,68.3432],[-100.0381,68.3571],[-100.0592,68.3734]]],[[[-81.6375,69.5282],[-81.7406,69.5069],[-81.4697,69.4389],[-81.4321,69.456],[-81.5723,69.482],[-81.6375,69.5282]]],[[[-107.8211,67.015],[-107.8666,66.8919],[-107.9298,66.8582],[-107.8171,66.8909],[-107.7853,66.9723],[-107.8211,67.015]]],[[[-62.8531,65.6143],[-62.9071,65.5798],[-62.8312,65.5179],[-62.7897,65.5208],[-62.7627,65.5555],[-62.8318,65.5675],[-62.8531,65.6143]]],[[[-64.8735,64.0925],[-65.0457,64.0899],[-64.9757,64.0621],[-64.8439,64.0743],[-64.8735,64.0925]]],[[[-82.3554,69.5429],[-82.4623,69.5203],[-82.2027,69.5034],[-82.3554,69.5429]]],[[[-73.7687,64.5272],[-73.7982,64.5235],[-73.746,64.4935],[-73.7727,64.496],[-73.7446,64.4749],[-73.7737,64.4267],[-73.666,64.4589],[-73.7687,64.5272]]],[[[-104.3735,68.2086],[-104.4963,68.1595],[-104.4843,68.0853],[-104.4313,68.1112],[-104.44,68.1341],[-104.3617,68.1503],[-104.4267,68.1705],[-104.3329,68.1902],[-104.3793,68.1833],[-104.3735,68.2086]]],[[[-71.8189,63.6943],[-71.8205,63.6604],[-71.8507,63.6811],[-71.8268,63.6528],[-71.8449,63.6208],[-71.7774,63.6058],[-71.7963,63.6208],[-71.7425,63.6691],[-71.8189,63.6943]]],[[[-68.0969,63.3239],[-67.9974,63.2342],[-67.8709,63.19],[-68.0969,63.3239]]],[[[-108.1743,67.5703],[-108.2203,67.5758],[-108.1662,67.5485],[-108.1709,67.478],[-108.2716,67.49],[-108.2243,67.4569],[-108.1535,67.4496],[-108.1419,67.4752],[-108.1455,67.4511],[-108.1147,67.4497],[-108.0992,67.483],[-108.15,67.4773],[-108.1311,67.5494],[-108.1743,67.5703]]],[[[-95.7552,73.0254],[-95.7715,72.9916],[-95.7445,72.9758],[-95.8096,72.979],[-95.7786,72.9513],[-95.7866,72.8951],[-95.6567,72.9174],[-95.7436,72.9562],[-95.707,72.9882],[-95.7552,73.0254]]],[[[-78.3456,57.3313],[-78.4846,57.2881],[-78.426,57.2752],[-78.3048,57.3168],[-78.3456,57.3313]]],[[[-91.7747,81.6045],[-91.9044,81.5878],[-91.7236,81.5398],[-91.561,81.5489],[-91.4905,81.582],[-91.7747,81.6045]]],[[[-97.4377,69.9662],[-97.4785,69.9448],[-97.4575,69.9091],[-97.2975,69.8947],[-97.3455,69.9115],[-97.3138,69.9474],[-97.4377,69.9662]]],[[[-108.0941,67.0238],[-108.0804,66.955],[-108.0207,66.8919],[-107.9708,66.9046],[-107.96,66.9404],[-108.0941,67.0238]]],[[[-71.0762,71.1343],[-71.0685,71.1544],[-71.1898,71.1317],[-71.2732,71.0722],[-71.1415,71.09],[-71.0762,71.1343]]],[[[-98.9569,68.0914],[-98.9874,68.0781],[-98.9709,68.0638],[-99.044,68.0555],[-98.9807,67.9886],[-98.9326,67.9815],[-98.9455,68.0564],[-98.9189,68.0614],[-98.9569,68.0914]]],[[[-109.5486,68.2585],[-109.8253,68.1663],[-109.7078,68.1598],[-109.69,68.202],[-109.6445,68.1891],[-109.65,68.2238],[-109.5725,68.2214],[-109.522,68.2599],[-109.5486,68.2585]]],[[[-110.7358,68.5769],[-110.7807,68.5677],[-110.5844,68.525],[-110.4982,68.5597],[-110.6423,68.5407],[-110.5794,68.5769],[-110.7358,68.5769]]],[[[-74.2449,64.5533],[-74.3466,64.556],[-74.2105,64.4776],[-74.1652,64.5051],[-74.1846,64.518],[-74.1532,64.5139],[-74.2449,64.5533]]],[[[-65.8898,62.1521],[-65.9935,62.1225],[-65.9038,62.1249],[-65.9212,62.1011],[-65.8606,62.0796],[-65.8095,62.101],[-65.8898,62.1521]]],[[[-69.9466,61.0393],[-70.0237,60.9978],[-69.9867,60.933],[-69.9112,61.0017],[-69.9466,61.0393]]],[[[-62.1003,67.1214],[-62.3114,67.0843],[-62.2597,67.0631],[-62.0664,67.0899],[-62.1003,67.1214]]],[[[-102.1491,69.7514],[-102.2294,69.7282],[-102.2286,69.6884],[-102.1212,69.6514],[-102.0922,69.6843],[-102.1491,69.7514]]],[[[-79.204,56.6846],[-79.2696,56.6737],[-79.2822,56.63],[-79.2352,56.6536],[-79.1347,56.6129],[-79.204,56.6846]]],[[[-77.6393,62.5845],[-77.8328,62.5853],[-77.8065,62.5412],[-77.7552,62.5354],[-77.6393,62.5845]]],[[[-90.2348,69.151],[-90.2679,69.1132],[-90.2424,69.0751],[-90.1053,69.0603],[-90.1296,69.0647],[-90.1236,69.1058],[-90.1788,69.1233],[-90.146,69.1461],[-90.2422,69.113],[-90.2348,69.151]]],[[[-62.1284,65.9266],[-62.2937,65.9255],[-62.1346,65.8411],[-62.1246,65.872],[-62.1655,65.8782],[-62.1284,65.9266]]],[[[-96.4696,75.7871],[-96.4304,75.8301],[-96.6223,75.7974],[-96.7006,75.7374],[-96.5393,75.7415],[-96.5307,75.7782],[-96.4696,75.7871]]],[[[-65.7066,61.8357],[-65.7703,61.8196],[-65.7353,61.7606],[-65.6636,61.7447],[-65.6657,61.8039],[-65.7066,61.8357]]],[[[-91.1913,62.7026],[-91.2612,62.6795],[-91.0091,62.6547],[-91.1913,62.7026]]],[[[-65.6305,68.1797],[-65.7041,68.1733],[-65.7152,68.1067],[-65.5636,68.1134],[-65.6115,68.1591],[-65.5947,68.1728],[-65.6647,68.1616],[-65.6305,68.1797]]],[[[-80.1171,72.5327],[-80.1321,72.5187],[-80.0724,72.4792],[-79.9789,72.4798],[-80.025,72.4332],[-80.0127,72.4114],[-79.9042,72.4642],[-80.1171,72.5327]]],[[[-73.3225,64.2472],[-73.3525,64.2394],[-73.2988,64.2053],[-73.323,64.18],[-73.2751,64.1636],[-73.3616,64.1949],[-73.4407,64.181],[-73.3011,64.1575],[-73.3183,64.1322],[-73.2564,64.1613],[-73.2925,64.1902],[-73.2263,64.1811],[-73.3225,64.2472]]],[[[-72.455,63.7059],[-72.7737,63.6609],[-72.5663,63.6433],[-72.5346,63.6631],[-72.6035,63.664],[-72.5113,63.6936],[-72.461,63.6635],[-72.455,63.7059]]],[[[-84.1456,76.5102],[-84.1831,76.5089],[-84.1052,76.482],[-84.15,76.461],[-84.0137,76.4285],[-83.9341,76.4233],[-83.9593,76.4368],[-83.8992,76.4654],[-84.1456,76.5102]]],[[[-96.5784,71.2929],[-96.6251,71.2822],[-96.5697,71.249],[-96.6123,71.2249],[-96.4384,71.214],[-96.4565,71.2444],[-96.5426,71.2489],[-96.5142,71.2595],[-96.5296,71.2903],[-96.5784,71.2929]]],[[[-95.729,73.1499],[-95.7931,73.1186],[-95.8446,73.1432],[-95.8551,73.1067],[-95.7029,73.0585],[-95.6779,73.1148],[-95.729,73.1499]]],[[[-95.3543,67.2718],[-95.5366,67.2373],[-95.3592,67.1951],[-95.296,67.235],[-95.3543,67.2718]]],[[[-65.8526,61.8324],[-65.9404,61.7843],[-65.765,61.7569],[-65.8526,61.8324]]],[[[-82.2257,69.4987],[-82.3338,69.4981],[-82.1086,69.4663],[-82.0477,69.4485],[-82.1625,69.4646],[-82.0053,69.4136],[-81.9479,69.4412],[-82.2257,69.4987]]],[[[-76.8369,57.4312],[-76.7654,57.2801],[-76.7317,57.2816],[-76.7423,57.364],[-76.8369,57.4312]]],[[[-65.5111,65.9009],[-65.6389,65.8787],[-65.6436,65.8272],[-65.5227,65.8481],[-65.5111,65.9009]]],[[[-64.3544,63.8141],[-64.331,63.7832],[-64.3621,63.7542],[-64.3324,63.7175],[-64.2866,63.6981],[-64.2422,63.7214],[-64.2646,63.7814],[-64.3544,63.8141]]],[[[-97.2277,77.0408],[-97.3659,77.0314],[-97.4407,77.011],[-97.3785,77.0131],[-97.4364,77.0022],[-97.3856,76.9941],[-97.4721,76.9827],[-97.2583,76.9705],[-97.0923,77.01],[-97.2277,77.0408]]],[[[-76.7046,57.1995],[-76.7399,57.1757],[-76.697,57.0728],[-76.6457,57.067],[-76.6782,57.1143],[-76.6432,57.1385],[-76.6904,57.1561],[-76.6724,57.1706],[-76.7046,57.1995]]],[[[-67.4668,65.7451],[-67.5006,65.7423],[-67.4758,65.7184],[-67.5877,65.7431],[-67.616,65.7159],[-67.6721,65.7394],[-67.6928,65.7337],[-67.6564,65.7222],[-67.7207,65.7156],[-67.6973,65.687],[-67.6073,65.7126],[-67.4748,65.6934],[-67.4428,65.7077],[-67.4668,65.7451]]],[[[-64.9024,64.4011],[-64.941,64.369],[-64.8501,64.2934],[-64.7754,64.324],[-64.806,64.375],[-64.8736,64.3356],[-64.8639,64.3676],[-64.9024,64.4011]]],[[[-64.0642,63.7571],[-64.211,63.7177],[-64.1637,63.675],[-64.0919,63.7223],[-63.9939,63.6889],[-64.0389,63.7155],[-64.0187,63.7282],[-64.104,63.73],[-64.0437,63.7482],[-64.0642,63.7571]]],[[[-91.5162,63.6099],[-91.5717,63.6072],[-91.4393,63.5439],[-91.3924,63.545],[-91.4275,63.5664],[-91.3197,63.5601],[-91.3623,63.5785],[-91.3519,63.5986],[-91.5162,63.6099]]],[[[-74.6784,72.2266],[-74.8564,72.2202],[-74.9502,72.1758],[-74.7855,72.1688],[-74.6784,72.2266]]],[[[-101.6944,78.2465],[-101.7632,78.2409],[-101.7973,78.2187],[-101.7677,78.2046],[-101.8445,78.1711],[-101.6417,78.1535],[-101.5533,78.1756],[-101.5864,78.2163],[-101.6944,78.2465]]],[[[-79.7482,57.612],[-79.8424,57.5152],[-79.7864,57.5305],[-79.8061,57.5164],[-79.7497,57.4862],[-79.7086,57.5469],[-79.7482,57.612]]],[[[-91.5506,69.835],[-91.5483,69.7977],[-91.5733,69.8293],[-91.7419,69.7914],[-91.6484,69.7673],[-91.4412,69.7892],[-91.5506,69.835]]],[[[-65.1644,64.2277],[-65.2231,64.2185],[-65.149,64.1565],[-65.0524,64.1523],[-65.0881,64.1843],[-65.0123,64.1635],[-65.0862,64.2097],[-65.1907,64.2144],[-65.1644,64.2277]]],[[[-64.1479,63.6361],[-64.196,63.6154],[-64.1544,63.5346],[-64.0954,63.516],[-64.0427,63.5397],[-64.161,63.6121],[-64.1271,63.6176],[-64.1479,63.6361]]],[[[-74.2823,64.5003],[-74.3389,64.5],[-74.3192,64.4766],[-74.344,64.4575],[-74.4327,64.4518],[-74.2735,64.4171],[-74.1565,64.4406],[-74.3131,64.4529],[-74.2791,64.4615],[-74.3018,64.4799],[-74.2823,64.5003]]],[[[-62.2632,66.2661],[-62.4266,66.2142],[-62.1492,66.2065],[-62.2632,66.2661]]],[[[-80.2157,59.7379],[-80.2568,59.7175],[-80.2461,59.6921],[-80.3276,59.6666],[-80.3342,59.6269],[-80.1545,59.7214],[-80.2157,59.7379]]],[[[-62.9562,67.0615],[-63.1265,67.0596],[-63.0343,67.0073],[-62.917,66.9975],[-62.9562,67.0615]]],[[[-82.6647,69.8858],[-82.6917,69.8608],[-82.4275,69.7891],[-82.4434,69.8296],[-82.5531,69.846],[-82.4999,69.8575],[-82.6647,69.8858]]],[[[-104.8856,68.3611],[-104.8654,68.3275],[-104.9404,68.3193],[-104.9003,68.2958],[-104.9543,68.3157],[-104.9647,68.3537],[-104.9698,68.3184],[-105.0292,68.3164],[-105.0426,68.3447],[-105.0738,68.3261],[-104.9386,68.2509],[-104.9393,68.295],[-104.8963,68.2657],[-104.9156,68.2731],[-104.7917,68.3163],[-104.8856,68.3611]]],[[[-94.82,76.1168],[-94.8723,76.1507],[-95.0248,76.1054],[-95.1509,76.1232],[-95.0182,76.0483],[-94.896,76.0519],[-94.82,76.1168]]],[[[-85.8709,72.302],[-86.1282,72.2875],[-85.8791,72.2165],[-85.8311,72.2645],[-85.8759,72.2775],[-85.8418,72.2929],[-85.8709,72.302]]],[[[-67.6084,58.3899],[-67.63,58.3703],[-67.5898,58.3494],[-67.662,58.3407],[-67.6728,58.3026],[-67.5915,58.2873],[-67.5129,58.323],[-67.6084,58.3899]]],[[[-77.8707,62.5889],[-78.1148,62.5685],[-77.8874,62.5396],[-77.8483,62.5478],[-77.8707,62.5889]]],[[[-73.7339,64.4056],[-73.8154,64.3543],[-73.7269,64.3313],[-73.8287,64.3315],[-73.7634,64.3195],[-73.7915,64.3086],[-73.7505,64.3044],[-73.7647,64.2643],[-73.7014,64.2665],[-73.7148,64.2971],[-73.682,64.3148],[-73.7304,64.358],[-73.6977,64.3637],[-73.7339,64.4056]]],[[[-109.4608,68.103],[-109.4853,68.0913],[-109.356,68.0117],[-109.5207,68.0704],[-109.2878,67.9783],[-109.3083,68.0143],[-109.264,68.0541],[-109.3081,68.0395],[-109.4608,68.103]]],[[[-79.4809,56.4444],[-79.5431,56.424],[-79.6409,56.2573],[-79.5555,56.2912],[-79.4894,56.416],[-79.5421,56.4089],[-79.4809,56.4444]]],[[[-99.6818,76.7543],[-100.0025,76.7313],[-99.4685,76.7084],[-99.6429,76.6776],[-99.5804,76.6709],[-99.3929,76.7057],[-99.6818,76.7543]]],[[[-73.1806,71.6985],[-73.2749,71.6883],[-73.4375,71.5856],[-73.3866,71.5551],[-73.3181,71.5689],[-73.2682,71.6471],[-73.1415,71.6752],[-73.1806,71.6985]]],[[[-64.1619,63.8636],[-64.2431,63.8543],[-64.2474,63.8304],[-64.3324,63.8639],[-64.3217,63.8436],[-64.3819,63.8438],[-64.2011,63.7645],[-64.1639,63.7763],[-64.2274,63.7998],[-64.1697,63.7963],[-64.1602,63.8206],[-64.2018,63.8353],[-64.1611,63.8385],[-64.1619,63.8636]]],[[[-74.0619,83.1366],[-74.6506,83.0893],[-74.0545,83.062],[-73.9305,83.0829],[-74.2804,83.0965],[-73.8099,83.0975],[-74.0619,83.1366]]],[[[-111.6127,68.3156],[-111.7661,68.2654],[-111.6688,68.2237],[-111.5995,68.2466],[-111.6285,68.2543],[-111.5755,68.3027],[-111.4585,68.3037],[-111.4842,68.328],[-111.6127,68.3156]]],[[[-103.8391,75.8839],[-103.8348,75.8566],[-103.6815,75.8396],[-103.332,75.8753],[-103.8391,75.8839]]],[[[-83.3539,65.8645],[-83.5644,65.8509],[-83.4425,65.8045],[-83.2475,65.8423],[-83.3539,65.8645]]],[[[-95.5279,77.2514],[-95.6647,77.2429],[-95.3371,77.1659],[-95.1908,77.1851],[-95.2347,77.2175],[-95.5279,77.2514]]],[[[-108.1013,67.9833],[-108.2247,67.9274],[-108.1387,67.8762],[-108.065,67.8838],[-108.0177,67.9628],[-108.1013,67.9833]]],[[[-77.6082,77.8574],[-77.9836,77.8229],[-77.8314,77.7719],[-77.6697,77.788],[-77.6866,77.8035],[-77.5493,77.8468],[-77.6082,77.8574]]],[[[-89.9429,74.0622],[-90.2535,74.0319],[-90.0022,73.9879],[-89.8915,74.0359],[-89.9429,74.0622]]],[[[-79.5689,72.4631],[-79.6651,72.4234],[-79.5833,72.3546],[-79.4125,72.3784],[-79.4413,72.4063],[-79.4216,72.4247],[-79.5689,72.4631]]],[[[-107.8185,68.1112],[-107.8846,68.069],[-107.8439,68.0264],[-107.8951,67.9977],[-107.7585,67.9571],[-107.7608,67.9923],[-107.8057,68.0168],[-107.6759,68.0346],[-107.7865,68.0367],[-107.7913,68.0619],[-107.6649,68.0694],[-107.8185,68.1112]]],[[[-95.3466,71.8551],[-95.4402,71.8208],[-95.3803,71.7904],[-95.3258,71.8018],[-95.5041,71.7557],[-95.2703,71.7457],[-95.2908,71.7688],[-95.2465,71.8361],[-95.3466,71.8551]]],[[[-94.5628,78.2848],[-94.6885,78.2535],[-94.4079,78.1645],[-94.281,78.187],[-94.5628,78.2848]]],[[[-78.9386,56.0543],[-78.9463,56.0904],[-78.9937,56.0621],[-79.1338,55.7849],[-79.056,55.8505],[-78.9869,55.9943],[-78.9038,56.0196],[-79.011,55.9926],[-78.9386,56.0543]]],[[[-79.5913,56.7955],[-79.5543,56.707],[-79.5975,56.6554],[-79.5684,56.619],[-79.5444,56.6763],[-79.5062,56.6453],[-79.4856,56.6846],[-79.5136,56.7091],[-79.5078,56.7705],[-79.5913,56.7955]]],[[[-97.3794,67.7423],[-97.409,67.7194],[-97.3907,67.6845],[-97.4854,67.6992],[-97.5374,67.6557],[-97.4814,67.6243],[-97.2699,67.6896],[-97.3127,67.738],[-97.3437,67.7159],[-97.3794,67.7423]]],[[[-108.4749,67.5755],[-108.4517,67.5328],[-108.4824,67.5288],[-108.4096,67.4749],[-108.3575,67.4605],[-108.2735,67.492],[-108.2996,67.5201],[-108.2644,67.5724],[-108.3144,67.5798],[-108.3587,67.5365],[-108.3824,67.5674],[-108.4749,67.5755]]],[[[-79.8688,56.8739],[-79.9283,56.8769],[-79.9694,56.8343],[-79.9701,56.7719],[-79.9326,56.7431],[-79.8261,56.8216],[-79.8688,56.8739]]],[[[-107.8983,67.4954],[-108.0402,67.4224],[-107.9909,67.4036],[-108.0153,67.3902],[-107.9779,67.3672],[-108.0065,67.3672],[-107.9236,67.309],[-107.8879,67.317],[-107.9638,67.3644],[-107.8653,67.412],[-107.8983,67.4954]]],[[[-64.8805,62.606],[-65.1346,62.5474],[-64.9617,62.5273],[-64.7977,62.5763],[-64.8805,62.606]]],[[[-79.8608,53.1744],[-79.9156,53.1465],[-79.9233,53.0678],[-79.777,53.0944],[-79.8212,53.1152],[-79.8105,53.1687],[-79.8608,53.1744]]],[[[-78.9816,72.4461],[-79.0871,72.4191],[-79.0432,72.3836],[-79.0665,72.3677],[-78.9426,72.3402],[-78.7204,72.3719],[-78.9816,72.4461]]],[[[-67.5178,69.6103],[-67.5505,69.5781],[-67.7596,69.5312],[-67.5134,69.5074],[-67.5746,69.5295],[-67.3127,69.5619],[-67.52,69.5879],[-67.5178,69.6103]]],[[[-79.8183,56.958],[-79.8401,56.9176],[-79.8891,56.9504],[-79.8803,56.9192],[-79.9315,56.897],[-79.9032,56.8737],[-79.8391,56.9044],[-79.8038,56.8604],[-79.8217,56.8238],[-79.7654,56.7897],[-79.7418,56.8242],[-79.8183,56.958]]],[[[-83.8041,69.8255],[-83.8803,69.8176],[-83.898,69.7758],[-83.6381,69.7163],[-83.7285,69.7621],[-83.5252,69.7866],[-83.8041,69.8255]]],[[[-101.6062,69.2266],[-101.7194,69.1867],[-101.6272,69.1526],[-101.5966,69.1706],[-101.5912,69.1362],[-101.6355,69.1187],[-101.614,69.1053],[-101.6743,69.1214],[-101.6813,69.0904],[-101.5527,69.097],[-101.4638,69.1646],[-101.5374,69.1899],[-101.5081,69.2221],[-101.6062,69.2266]]],[[[-66.8608,66.4071],[-66.965,66.4126],[-66.777,66.3437],[-66.8378,66.3566],[-66.826,66.3211],[-66.6313,66.2916],[-66.5654,66.3184],[-66.8608,66.4071]]],[[[-104.1454,77.1693],[-104.3081,77.1591],[-104.4126,77.1091],[-104.1982,77.0808],[-103.9597,77.1392],[-104.1454,77.1693]]],[[[-100.3056,75.6299],[-100.9949,75.5649],[-100.864,75.5475],[-100.59,75.5855],[-100.2775,75.5834],[-100.4588,75.5489],[-100.1318,75.594],[-100.2003,75.6286],[-100.3056,75.6299]]],[[[-109.1644,67.9897],[-109.1461,67.949],[-108.926,67.8736],[-108.8574,67.8728],[-108.8434,67.906],[-108.8971,67.9264],[-108.8686,67.9385],[-108.8794,67.97],[-109.0577,67.9856],[-109.0452,67.9511],[-109.1644,67.9897]]],[[[-74.5425,78.7751],[-74.6549,78.774],[-74.7079,78.7371],[-74.3012,78.674],[-74.1183,78.7226],[-74.5425,78.7751]]],[[[-88.0783,78.4598],[-88.2455,78.4343],[-88.2544,78.3792],[-88.1664,78.3598],[-88.3471,78.3415],[-88.4144,78.29],[-88.4115,78.2602],[-88.3531,78.2366],[-88.2513,78.2551],[-88.1531,78.351],[-88.1676,78.3724],[-88.0676,78.3998],[-88.0538,78.4439],[-88.0783,78.4598]]],[[[-82.7565,69.8124],[-82.8973,69.7959],[-82.5632,69.75],[-82.739,69.7519],[-82.5912,69.7282],[-82.6228,69.728],[-82.4526,69.7216],[-82.5102,69.7659],[-82.4584,69.7753],[-82.7565,69.8124]]],[[[-107.6025,67.2204],[-107.6385,67.2047],[-107.6067,67.159],[-107.4945,67.0827],[-107.2961,67.1034],[-107.6025,67.2204]]],[[[-80.0425,59.8706],[-80.131,59.8321],[-80.1746,59.7674],[-80.0951,59.8157],[-80.122,59.7683],[-80.0606,59.7663],[-79.9314,59.844],[-80.0425,59.8706]]],[[[-93.0649,61.9302],[-93.1957,61.9234],[-93.1871,61.902],[-93.2545,61.9277],[-93.2365,61.9083],[-93.2735,61.9134],[-93.2803,61.8884],[-93.2079,61.8657],[-93.1746,61.8852],[-93.0555,61.8244],[-92.9852,61.8521],[-93.0052,61.8773],[-92.9672,61.8839],[-93.0525,61.8974],[-93.0267,61.9103],[-93.0649,61.9302]]],[[[-68.1421,68.7885],[-68.4829,68.8005],[-67.8809,68.7045],[-67.6781,68.7101],[-68.1421,68.7885]]],[[[-64.959,63.5633],[-65.0033,63.5598],[-64.9556,63.447],[-64.8554,63.378],[-64.8216,63.3904],[-64.8425,63.4841],[-64.959,63.5633]]],[[[-64.9994,64.3516],[-65.0621,64.3424],[-65.0822,64.2964],[-65.0368,64.2127],[-64.9773,64.1916],[-64.9019,64.2276],[-64.9522,64.2479],[-64.8698,64.2757],[-65.0214,64.2797],[-64.9583,64.2975],[-64.9914,64.3057],[-64.963,64.3078],[-64.9646,64.3401],[-64.9994,64.3516]]],[[[-109.7193,78.1051],[-109.8312,78.1108],[-109.8312,77.9368],[-109.6666,77.9659],[-109.5836,78.0269],[-109.6337,78.027],[-109.5498,78.0429],[-109.6027,78.0591],[-109.5589,78.0787],[-109.7193,78.1051]]],[[[-107.9924,73.6151],[-108.0236,73.5843],[-107.9572,73.5466],[-107.5553,73.5845],[-107.5987,73.6173],[-107.9924,73.6151]]],[[[-78.6875,68.5589],[-78.9356,68.5276],[-78.9521,68.4812],[-78.8893,68.4869],[-78.8103,68.4459],[-78.7197,68.4574],[-78.6166,68.5093],[-78.721,68.5214],[-78.6875,68.5589]]],[[[-78.7002,68.6675],[-78.8947,68.6552],[-78.5548,68.5554],[-78.4883,68.5774],[-78.4698,68.6254],[-78.7002,68.6675]]],[[[-110.802,68.5607],[-111.0653,68.4981],[-110.9222,68.4678],[-110.6546,68.5045],[-110.802,68.5607]]],[[[-89.9232,68.8548],[-89.9961,68.8289],[-90.0,68.7835],[-90.0375,68.7625],[-89.9613,68.7291],[-89.9804,68.6963],[-89.9144,68.7161],[-89.9496,68.6587],[-89.8437,68.6985],[-89.8302,68.7194],[-89.8536,68.7234],[-89.7965,68.7432],[-89.8331,68.7476],[-89.7829,68.7594],[-89.8316,68.8027],[-89.8716,68.7931],[-89.8474,68.8268],[-89.8851,68.7914],[-89.9561,68.7893],[-89.8915,68.7979],[-89.8937,68.8196],[-89.9344,68.7986],[-89.8986,68.8414],[-89.9459,68.8387],[-89.9232,68.8548]]],[[[-81.508,69.4273],[-81.5686,69.4007],[-81.8823,69.4336],[-81.8551,69.4219],[-81.9065,69.4185],[-81.8609,69.392],[-81.9423,69.3977],[-81.861,69.3615],[-81.9311,69.3633],[-81.8638,69.3418],[-81.7704,69.3466],[-81.7988,69.3729],[-81.7577,69.3778],[-81.8139,69.4147],[-81.6605,69.3743],[-81.697,69.3543],[-81.6518,69.3415],[-81.4621,69.3466],[-81.5262,69.3983],[-81.4594,69.3993],[-81.508,69.4273]]],[[[-63.4753,67.3455],[-63.6318,67.2898],[-63.6279,67.3169],[-63.5757,67.3185],[-63.5823,67.356],[-63.6893,67.3554],[-63.8218,67.2834],[-63.4401,67.2684],[-63.3647,67.2988],[-63.4753,67.3455]]],[[[-66.1987,68.2647],[-66.5135,68.2332],[-66.5271,68.1975],[-66.6659,68.2091],[-66.6581,68.1823],[-66.3231,68.1505],[-66.2665,68.1675],[-66.2696,68.2191],[-66.1987,68.2647]]],[[[-74.7502,68.68],[-74.8824,68.6079],[-74.8088,68.567],[-74.5073,68.5702],[-74.6584,68.6083],[-74.643,68.6606],[-74.7502,68.68]]],[[[-108.0813,67.6778],[-108.0997,67.5825],[-108.028,67.5611],[-108.116,67.5613],[-108.1274,67.5314],[-108.0815,67.5101],[-108.0951,67.4772],[-108.0462,67.4638],[-108.0082,67.4938],[-108.0607,67.5461],[-107.9703,67.5488],[-107.9745,67.5731],[-107.9004,67.548],[-107.9623,67.6589],[-108.0813,67.6778]]],[[[-83.2584,66.3592],[-83.2314,66.3412],[-83.2774,66.3138],[-83.2317,66.3112],[-83.2736,66.2566],[-83.1484,66.2437],[-83.0552,66.1972],[-82.9824,66.1929],[-82.858,66.2631],[-83.0401,66.2529],[-83.0576,66.2875],[-83.1604,66.2891],[-83.0969,66.3057],[-83.2058,66.3293],[-83.171,66.345],[-83.2584,66.3592]]],[[[-85.1566,77.5863],[-85.3472,77.5864],[-85.5338,77.5411],[-85.2188,77.5266],[-85.1385,77.505],[-85.1639,77.4645],[-85.117,77.4535],[-84.806,77.5031],[-84.926,77.5254],[-85.0038,77.5671],[-84.9842,77.5773],[-85.1566,77.5863]]],[[[-103.0811,70.6861],[-103.1304,70.6704],[-103.0531,70.5602],[-102.8646,70.5218],[-102.8111,70.5656],[-102.8313,70.6193],[-103.0811,70.6861]]],[[[-102.9722,78.2739],[-103.2055,78.2128],[-103.312,78.1476],[-103.0727,78.1244],[-102.7642,78.212],[-102.8146,78.26],[-102.9722,78.2739]]],[[[-78.2545,60.8246],[-78.4308,60.8078],[-78.4553,60.7785],[-78.5319,60.793],[-78.6806,60.7319],[-78.5933,60.7092],[-78.3179,60.7596],[-78.4062,60.7561],[-78.2791,60.7874],[-78.2545,60.8246]]],[[[-63.9271,67.6434],[-63.9627,67.6329],[-63.9794,67.5764],[-64.0352,67.5595],[-64.0238,67.4921],[-63.7299,67.5116],[-63.9271,67.6434]]],[[[-62.2845,65.7397],[-62.355,65.7331],[-62.3574,65.7027],[-62.4498,65.7407],[-62.4721,65.6929],[-62.4222,65.6771],[-62.4745,65.6524],[-62.3185,65.6589],[-62.3315,65.5981],[-62.2693,65.6617],[-62.2457,65.5965],[-62.2011,65.607],[-62.2086,65.6381],[-62.1436,65.6297],[-62.1702,65.6559],[-62.1227,65.6546],[-62.1643,65.6688],[-62.1509,65.6845],[-62.2277,65.6701],[-62.1797,65.7081],[-62.2619,65.6827],[-62.3101,65.7003],[-62.2595,65.722],[-62.2845,65.7397]]],[[[-72.7312,71.6604],[-72.9743,71.6397],[-73.0268,71.5822],[-72.8885,71.5397],[-72.7425,71.5375],[-72.6661,71.5943],[-72.6864,71.6443],[-72.7312,71.6604]]],[[[-95.4249,80.7015],[-96.0976,80.6734],[-95.195,80.61],[-94.9294,80.6323],[-94.9773,80.6621],[-94.9526,80.6716],[-95.0845,80.6967],[-95.4249,80.7015]]],[[[-91.0067,77.2567],[-91.1994,77.2462],[-91.2937,77.2085],[-90.9616,77.1364],[-90.7083,77.1854],[-90.78,77.2301],[-91.0067,77.2567]]],[[[-96.6994,72.9043],[-96.8634,72.8621],[-96.9049,72.8283],[-96.881,72.814],[-96.9851,72.769],[-96.9186,72.7378],[-96.7125,72.7288],[-96.6002,72.7883],[-96.6989,72.8332],[-96.6577,72.8701],[-96.6994,72.9043]]],[[[-90.6314,69.3773],[-90.779,69.3414],[-90.7958,69.3203],[-90.7629,69.2913],[-90.7854,69.2767],[-90.6398,69.3605],[-90.7062,69.279],[-90.6441,69.2662],[-90.6892,69.2307],[-90.6221,69.2583],[-90.6255,69.2138],[-90.5654,69.1987],[-90.4409,69.2254],[-90.4994,69.2494],[-90.4409,69.2856],[-90.5458,69.2916],[-90.5244,69.3327],[-90.6314,69.3773]]],[[[-62.4018,67.1973],[-62.6016,67.1774],[-62.6275,67.1561],[-62.5665,67.1559],[-62.6172,67.144],[-62.5964,67.1204],[-62.6715,67.1414],[-62.7995,67.0548],[-62.8771,67.0543],[-62.7647,66.9978],[-62.7414,67.0355],[-62.6345,67.0462],[-62.6041,67.0877],[-62.3879,67.1506],[-62.4018,67.1973]]],[[[-97.4281,74.6316],[-97.6168,74.5657],[-97.5696,74.5445],[-97.7198,74.5294],[-97.7826,74.4884],[-97.66,74.4643],[-97.5314,74.482],[-97.3683,74.5155],[-97.2578,74.5949],[-97.4281,74.6316]]],[[[-100.1148,69.1513],[-100.158,69.1557],[-100.1282,69.126],[-100.2041,69.0901],[-100.1947,69.0618],[-100.2362,69.0476],[-100.222,69.004],[-100.1321,68.9615],[-99.9505,68.9513],[-100.0428,69.093],[-99.9986,69.0937],[-100.1148,69.1513]]],[[[-79.9978,53.3889],[-80.0968,53.3488],[-80.0892,53.2512],[-80.0583,53.2329],[-79.9297,53.2715],[-79.9583,53.3211],[-79.9033,53.3572],[-79.9978,53.3889]]],[[[-79.0459,54.9382],[-79.6599,54.8417],[-79.7359,54.7964],[-79.6713,54.8025],[-79.7602,54.7676],[-79.3713,54.848],[-79.413,54.8241],[-79.2435,54.8925],[-79.22,54.893],[-79.2673,54.8705],[-79.0091,54.9346],[-79.0726,54.9188],[-79.0459,54.9382]]],[[[-74.2963,68.4682],[-74.3703,68.4681],[-74.4031,68.429],[-74.3208,68.3495],[-74.1832,68.3198],[-74.2785,68.308],[-74.218,68.2641],[-74.2492,68.2633],[-74.1433,68.2622],[-74.0659,68.3468],[-74.2963,68.4682]]],[[[-90.199,69.4465],[-90.2426,69.4253],[-90.1991,69.3899],[-90.2592,69.3947],[-90.2461,69.4201],[-90.2823,69.4211],[-90.2803,69.4469],[-90.4979,69.3785],[-90.4581,69.357],[-90.5104,69.3455],[-90.3851,69.3059],[-90.3981,69.2733],[-90.2745,69.2503],[-90.1339,69.3794],[-90.2023,69.3884],[-90.1627,69.3971],[-90.2065,69.4157],[-90.199,69.4465]]],[[[-101.2576,69.5944],[-101.3372,69.5844],[-101.3255,69.5581],[-101.3664,69.5438],[-101.2557,69.4849],[-101.235,69.4844],[-101.2784,69.5006],[-101.2369,69.5176],[-101.1615,69.4845],[-101.2094,69.4838],[-101.1733,69.4786],[-101.2073,69.4599],[-101.1889,69.4416],[-101.285,69.4521],[-101.2184,69.4207],[-101.2183,69.389],[-101.2688,69.399],[-101.2288,69.3696],[-101.1807,69.3762],[-101.2057,69.4011],[-101.182,69.4102],[-101.0776,69.3981],[-101.0932,69.4212],[-101.0562,69.4256],[-101.083,69.4399],[-101.031,69.4733],[-100.9846,69.4483],[-100.9317,69.4785],[-101.0557,69.5211],[-101.043,69.5462],[-101.1522,69.5782],[-101.2001,69.5465],[-101.2576,69.5944]]],[[[-77.5657,64.0362],[-77.9264,64.0229],[-77.9655,63.9765],[-77.93,63.945],[-77.6861,63.9243],[-77.5661,63.9951],[-77.6156,64.0221],[-77.5247,64.0248],[-77.5657,64.0362]]],[[[-95.608,74.6521],[-95.7403,74.6284],[-95.7387,74.598],[-95.6946,74.5872],[-95.7955,74.6166],[-95.8381,74.5805],[-95.4828,74.5034],[-95.2278,74.5203],[-95.3384,74.597],[-95.608,74.6521]]],[[[-73.9864,62.6644],[-74.3482,62.6599],[-74.3293,62.6666],[-74.3908,62.6922],[-74.3621,62.6973],[-74.4863,62.719],[-74.4662,62.7248],[-74.6071,62.694],[-74.1686,62.5983],[-73.9245,62.6139],[-73.9956,62.6312],[-73.9591,62.6327],[-73.9864,62.6644]]],[[[-67.8528,69.6839],[-67.9587,69.7076],[-67.8438,69.6609],[-68.0836,69.6705],[-68.3152,69.589],[-67.9314,69.5261],[-67.8581,69.6078],[-67.7224,69.6508],[-67.8257,69.6556],[-67.7743,69.6662],[-67.8528,69.6839]]],[[[-100.6759,70.6951],[-100.6182,70.6472],[-100.6506,70.5653],[-100.5007,70.5103],[-100.2368,70.4747],[-100.3228,70.5367],[-100.2597,70.5525],[-100.388,70.5754],[-100.329,70.6023],[-100.2051,70.5594],[-100.1464,70.5768],[-100.3093,70.6047],[-100.3703,70.6298],[-100.3033,70.6386],[-100.4603,70.678],[-100.5887,70.6624],[-100.6759,70.6951]]],[[[-64.6428,60.4869],[-64.7173,60.4793],[-64.6954,60.4686],[-64.7968,60.4921],[-64.8668,60.4616],[-64.8062,60.4453],[-64.8582,60.4358],[-64.6896,60.4042],[-64.8611,60.4293],[-64.5189,60.31],[-64.534,60.3411],[-64.4286,60.3796],[-64.4767,60.4095],[-64.5473,60.3783],[-64.5129,60.3946],[-64.5256,60.4291],[-64.5827,60.4336],[-64.5547,60.448],[-64.6428,60.4869]]],[[[-78.928,68.3597],[-79.1528,68.3659],[-79.1889,68.3317],[-79.1927,68.2388],[-79.0161,68.1774],[-78.8079,68.2779],[-78.928,68.3597]]],[[[-65.349,64.7518],[-65.4315,64.6635],[-65.4865,64.672],[-65.5056,64.6309],[-65.6275,64.5849],[-65.6655,64.4975],[-65.4373,64.5115],[-65.4263,64.5343],[-65.5357,64.548],[-65.3483,64.5596],[-65.3294,64.5667],[-65.4263,64.583],[-65.1726,64.6288],[-65.2533,64.6474],[-65.2136,64.6627],[-65.3172,64.6529],[-65.217,64.6955],[-65.283,64.7049],[-65.2722,64.7322],[-65.4025,64.6094],[-65.349,64.7518]]],[[[-64.3532,63.6719],[-64.4605,63.6424],[-64.4868,63.6037],[-64.3795,63.5299],[-64.3945,63.4915],[-64.3438,63.4794],[-64.3982,63.4746],[-64.3552,63.4664],[-64.3533,63.4016],[-64.2794,63.3492],[-64.2469,63.3584],[-64.2254,63.3185],[-64.1469,63.2959],[-64.173,63.3204],[-64.1338,63.3189],[-64.052,63.2681],[-64.0081,63.2819],[-64.1716,63.3582],[-64.1391,63.375],[-64.2076,63.3873],[-64.1956,63.4158],[-64.2652,63.4318],[-64.2129,63.4418],[-64.2466,63.4834],[-64.3067,63.4814],[-64.2442,63.4957],[-64.2705,63.5228],[-64.2468,63.5177],[-64.3283,63.5804],[-64.3029,63.6366],[-64.3532,63.6719]]],[[[-64.532,63.9066],[-64.582,63.8687],[-64.6206,63.878],[-64.6165,63.9164],[-64.7037,63.8976],[-64.6958,63.846],[-64.7711,63.8724],[-64.7217,63.8517],[-64.72,63.8133],[-64.8144,63.8706],[-64.8964,63.8375],[-64.9089,63.8023],[-64.7484,63.7557],[-64.667,63.7818],[-64.537,63.7161],[-64.5147,63.7352],[-64.4607,63.6616],[-64.4644,63.6845],[-64.3748,63.6864],[-64.3997,63.729],[-64.366,63.7301],[-64.4243,63.7811],[-64.4811,63.732],[-64.5163,63.7382],[-64.5132,63.771],[-64.6151,63.7926],[-64.4918,63.8369],[-64.6017,63.8309],[-64.532,63.9066]]],[[[-73.1389,71.5675],[-73.3882,71.5192],[-73.2569,71.4122],[-73.2664,71.3656],[-73.0915,71.3349],[-73.0537,71.3001],[-72.9739,71.3169],[-73.0223,71.346],[-73.0336,71.4104],[-72.8268,71.438],[-72.9859,71.5252],[-73.175,71.4215],[-73.1749,71.4668],[-73.0656,71.5314],[-73.1389,71.5675]]],[[[-65.1009,61.9346],[-65.1855,61.9337],[-65.1626,61.908],[-65.2228,61.9101],[-65.1958,61.8974],[-65.2382,61.8727],[-65.1796,61.8558],[-65.2041,61.8485],[-65.1678,61.843],[-65.188,61.8176],[-65.1253,61.7984],[-65.1524,61.7879],[-64.9996,61.7691],[-65.0034,61.7429],[-64.9249,61.7121],[-64.7817,61.7474],[-64.8138,61.7432],[-64.782,61.761],[-64.8844,61.8328],[-64.9462,61.808],[-64.9251,61.8396],[-64.9613,61.8669],[-65.0197,61.8495],[-65.01,61.8967],[-65.1009,61.9346]]],[[[-94.4731,75.9793],[-94.8381,75.9517],[-94.8711,75.9199],[-94.798,75.888],[-94.8145,75.7993],[-94.7087,75.7594],[-94.2863,75.7628],[-94.2799,75.795],[-94.3968,75.8705],[-94.4234,75.949],[-94.4731,75.9793]]],[[[-96.6849,69.5894],[-96.5457,69.4861],[-96.371,69.4625],[-96.3434,69.4206],[-96.1306,69.3533],[-96.0872,69.4084],[-96.1241,69.439],[-96.0649,69.4507],[-96.0501,69.4936],[-96.1463,69.5892],[-96.2886,69.5285],[-96.3805,69.5819],[-96.6081,69.5597],[-96.6849,69.5894]]],[[[-79.3421,52.0982],[-79.5516,52.0108],[-79.6423,52.0064],[-79.6542,51.9494],[-79.616,51.904],[-79.3718,51.9274],[-79.3174,51.9712],[-79.3293,52.022],[-79.2433,52.0602],[-79.3421,52.0982]]],[[[-79.5414,56.5392],[-79.648,56.3751],[-79.731,56.3476],[-79.8682,56.3742],[-79.8468,56.3184],[-79.8713,56.3016],[-80.0279,56.3167],[-80.0558,56.2198],[-80.0871,56.2367],[-80.1086,56.2014],[-80.0416,56.1711],[-79.6632,56.3191],[-79.5261,56.5121],[-79.5414,56.5392]]],[[[-85.7762,79.0738],[-86.2802,79.0167],[-86.3119,78.9648],[-86.4992,78.9008],[-85.7704,78.9339],[-85.1577,79.0176],[-85.2492,79.0556],[-85.7762,79.0738]]],[[[-100.7004,76.7605],[-101.7021,76.5938],[-101.336,76.5587],[-100.7849,76.6332],[-100.2557,76.7464],[-100.7004,76.7605]]],[[[-78.6803,56.4376],[-78.7604,56.4199],[-78.8459,56.3455],[-78.8125,56.3404],[-78.8351,56.3199],[-78.8057,56.3026],[-78.8514,56.2676],[-78.7886,56.288],[-78.8953,56.1922],[-78.9177,56.145],[-78.8897,56.1482],[-78.9382,56.0971],[-78.9126,56.1263],[-78.8893,56.1065],[-78.8177,56.1286],[-78.7798,56.1675],[-78.7557,56.1471],[-78.6698,56.1701],[-78.6854,56.212],[-78.6554,56.2164],[-78.6564,56.2529],[-78.6999,56.2649],[-78.6517,56.2653],[-78.6475,56.3016],[-78.6525,56.4146],[-78.6803,56.4376]]],[[[-78.8823,76.1059],[-79.1111,76.1186],[-79.1239,76.0783],[-79.2397,76.0498],[-79.2857,76.0058],[-79.5452,75.9483],[-79.5864,75.8992],[-79.7577,75.8812],[-79.5738,75.8676],[-79.5466,75.8588],[-79.5811,75.8227],[-79.4209,75.8003],[-79.366,75.8206],[-79.4087,75.8455],[-79.2889,75.8827],[-79.0172,75.8793],[-79.036,75.8397],[-78.8886,75.8406],[-78.8689,75.8499],[-78.9112,75.8769],[-79.1786,75.9528],[-78.8287,76.0474],[-78.7998,76.0834],[-78.8823,76.1059]]],[[[-104.9344,68.597],[-105.0766,68.5454],[-105.0382,68.552],[-104.9303,68.4656],[-104.7419,68.4153],[-104.4923,68.4043],[-104.3891,68.4647],[-104.5977,68.569],[-104.9344,68.597]]],[[[-109.8012,78.6406],[-109.8324,78.6438],[-109.8313,78.3015],[-109.3866,78.316],[-109.2973,78.3631],[-109.3284,78.3983],[-109.2856,78.4144],[-109.3337,78.419],[-109.2523,78.4305],[-109.3342,78.4271],[-109.2805,78.4451],[-109.3146,78.4531],[-109.2188,78.4577],[-109.2842,78.4655],[-109.22,78.4759],[-109.3167,78.5001],[-109.2865,78.5206],[-109.3267,78.547],[-109.5005,78.5841],[-109.4056,78.5757],[-109.7678,78.6044],[-109.6315,78.6009],[-109.8012,78.6406]]],[[[-87.0492,70.1498],[-87.1236,70.1508],[-87.0906,70.1214],[-87.3774,70.1028],[-87.2772,70.0716],[-87.2653,70.0346],[-87.1189,69.9976],[-86.9912,70.0268],[-86.7497,69.9732],[-86.4505,70.0053],[-86.5898,70.1169],[-86.7806,70.0875],[-86.991,70.1157],[-87.0492,70.1498]]],[[[-64.3721,62.5323],[-64.4421,62.5053],[-64.4448,62.5427],[-64.5244,62.5624],[-64.5269,62.5305],[-64.6655,62.5335],[-64.6561,62.5004],[-64.728,62.5495],[-64.7083,62.5542],[-64.7784,62.5609],[-64.84,62.5183],[-64.7119,62.4871],[-64.904,62.4946],[-64.8878,62.4807],[-64.9418,62.4669],[-64.9061,62.4587],[-64.9152,62.4209],[-64.5441,62.3651],[-64.4421,62.4087],[-64.5043,62.4487],[-64.403,62.4343],[-64.3571,62.4607],[-64.503,62.4769],[-64.3387,62.4871],[-64.3928,62.5104],[-64.3721,62.5323]]],[[[-96.8117,73.1936],[-97.037,73.1495],[-97.1187,73.0916],[-97.1258,73.0437],[-97.041,72.9625],[-96.8797,72.9243],[-96.646,72.9477],[-96.5413,73.0365],[-96.5545,73.0812],[-96.6459,73.1421],[-96.7444,73.1186],[-96.6975,73.1647],[-96.8117,73.1936]]],[[[-101.9758,68.828],[-102.0408,68.7684],[-102.3347,68.6953],[-102.2217,68.645],[-102.1125,68.6428],[-102.0962,68.6144],[-101.9548,68.6279],[-101.9198,68.5879],[-101.8147,68.5624],[-101.7796,68.6306],[-101.8599,68.6517],[-101.6861,68.6499],[-101.6775,68.7485],[-101.7202,68.7795],[-101.6996,68.7925],[-101.9758,68.828]]],[[[-96.2946,75.6521],[-96.4051,75.6406],[-96.3742,75.5848],[-96.9504,75.5201],[-97.0153,75.5026],[-96.9812,75.4816],[-97.0136,75.4599],[-96.9109,75.4151],[-96.9487,75.3878],[-96.8151,75.3565],[-96.5948,75.4055],[-96.6835,75.4167],[-96.6489,75.4389],[-96.4545,75.4626],[-96.5188,75.486],[-96.5181,75.5261],[-96.3946,75.5581],[-96.3966,75.5795],[-96.3155,75.5667],[-96.418,75.5272],[-96.1916,75.4596],[-96.1187,75.4628],[-95.9016,75.5727],[-96.0,75.6131],[-96.2946,75.6521]]],[[[-102.4549,76.0979],[-103.9475,75.9504],[-103.8652,75.927],[-103.8942,75.9092],[-103.5257,75.8998],[-102.2651,76.0325],[-102.3057,76.0757],[-102.4549,76.0979]]],[[[-100.4534,69.0456],[-100.6181,68.9985],[-100.5515,68.947],[-100.5732,68.939],[-100.5542,68.9131],[-100.6107,68.9306],[-100.5724,68.8889],[-100.603,68.8484],[-100.5917,68.8065],[-100.6134,68.809],[-100.5944,68.7676],[-100.5084,68.7595],[-100.5357,68.7929],[-100.4375,68.8146],[-100.3928,68.786],[-100.4818,68.7716],[-100.3344,68.7045],[-100.3517,68.725],[-100.3209,68.7207],[-100.3574,68.7361],[-100.298,68.7511],[-100.316,68.7825],[-100.189,68.7617],[-100.2278,68.8174],[-100.1345,68.7963],[-100.1961,68.8541],[-100.1305,68.8702],[-100.1789,68.8998],[-100.1077,68.9083],[-100.2624,68.9566],[-100.3131,69.0309],[-100.4534,69.0456]]],[[[-78.162,69.7595],[-78.2544,69.7315],[-78.2188,69.6744],[-78.2886,69.6624],[-78.2836,69.6937],[-78.3866,69.7011],[-78.3959,69.6447],[-78.5574,69.6385],[-78.8451,69.5135],[-78.8568,69.4777],[-78.8066,69.4599],[-78.6323,69.5223],[-78.507,69.4888],[-78.2497,69.5675],[-78.0734,69.5857],[-77.9433,69.6427],[-77.9834,69.7068],[-78.162,69.7595]]],[[[-95.7744,69.6368],[-95.8022,69.6206],[-95.7704,69.6019],[-95.9096,69.6036],[-95.8567,69.579],[-95.893,69.5892],[-95.9257,69.5561],[-95.9115,69.5277],[-95.9674,69.5134],[-95.9007,69.4271],[-95.942,69.4373],[-95.9212,69.3771],[-95.983,69.3716],[-95.8038,69.3361],[-95.8591,69.375],[-95.8061,69.3989],[-95.7706,69.446],[-95.793,69.4572],[-95.7174,69.4747],[-95.8222,69.5647],[-95.8025,69.5868],[-95.6543,69.5561],[-95.6189,69.4995],[-95.6541,69.4877],[-95.6264,69.4572],[-95.6514,69.4432],[-95.582,69.4071],[-95.6899,69.3959],[-95.6614,69.3722],[-95.7252,69.3743],[-95.6602,69.351],[-95.7361,69.3475],[-95.7114,69.3311],[-95.5547,69.3225],[-95.4534,69.3515],[-95.4726,69.3628],[-95.4373,69.3845],[-95.5514,69.3999],[-95.4045,69.3866],[-95.3694,69.4055],[-95.3519,69.4633],[-95.3733,69.4839],[-95.322,69.5057],[-95.5905,69.6206],[-95.5761,69.6046],[-95.6405,69.5999],[-95.7744,69.6368]]],[[[-71.8638,71.072],[-72.0227,71.0425],[-72.0109,71.0114],[-72.11,70.9256],[-72.2136,70.9365],[-72.2463,70.9092],[-72.1347,70.8511],[-72.1363,70.8188],[-71.9691,70.8225],[-71.6174,70.91],[-71.4252,70.9194],[-71.3605,70.9947],[-71.3823,71.0186],[-71.7904,71.0506],[-71.9474,71.0374],[-71.8451,71.0634],[-71.8638,71.072]]],[[[-102.1372,76.0008],[-103.0698,75.902],[-103.1429,75.863],[-103.0649,75.836],[-103.3129,75.8094],[-103.2234,75.804],[-103.3854,75.77],[-102.9563,75.7483],[-102.8098,75.7799],[-102.7829,75.7717],[-102.8233,75.7584],[-102.721,75.7645],[-102.7388,75.7857],[-102.5747,75.7776],[-102.4983,75.8018],[-102.4366,75.8755],[-101.9692,75.9533],[-102.1372,76.0008]]],[[[-90.0158,76.8416],[-90.4791,76.8016],[-90.6042,76.7444],[-90.0898,76.4846],[-89.9558,76.4715],[-89.9215,76.5198],[-89.8146,76.484],[-89.6763,76.5088],[-89.8357,76.5476],[-89.8814,76.6118],[-89.8399,76.6678],[-89.6937,76.6969],[-89.7235,76.7199],[-89.7067,76.7417],[-89.8581,76.8121],[-90.0158,76.8416]]],[[[-75.2503,68.7296],[-75.3923,68.6276],[-75.413,68.5373],[-75.3854,68.5084],[-75.0252,68.4027],[-74.9811,68.3574],[-74.9978,68.3418],[-74.8214,68.3269],[-74.8748,68.3452],[-74.7881,68.3625],[-74.8409,68.3922],[-74.7213,68.4042],[-74.8618,68.4309],[-74.7449,68.4753],[-74.9508,68.58],[-74.9915,68.6736],[-75.1774,68.6901],[-75.2503,68.7296]]],[[[-76.7104,69.4256],[-76.9524,69.405],[-77.1134,69.4554],[-77.3345,69.4185],[-77.3195,69.3415],[-77.3712,69.2579],[-77.2753,69.153],[-77.2207,69.1384],[-76.9128,69.1617],[-76.8802,69.1834],[-76.921,69.1996],[-76.9011,69.2312],[-76.7106,69.3121],[-76.6381,69.2989],[-76.6773,69.3316],[-76.6314,69.3938],[-76.7104,69.4256]]],[[[-102.071,77.9061],[-102.4538,77.8803],[-102.5063,77.8524],[-102.4915,77.8268],[-102.5221,77.7911],[-102.4285,77.784],[-102.451,77.7756],[-102.3852,77.7546],[-102.4138,77.7448],[-102.0691,77.6842],[-101.8128,77.6739],[-101.5118,77.729],[-100.8897,77.7378],[-101.2599,77.8566],[-101.7325,77.9094],[-102.071,77.9061]]],[[[-85.0813,66.0299],[-85.1597,65.989],[-85.1071,65.901],[-85.1318,65.8045],[-85.1008,65.7458],[-84.8768,65.6734],[-84.8186,65.5853],[-84.7275,65.5406],[-84.6322,65.5569],[-84.6449,65.5745],[-84.5573,65.6114],[-84.558,65.655],[-84.6116,65.6744],[-84.5545,65.6801],[-84.62,65.6952],[-84.6397,65.7675],[-84.7086,65.7888],[-84.6949,65.8276],[-84.8104,65.8643],[-84.7252,65.8699],[-84.7686,65.8674],[-84.81,65.8935],[-84.7907,65.9077],[-84.9009,65.9533],[-84.8481,65.9414],[-84.8651,65.9558],[-84.8223,65.954],[-84.8368,65.9726],[-84.9224,66.0195],[-84.9853,66.0224],[-85.0065,65.9919],[-84.9889,66.0229],[-85.0813,66.0299]]],[[[-70.7792,62.8417],[-71.2163,62.888],[-70.9343,62.8019],[-70.9556,62.8003],[-70.8973,62.8206],[-70.8961,62.7898],[-70.7285,62.7764],[-70.75,62.7613],[-70.728,62.7501],[-70.8935,62.7469],[-70.7992,62.7264],[-70.8503,62.7272],[-70.7778,62.6679],[-70.7983,62.6167],[-70.6863,62.5798],[-70.7306,62.5843],[-70.7138,62.5541],[-70.5946,62.5503],[-70.6657,62.5921],[-70.5474,62.5419],[-70.3632,62.5233],[-70.3207,62.5349],[-70.3566,62.5497],[-70.3069,62.5359],[-70.169,62.5765],[-70.2666,62.659],[-70.3766,62.6544],[-70.3174,62.6818],[-70.4124,62.7259],[-70.3388,62.7152],[-70.3628,62.7297],[-70.5684,62.7898],[-70.6241,62.7621],[-70.5942,62.7965],[-70.7792,62.8417]]],[[[-77.0278,63.6763],[-77.106,63.6809],[-77.0762,63.6495],[-77.2006,63.6872],[-77.2597,63.6563],[-77.3048,63.6887],[-77.4342,63.6345],[-77.27,63.6141],[-77.4186,63.5976],[-77.1509,63.532],[-77.2297,63.5269],[-77.0586,63.4506],[-77.0894,63.4489],[-77.0279,63.4544],[-77.0429,63.4228],[-76.9579,63.3973],[-76.7057,63.3632],[-76.6268,63.4012],[-76.7157,63.4106],[-76.5425,63.4479],[-76.648,63.4635],[-76.7427,63.4333],[-76.6013,63.5067],[-76.7056,63.524],[-76.7073,63.5526],[-76.6712,63.5609],[-76.8034,63.6143],[-77.0229,63.6343],[-76.9386,63.6452],[-77.0278,63.6763]]],[[[-67.9902,60.5748],[-68.2377,60.5831],[-68.3833,60.3756],[-68.436,60.2624],[-68.4171,60.2144],[-68.3292,60.1982],[-68.0606,60.2975],[-67.9685,60.2919],[-67.826,60.4619],[-67.9902,60.5748]]],[[[-79.4704,69.8114],[-79.6689,69.821],[-79.762,69.7931],[-79.7835,69.7541],[-79.8266,69.7694],[-79.9641,69.7228],[-80.0988,69.7503],[-80.1615,69.7185],[-80.1004,69.7629],[-80.1759,69.804],[-80.3293,69.7745],[-80.3414,69.8046],[-80.4227,69.801],[-80.5014,69.7679],[-80.4316,69.7229],[-80.2962,69.7093],[-80.4077,69.7156],[-80.3726,69.6826],[-80.4036,69.6697],[-80.4834,69.7327],[-80.6961,69.7541],[-80.8167,69.6951],[-80.7424,69.6664],[-80.482,69.6777],[-80.353,69.6244],[-80.3049,69.5602],[-80.2046,69.6384],[-80.2317,69.5127],[-80.1625,69.538],[-80.0157,69.4898],[-79.9057,69.5255],[-80.0627,69.6484],[-79.9234,69.6117],[-79.6455,69.6117],[-79.3273,69.7092],[-79.3251,69.7369],[-79.4022,69.7392],[-79.3931,69.769],[-79.4704,69.8114]]],[[[-99.7033,80.15],[-100.0723,80.0688],[-100.0069,80.0497],[-100.1545,80.0073],[-100.0761,79.9895],[-100.1545,79.9473],[-100.1199,79.944],[-100.1701,79.9244],[-100.1266,79.9072],[-100.1606,79.897],[-99.8757,79.8785],[-99.5685,79.9058],[-99.2771,79.8388],[-99.3133,79.8261],[-99.2778,79.8082],[-99.3439,79.8034],[-99.3175,79.788],[-99.3484,79.764],[-98.9563,79.7278],[-98.8833,79.7014],[-98.8954,79.6771],[-98.8288,79.6702],[-98.7696,79.7019],[-98.8051,79.7156],[-98.6988,79.7287],[-98.7239,79.7634],[-98.6267,79.7925],[-98.6968,79.8432],[-98.6675,79.8542],[-98.758,79.8775],[-98.732,79.8954],[-98.7726,79.9007],[-98.7341,79.9039],[-98.7896,79.9231],[-98.7083,79.9667],[-98.7996,80.0125],[-98.7675,80.0191],[-98.9256,80.0541],[-98.8648,80.0586],[-98.8842,80.072],[-98.8577,80.0853],[-99.0265,80.1248],[-99.4096,80.1053],[-99.5906,80.1382],[-99.5597,80.1495],[-99.7033,80.15]]],[[[-97.7362,74.1262],[-98.7751,74.0372],[-99.0284,73.9818],[-98.95,73.9503],[-99.0454,73.9634],[-99.4301,73.9107],[-99.3502,73.8662],[-98.8494,73.8547],[-98.7715,73.8138],[-98.7072,73.8283],[-98.7366,73.8386],[-98.7048,73.8713],[-98.7364,73.8844],[-98.6285,73.8393],[-98.1626,73.878],[-97.624,74.0575],[-97.6437,74.1007],[-97.7362,74.1262]]],[[[-84.3913,66.1428],[-84.4493,66.1358],[-84.4635,66.0656],[-84.3475,65.9875],[-84.2609,66.0069],[-84.2431,65.9753],[-84.1499,65.9666],[-84.1793,65.926],[-84.1062,65.9046],[-84.1218,65.8537],[-84.0651,65.8023],[-84.126,65.7621],[-83.9267,65.7277],[-83.9393,65.7498],[-83.7663,65.7907],[-83.8204,65.7421],[-83.6631,65.7465],[-83.7699,65.7214],[-83.7733,65.6738],[-83.8095,65.6813],[-83.8325,65.6495],[-83.7467,65.6689],[-83.624,65.6432],[-83.6645,65.6691],[-83.5917,65.6958],[-83.5687,65.6919],[-83.6244,65.6689],[-83.3186,65.6147],[-83.2632,65.6313],[-83.3644,65.6531],[-83.2171,65.6504],[-83.256,65.6937],[-83.1746,65.7074],[-83.4367,65.7245],[-83.5182,65.698],[-83.5027,65.7394],[-83.7838,65.8065],[-83.6631,65.8509],[-83.6436,65.9056],[-83.6758,65.9336],[-83.9926,66.0359],[-83.9674,66.0392],[-83.9788,66.0692],[-84.059,66.0538],[-84.3913,66.1428]]],[[[-64.7027,61.6582],[-64.7993,61.6456],[-64.9129,61.6793],[-64.9617,61.6473],[-64.9387,61.6713],[-65.0059,61.6944],[-65.1581,61.692],[-65.4463,61.6478],[-65.4722,61.6124],[-65.3855,61.5534],[-65.3474,61.579],[-65.3798,61.5575],[-65.3489,61.5647],[-65.3553,61.5277],[-65.2451,61.5407],[-65.2819,61.5132],[-65.2194,61.4984],[-65.202,61.5261],[-65.2143,61.5017],[-65.1654,61.4764],[-65.141,61.508],[-65.1592,61.4548],[-65.0021,61.4554],[-65.0935,61.4411],[-65.0677,61.4186],[-65.0392,61.4386],[-65.0227,61.3984],[-64.9542,61.425],[-64.9819,61.3819],[-64.8977,61.406],[-64.9697,61.3528],[-64.8753,61.3539],[-64.8974,61.3352],[-64.8368,61.3087],[-64.7499,61.3946],[-64.8702,61.3609],[-64.6921,61.4234],[-64.723,61.4374],[-64.6686,61.4584],[-64.744,61.4544],[-64.6525,61.5093],[-64.7508,61.4954],[-64.6499,61.5338],[-64.7408,61.5347],[-64.6585,61.5643],[-64.6278,61.6096],[-64.7811,61.6182],[-64.7027,61.6582]]],[[[-78.2797,69.377],[-78.5864,69.391],[-78.7189,69.3461],[-78.7092,69.3065],[-78.5995,69.2708],[-78.7508,69.2708],[-78.8507,69.2075],[-78.8415,69.1529],[-78.9513,69.1076],[-79.208,69.0957],[-79.3125,68.9708],[-79.4144,68.9229],[-79.3687,68.9158],[-79.3925,68.9081],[-79.3639,68.8626],[-79.2419,68.8378],[-78.8141,68.9171],[-78.8161,68.9422],[-78.7168,68.9744],[-78.7184,69.0133],[-78.5449,69.095],[-78.5403,69.1569],[-78.4463,69.1827],[-78.4691,69.2289],[-78.3557,69.2042],[-78.2094,69.2967],[-78.2797,69.377]]],[[[-104.2393,76.6785],[-104.6621,76.6028],[-104.6747,76.5603],[-104.5161,76.5029],[-104.5699,76.4838],[-104.4331,76.5014],[-104.3682,76.4609],[-104.4088,76.4559],[-104.3583,76.4545],[-104.4596,76.3929],[-104.0274,76.3578],[-104.377,76.3432],[-104.3242,76.328],[-103.5046,76.3158],[-103.1823,76.3612],[-102.992,76.4459],[-103.2481,76.4841],[-103.2356,76.5057],[-103.5,76.496],[-103.4512,76.51],[-103.6355,76.5421],[-103.5288,76.567],[-103.8339,76.6285],[-103.8885,76.6145],[-103.8503,76.5765],[-104.0719,76.5706],[-103.9737,76.5915],[-103.9863,76.6099],[-103.9108,76.6412],[-104.2393,76.6785]]],[[[-86.6332,68.3049],[-86.7826,68.2518],[-86.8908,68.179],[-86.8888,68.1193],[-86.9627,68.1129],[-86.9873,68.0805],[-86.8437,68.0109],[-86.8484,67.9724],[-86.9556,67.9301],[-86.9,67.8277],[-86.7958,67.7677],[-86.5707,67.725],[-86.4313,67.7935],[-86.3489,67.9541],[-86.4171,68.0924],[-86.4094,68.2043],[-86.6332,68.3049]]],[[[-103.085,76.3185],[-104.0633,76.2284],[-104.2689,76.2343],[-104.3351,76.2121],[-104.33,76.1903],[-104.4771,76.1641],[-104.3827,76.0931],[-104.1034,76.0563],[-103.3603,76.0423],[-102.665,76.118],[-102.5859,76.146],[-102.607,76.1633],[-102.5199,76.1599],[-102.5828,76.1916],[-102.5041,76.2159],[-102.7061,76.3179],[-103.085,76.3185]]],[[[-104.2121,75.4451],[-104.5017,75.4151],[-104.5337,75.3773],[-104.7064,75.3156],[-104.6696,75.3009],[-104.751,75.2863],[-104.6751,75.2709],[-104.9148,75.1275],[-104.5974,75.0561],[-104.2104,75.0227],[-103.849,75.0626],[-103.5909,75.1692],[-103.6605,75.2189],[-103.7573,75.2337],[-103.7323,75.2862],[-103.8264,75.3443],[-103.8137,75.3692],[-104.2121,75.4451]]],[[[-77.9514,63.4689],[-78.1769,63.4869],[-78.5304,63.4299],[-78.4982,63.4251],[-78.5146,63.4044],[-78.4762,63.366],[-77.9847,63.118],[-78.0105,63.1155],[-77.9286,63.1114],[-77.9459,63.0923],[-77.8519,63.0929],[-77.791,63.1134],[-77.8507,63.1209],[-77.5011,63.1941],[-77.5643,63.1982],[-77.4903,63.2365],[-77.5238,63.2601],[-77.497,63.2754],[-77.5552,63.2666],[-77.5235,63.3083],[-77.6223,63.3467],[-77.6033,63.3728],[-77.6387,63.3851],[-77.616,63.3901],[-77.6943,63.4054],[-77.6426,63.4199],[-77.8956,63.4246],[-77.77,63.4396],[-77.9514,63.4689]]],[[[-105.9548,77.7679],[-106.1145,77.7324],[-105.8353,77.6233],[-105.8745,77.5814],[-105.8149,77.5655],[-105.8669,77.5476],[-105.6469,77.517],[-105.7659,77.4664],[-105.6119,77.4118],[-105.6547,77.3891],[-105.5534,77.3809],[-105.611,77.3562],[-105.5376,77.3421],[-105.5648,77.3285],[-105.4554,77.2917],[-105.4759,77.2889],[-105.4468,77.2638],[-105.3039,77.2252],[-105.4385,77.2196],[-105.2737,77.2148],[-105.2779,77.1744],[-105.2287,77.1634],[-104.9674,77.1692],[-104.7871,77.1134],[-104.6107,77.1493],[-104.4507,77.1409],[-104.3469,77.2012],[-104.3888,77.2758],[-104.4761,77.2836],[-104.4379,77.3182],[-104.7142,77.3813],[-104.7432,77.418],[-105.0175,77.4072],[-105.0315,77.4236],[-104.9857,77.4392],[-105.041,77.4677],[-104.9675,77.4726],[-104.9582,77.4982],[-105.2049,77.6324],[-105.7078,77.7572],[-105.9548,77.7679]]],[[[-90.8831,77.6608],[-91.2065,77.6133],[-91.1894,77.5999],[-91.2275,77.5811],[-91.1977,77.5728],[-91.2452,77.5701],[-91.1957,77.537],[-91.2362,77.5241],[-91.2006,77.5173],[-91.2201,77.489],[-91.1842,77.4432],[-91.2374,77.4242],[-91.1376,77.4171],[-91.2289,77.4215],[-91.1953,77.4121],[-91.2189,77.3912],[-91.0022,77.3293],[-91.0236,77.3175],[-90.3723,77.2017],[-89.8998,77.2303],[-89.6344,77.3319],[-89.7409,77.3661],[-89.7149,77.4027],[-89.7395,77.468],[-90.0559,77.5682],[-90.2143,77.5873],[-90.1993,77.6078],[-90.8831,77.6608]]],[[[-74.3349,68.1839],[-74.3852,68.1516],[-74.3766,68.12],[-74.433,68.0976],[-74.4346,68.0615],[-74.7098,68.0803],[-74.758,68.0512],[-74.7743,67.9844],[-74.5687,67.8136],[-74.3142,67.7615],[-73.9778,67.7887],[-73.4257,67.7612],[-73.3329,67.8398],[-73.42,67.9211],[-73.3978,67.9645],[-73.5457,68.0149],[-73.5126,68.0468],[-73.7806,67.9875],[-74.1099,68.0721],[-74.2475,68.0617],[-74.2671,68.0782],[-74.1986,68.1159],[-74.2024,68.1408],[-74.3349,68.1839]]],[[[-79.2541,56.6267],[-79.2797,56.6186],[-79.3076,56.4396],[-79.4078,56.2102],[-79.5114,56.182],[-79.6447,56.0858],[-79.5952,56.171],[-79.5185,56.2132],[-79.4113,56.443],[-79.4527,56.5602],[-79.4902,56.5086],[-79.4592,56.5041],[-79.4687,56.4026],[-79.5364,56.2674],[-79.7453,56.1372],[-79.866,56.0103],[-79.829,56.0093],[-79.9816,55.9406],[-79.9659,55.9578],[-80.021,55.892],[-79.9309,55.9008],[-79.9239,55.8622],[-79.9228,55.8903],[-79.8544,55.9211],[-79.9019,55.853],[-79.8215,55.9246],[-79.9119,55.8508],[-79.9059,55.8187],[-79.8614,55.8282],[-79.5114,56.132],[-79.4653,56.0943],[-79.7828,55.7826],[-79.6145,55.9102],[-79.5479,55.8555],[-79.4917,55.8604],[-79.521,55.8601],[-79.3721,55.9548],[-79.2108,56.1859],[-79.1284,56.2375],[-79.1387,56.0954],[-79.2839,55.8489],[-79.2071,55.9353],[-79.1033,56.1612],[-79.0528,56.1914],[-79.0899,56.1906],[-79.0317,56.2244],[-79.1005,56.1705],[-79.084,56.3122],[-78.9892,56.372],[-79.013,56.3754],[-78.9359,56.3897],[-79.0069,56.3512],[-78.9533,56.3494],[-78.9889,56.237],[-79.1177,56.0573],[-79.2082,55.8581],[-78.9591,56.2831],[-78.8795,56.3076],[-78.9269,56.3188],[-78.9549,56.2909],[-78.9048,56.3431],[-78.9319,56.3432],[-78.9248,56.4285],[-79.0699,56.4373],[-79.1178,56.4751],[-79.1225,56.5313],[-79.2624,56.5536],[-79.2541,56.6267]]],[[[-95.4487,77.8064],[-95.9242,77.7619],[-96.262,77.6941],[-96.2326,77.6616],[-96.2933,77.6566],[-96.2653,77.6362],[-96.3038,77.6269],[-96.2639,77.6092],[-96.3306,77.6042],[-96.0687,77.5],[-95.8263,77.4645],[-94.8527,77.4903],[-93.7908,77.4354],[-93.8616,77.4583],[-93.5588,77.4459],[-93.4648,77.4809],[-93.494,77.5528],[-93.383,77.5867],[-93.4015,77.6308],[-93.0869,77.6619],[-93.2514,77.7382],[-93.647,77.7849],[-93.9205,77.7359],[-94.093,77.7479],[-94.0127,77.7539],[-94.0353,77.7656],[-94.3006,77.7776],[-94.3424,77.7553],[-94.3807,77.7637],[-94.3209,77.7659],[-94.713,77.7936],[-94.9833,77.7905],[-95.1574,77.753],[-95.2789,77.7497],[-95.3088,77.7747],[-95.3863,77.7401],[-95.4201,77.7439],[-95.4487,77.8064]]],[[[-81.105,53.1839],[-81.3684,53.2131],[-81.8219,53.1758],[-81.9579,53.1124],[-82.0508,53.0094],[-81.9468,52.9604],[-81.2976,52.8384],[-80.7104,52.6684],[-80.6719,52.7375],[-80.6736,52.7132],[-80.6697,52.789],[-80.7124,52.8078],[-80.7617,52.9311],[-80.9077,53.0775],[-81.105,53.1839]]],[[[-79.6032,62.415],[-79.7212,62.3715],[-79.8484,62.3938],[-79.9559,62.3615],[-80.0225,62.2726],[-80.2018,62.1543],[-80.2673,62.0035],[-80.2495,61.9171],[-80.2715,61.9107],[-80.2448,61.8424],[-80.194,61.8277],[-80.213,61.8034],[-80.0822,61.7901],[-80.0749,61.7558],[-79.9568,61.7013],[-79.849,61.5759],[-79.6818,61.611],[-79.6647,61.6766],[-79.5858,61.7087],[-79.5353,61.8089],[-79.4522,61.8755],[-79.4563,61.9504],[-79.3666,62.0411],[-79.327,61.9976],[-79.3027,62.0229],[-79.3547,62.0488],[-79.284,62.169],[-79.3015,62.2166],[-79.2611,62.2396],[-79.4659,62.3802],[-79.6032,62.415]]],[[[-106.6706,73.6768],[-107.0131,73.4714],[-106.7683,73.4678],[-106.0378,73.2801],[-106.1875,73.2956],[-106.0209,73.2318],[-106.0853,73.2316],[-105.9864,73.2193],[-106.0611,73.2131],[-105.9984,73.1963],[-106.1123,73.2123],[-105.848,73.1491],[-105.9153,73.1394],[-105.7939,73.1095],[-105.7757,73.0993],[-105.8151,73.101],[-105.73,73.0438],[-105.4164,72.9434],[-105.4334,72.9269],[-105.3932,72.8988],[-105.3154,72.892],[-105.3598,72.8856],[-105.3413,72.8676],[-105.2942,72.8868],[-105.2384,72.8507],[-105.2223,72.8703],[-105.2514,72.8813],[-105.1767,72.8778],[-105.2563,72.8822],[-105.2455,72.8993],[-105.3297,72.9317],[-105.2346,72.8999],[-105.1852,72.9155],[-105.3379,72.963],[-105.1444,72.9453],[-105.1384,72.9744],[-104.9735,73.0084],[-104.9422,73.0823],[-104.7838,73.1781],[-104.6976,73.1842],[-104.7401,73.1971],[-104.5225,73.3361],[-104.5237,73.3909],[-104.4908,73.4171],[-104.5242,73.4593],[-104.4468,73.5491],[-104.5234,73.6019],[-104.7859,73.6454],[-105.0755,73.7505],[-105.3067,73.7696],[-106.2874,73.7334],[-106.6706,73.6768]]],[[[-82.185,62.9864],[-82.3203,62.9834],[-82.4278,62.9274],[-82.7162,62.9403],[-83.0123,62.8438],[-83.1269,62.8565],[-83.2136,62.9258],[-83.3411,62.9201],[-83.5481,62.8285],[-83.5891,62.7487],[-83.5582,62.7367],[-83.5668,62.6922],[-83.7472,62.5645],[-83.9381,62.4838],[-83.9643,62.4302],[-83.7507,62.3079],[-83.7251,62.1374],[-83.3672,62.2558],[-83.1727,62.2128],[-83.1694,62.1561],[-83.0694,62.1857],[-82.47,62.4498],[-82.3324,62.5698],[-82.1471,62.6035],[-81.9579,62.7103],[-81.9455,62.7663],[-81.9704,62.7986],[-81.9277,62.8328],[-81.9591,62.8291],[-81.8652,62.9162],[-82.185,62.9864]]],[[[-98.134,78.82],[-98.3973,78.7737],[-98.335,78.7538],[-98.3998,78.7254],[-98.317,78.7137],[-98.3636,78.6556],[-98.2524,78.6231],[-98.2736,78.6067],[-98.117,78.5876],[-98.0353,78.5435],[-98.3533,78.5311],[-98.3296,78.5263],[-98.4185,78.5072],[-98.4048,78.4814],[-98.2141,78.4148],[-98.0701,78.4056],[-98.1095,78.3847],[-98.0254,78.3272],[-98.0831,78.3118],[-97.8264,78.2879],[-97.874,78.28],[-97.7753,78.2387],[-97.9385,78.2452],[-97.9653,78.2319],[-97.9476,78.2217],[-97.3003,78.2118],[-97.32,78.2001],[-96.8821,78.1334],[-96.9384,78.1166],[-96.9236,78.1017],[-96.8485,78.1084],[-96.9617,78.0718],[-97.7307,78.0874],[-97.6647,78.0565],[-97.8013,78.0382],[-97.0114,77.92],[-97.1257,77.8693],[-97.1333,77.831],[-97.1061,77.8248],[-97.1382,77.8011],[-96.849,77.7895],[-96.7536,77.8454],[-96.5627,77.8441],[-96.539,77.85],[-96.6043,77.8546],[-96.5109,77.8745],[-96.6888,77.8499],[-96.7552,77.8779],[-96.6345,77.8704],[-96.5647,77.9064],[-96.4761,77.9069],[-96.3857,77.861],[-96.2128,77.8684],[-96.2383,77.8606],[-95.4103,77.9719],[-95.1106,77.951],[-94.951,78.0587],[-94.9079,78.0586],[-94.9552,78.0811],[-94.8965,78.1094],[-95.243,78.2186],[-95.4432,78.2332],[-94.8282,78.3612],[-95.0742,78.4385],[-95.5541,78.5144],[-95.7232,78.519],[-95.9391,78.4782],[-96.2814,78.5163],[-96.3009,78.536],[-96.1651,78.623],[-96.3502,78.6195],[-96.5305,78.6834],[-96.8797,78.6971],[-97.0227,78.7426],[-97.5097,78.8032],[-98.134,78.82]]],[[[-94.8948,75.6395],[-95.2351,75.5866],[-95.2976,75.6057],[-95.3409,75.5869],[-95.3418,75.5427],[-95.4435,75.5704],[-95.4189,75.5746],[-95.7209,75.5332],[-95.8316,75.4702],[-95.7672,75.4352],[-95.6763,75.4373],[-95.7607,75.3964],[-95.9449,75.442],[-96.1381,75.4128],[-96.1769,75.3886],[-95.944,75.4094],[-95.7668,75.3725],[-95.9475,75.3515],[-95.8607,75.3701],[-95.97,75.3838],[-96.0139,75.3363],[-96.1568,75.3118],[-96.1683,75.2858],[-95.9037,75.3024],[-96.117,75.2751],[-95.9793,75.2493],[-96.2342,75.253],[-96.3734,75.2189],[-96.325,75.1952],[-96.3906,75.1729],[-96.4424,75.2055],[-96.488,75.1387],[-96.5911,75.0799],[-96.6258,74.9931],[-96.3668,75.0088],[-96.3901,74.93],[-96.233,74.9109],[-96.1809,74.9245],[-96.1757,74.9652],[-96.0756,75.0314],[-96.0588,75.0068],[-96.1367,74.9541],[-96.0196,74.9626],[-96.128,74.9245],[-95.8376,74.8514],[-95.9031,74.8284],[-95.7117,74.824],[-95.7405,74.8426],[-95.7082,74.8525],[-95.7673,74.8698],[-95.6066,74.8135],[-95.4961,74.825],[-95.4748,74.8033],[-95.5383,74.7809],[-95.5312,74.7474],[-95.4105,74.7546],[-95.4912,74.7778],[-95.4325,74.8109],[-95.3655,74.8096],[-95.4632,74.785],[-95.2704,74.8074],[-95.1424,74.7646],[-95.1843,74.7593],[-95.0477,74.751],[-95.0788,74.6828],[-94.8942,74.6717],[-94.8481,74.6942],[-94.6404,74.6328],[-93.7235,74.6428],[-93.486,74.6757],[-93.4448,74.7258],[-93.5436,74.7468],[-93.427,74.7632],[-93.3898,74.8822],[-93.4162,74.9711],[-93.5413,75.052],[-93.6375,75.0469],[-93.4857,75.0794],[-93.5051,75.1015],[-93.4694,75.1383],[-93.5815,75.2017],[-93.489,75.2429],[-93.4969,75.2752],[-93.6322,75.3116],[-93.8192,75.3123],[-93.6373,75.3234],[-93.6446,75.3584],[-93.8933,75.4185],[-94.3102,75.59],[-94.8948,75.6395]]],[[[-75.7585,68.3361],[-75.9433,68.3411],[-76.0836,68.296],[-76.2302,68.3004],[-76.2743,68.3392],[-76.7467,68.2185],[-76.9535,68.089],[-77.1935,67.866],[-77.2781,67.7365],[-77.2725,67.759],[-77.295,67.7121],[-77.2147,67.546],[-77.2189,67.4537],[-77.0017,67.2411],[-76.6719,67.2068],[-76.4591,67.2302],[-76.4851,67.2466],[-76.298,67.2386],[-76.3347,67.2508],[-76.3109,67.2573],[-75.8904,67.2465],[-75.5347,67.3083],[-75.5011,67.3473],[-75.3745,67.3509],[-75.1738,67.4391],[-75.0413,67.6004],[-75.0403,67.8249],[-75.1431,67.9414],[-75.0336,68.0389],[-75.0017,68.1217],[-75.023,68.1738],[-75.1365,68.2142],[-75.1262,68.2376],[-75.3855,68.257],[-75.7585,68.3361]]],[[[-78.0955,73.6648],[-78.6341,73.6639],[-78.6134,73.6593],[-78.6659,73.6515],[-78.65,73.6285],[-78.6777,73.6209],[-78.6678,73.6391],[-78.7048,73.6402],[-78.6443,73.6543],[-79.5217,73.6369],[-80.0215,73.735],[-80.0727,73.6888],[-80.4241,73.7668],[-80.84,73.7523],[-80.77,73.7115],[-80.7689,73.6722],[-80.8921,73.6127],[-80.8476,73.593],[-80.8687,73.551],[-80.698,73.492],[-80.8597,73.4785],[-80.8392,73.4114],[-80.8949,73.3869],[-80.8407,73.361],[-80.8753,73.3344],[-80.7636,73.278],[-80.196,73.2531],[-80.1262,73.2215],[-80.1052,73.1781],[-80.1711,73.1526],[-80.1189,73.1278],[-80.1769,73.046],[-80.0162,72.9292],[-80.0012,72.8679],[-79.5752,72.7559],[-79.1396,72.7536],[-78.2037,72.9043],[-77.6776,72.9029],[-76.497,72.8166],[-76.0531,72.8666],[-76.0977,72.8813],[-76.0496,72.9104],[-76.0751,72.9394],[-76.328,72.9576],[-76.3053,72.9622],[-76.324,72.9859],[-76.2462,73.0038],[-76.3199,73.0239],[-76.2824,73.0538],[-76.3224,73.0689],[-76.2496,73.0933],[-76.6838,73.1438],[-76.6188,73.1502],[-76.6503,73.1745],[-76.559,73.2226],[-76.7313,73.2843],[-76.7344,73.3083],[-76.6838,73.3114],[-76.705,73.3276],[-77.0,73.3328],[-76.9428,73.3339],[-77.0519,73.373],[-77.0218,73.3986],[-77.145,73.4527],[-77.1319,73.484],[-77.1891,73.5112],[-78.0955,73.6648]]],[[[-105.4109,79.3329],[-105.4773,79.3104],[-105.3971,79.2905],[-105.4512,79.275],[-105.4298,79.265],[-105.5527,79.2386],[-105.6465,79.173],[-105.6149,79.0345],[-105.3693,79.0098],[-104.9492,79.0575],[-104.6827,79.0222],[-104.6898,78.9862],[-104.8704,78.8952],[-104.8565,78.8793],[-105.0014,78.8526],[-104.9844,78.8368],[-105.0226,78.8131],[-104.9987,78.8008],[-104.7515,78.8115],[-104.5966,78.8504],[-104.4467,78.9292],[-104.4608,78.9463],[-104.1085,78.9836],[-104.0625,78.966],[-104.0991,78.9538],[-103.8131,78.899],[-104.1419,78.8274],[-104.2125,78.7769],[-103.9803,78.7603],[-103.8628,78.7793],[-103.8702,78.8102],[-103.7134,78.8101],[-103.6892,78.8038],[-103.8134,78.7474],[-103.5709,78.7749],[-103.5912,78.7476],[-103.4547,78.7924],[-103.2963,78.7349],[-103.5042,78.7047],[-103.4791,78.6678],[-103.8457,78.6701],[-104.016,78.6252],[-103.3856,78.6184],[-103.4429,78.6031],[-103.379,78.5889],[-103.4856,78.5708],[-103.4068,78.5445],[-103.4748,78.5286],[-103.4807,78.4964],[-104.7223,78.5848],[-104.8941,78.5601],[-105.019,78.5037],[-104.9621,78.4684],[-104.9909,78.4481],[-104.8218,78.3925],[-104.8115,78.3618],[-104.4332,78.2657],[-103.9512,78.2442],[-103.8981,78.2794],[-103.6702,78.3183],[-103.1157,78.3742],[-102.9095,78.3618],[-102.7771,78.3972],[-102.6196,78.3635],[-102.7391,78.3482],[-102.8147,78.2924],[-102.6056,78.2434],[-102.1541,78.2952],[-101.4194,78.2446],[-101.4289,78.2128],[-101.287,78.1774],[-101.0066,78.1951],[-100.9792,78.1831],[-101.0243,78.1731],[-101.0065,78.1476],[-100.7499,78.0965],[-100.7577,78.0716],[-100.8376,78.0621],[-100.7818,78.0277],[-100.8483,78.0162],[-100.5733,77.8918],[-100.5918,77.87],[-99.9088,77.7847],[-99.8059,77.822],[-99.1654,77.841],[-98.9861,77.8974],[-99.0732,77.9141],[-99.0456,77.9403],[-99.0892,77.9468],[-99.0896,77.9801],[-99.0285,77.9854],[-99.0485,77.9896],[-99.0247,78.0142],[-98.9153,78.0597],[-99.0635,78.0782],[-99.0976,78.1199],[-99.2984,78.1769],[-99.2944,78.1977],[-99.4223,78.2096],[-99.496,78.2869],[-99.7953,78.3047],[-99.747,78.3427],[-99.7811,78.3827],[-99.7531,78.4051],[-99.8808,78.4385],[-99.6431,78.4811],[-99.5863,78.5239],[-99.6275,78.5324],[-99.5823,78.5365],[-99.6407,78.5526],[-99.4788,78.5876],[-99.6362,78.6117],[-99.7882,78.5927],[-99.7395,78.6127],[-99.833,78.6458],[-100.0257,78.621],[-99.9933,78.6317],[-100.048,78.6454],[-99.863,78.6885],[-100.1158,78.7636],[-100.3609,78.7856],[-100.3007,78.786],[-100.3612,78.8366],[-100.8058,78.8005],[-100.9063,78.7646],[-101.0191,78.8053],[-101.2059,78.8044],[-101.2258,78.8257],[-100.9578,78.9357],[-101.1274,78.9804],[-101.2574,78.9686],[-101.5921,79.0753],[-101.8471,79.0909],[-102.3861,79.0189],[-102.3777,78.9455],[-102.4318,78.9014],[-102.569,78.8678],[-102.6254,78.9142],[-102.5791,78.9524],[-102.7719,78.9419],[-102.6675,78.9863],[-102.6211,79.0248],[-102.6595,79.0348],[-102.6015,79.0673],[-102.6274,79.1006],[-102.6888,79.0979],[-102.6736,79.1182],[-102.7644,79.1254],[-102.7458,79.1404],[-102.9344,79.2075],[-102.8641,79.2349],[-102.9342,79.2248],[-103.0857,79.2859],[-103.3921,79.2943],[-103.7215,79.3644],[-103.9692,79.3737],[-105.149,79.2996],[-105.4109,79.3329]]],[[[-97.9523,69.9049],[-98.0263,69.8856],[-98.0752,69.8163],[-98.2479,69.7611],[-98.301,69.7033],[-98.3053,69.6294],[-98.3401,69.6133],[-98.2264,69.5927],[-98.1486,69.51],[-97.9734,69.4375],[-98.0627,69.4327],[-98.1088,69.4678],[-98.0694,69.4588],[-98.1968,69.4829],[-98.3528,69.5751],[-98.5345,69.5928],[-98.5737,69.5578],[-98.5469,69.5163],[-98.3832,69.4589],[-98.5514,69.4905],[-98.5791,69.4353],[-98.3956,69.3763],[-98.3839,69.3523],[-98.4087,69.3538],[-98.3447,69.3054],[-98.4807,69.3167],[-98.4685,69.295],[-98.5157,69.2766],[-98.6334,69.3096],[-98.5834,69.2878],[-98.643,69.2957],[-98.6817,69.2406],[-98.6662,69.2122],[-98.7093,69.1862],[-98.9193,69.1921],[-98.929,69.1564],[-99.0328,69.1348],[-99.2635,69.1642],[-99.3204,69.12],[-99.4095,69.1497],[-99.4166,69.119],[-99.4407,69.1306],[-99.4206,69.1067],[-99.4646,69.1221],[-99.4745,69.0848],[-99.5064,69.0881],[-99.4873,69.0529],[-99.5242,69.053],[-99.5406,69.0119],[-99.4406,68.9947],[-99.4681,68.9813],[-99.4107,68.9007],[-99.1714,68.835],[-99.0215,68.8718],[-99.1779,68.9325],[-98.9863,68.9198],[-99.0127,68.9555],[-98.974,68.9655],[-98.9967,68.976],[-98.8186,68.9317],[-98.8019,68.9516],[-98.7663,68.8932],[-98.8233,68.9055],[-98.7845,68.8887],[-98.8498,68.8791],[-98.8269,68.8426],[-98.6726,68.7893],[-98.5657,68.8079],[-98.451,68.7402],[-98.3524,68.7769],[-98.4069,68.8417],[-98.3465,68.8634],[-98.2093,68.8263],[-98.2349,68.8116],[-98.2052,68.7956],[-98.2766,68.7682],[-98.0852,68.6811],[-97.9907,68.6958],[-97.7458,68.6446],[-97.7718,68.6633],[-97.7272,68.6663],[-97.4802,68.5559],[-97.123,68.515],[-97.0438,68.5408],[-97.0846,68.559],[-97.0939,68.612],[-96.9631,68.5399],[-96.5422,68.4538],[-96.2577,68.4698],[-96.2018,68.5245],[-96.0371,68.5787],[-95.9528,68.6401],[-95.8328,68.6056],[-95.8096,68.6326],[-95.829,68.666],[-95.7617,68.7168],[-95.7822,68.7183],[-95.7519,68.7336],[-95.7614,68.759],[-95.7153,68.7276],[-95.5373,68.7694],[-95.5436,68.7428],[-95.5058,68.7284],[-95.5251,68.6734],[-95.3791,68.7744],[-95.2348,68.8094],[-95.211,68.8538],[-95.1564,68.8692],[-95.3036,68.9092],[-95.4951,68.8459],[-95.6479,68.8365],[-95.6351,68.8611],[-95.7176,68.8877],[-95.702,68.9032],[-95.8264,68.8819],[-95.8188,68.9842],[-95.9133,68.9774],[-95.8564,69.0197],[-95.9648,69.059],[-95.8867,69.0972],[-95.9335,69.1],[-95.908,69.1487],[-96.0297,69.2137],[-95.9861,69.219],[-96.0166,69.245],[-96.0487,69.2367],[-96.0418,69.2069],[-96.1326,69.1849],[-96.0596,69.13],[-96.1433,69.1503],[-96.067,69.1232],[-96.1173,69.1136],[-96.0998,69.0779],[-96.1244,69.0606],[-96.0657,69.0528],[-96.1683,69.022],[-96.166,69.0],[-96.123,69.0382],[-96.189,69.0462],[-96.1561,69.0706],[-96.2305,69.0748],[-96.1513,69.0784],[-96.2069,69.0951],[-96.1575,69.1073],[-96.1919,69.1243],[-96.1628,69.1499],[-96.2348,69.1689],[-96.1332,69.1939],[-96.1815,69.2339],[-96.1458,69.2438],[-96.1427,69.2807],[-96.2628,69.3504],[-96.4305,69.3855],[-96.5559,69.4492],[-96.627,69.4375],[-96.759,69.5146],[-96.7608,69.4848],[-96.8237,69.5266],[-96.854,69.4838],[-97.0793,69.5854],[-97.0798,69.6426],[-97.2338,69.6728],[-97.2173,69.694],[-97.253,69.708],[-97.3838,69.5819],[-97.3826,69.629],[-97.4893,69.6725],[-97.3105,69.7003],[-97.3747,69.7138],[-97.3819,69.758],[-97.6661,69.8163],[-97.644,69.8253],[-97.6672,69.8451],[-97.6351,69.8475],[-97.6587,69.8587],[-97.9523,69.9049]]],[[[-106.0,75.0713],[-106.0822,75.1037],[-106.0139,75.1385],[-105.8639,75.1471],[-105.8676,75.1743],[-105.8034,75.1871],[-105.9157,75.2235],[-105.8498,75.2831],[-105.7245,75.334],[-105.716,75.3078],[-105.6896,75.3218],[-105.7173,75.3403],[-105.6202,75.3658],[-105.6926,75.4113],[-105.5905,75.4433],[-105.689,75.4688],[-105.5831,75.4632],[-105.7196,75.4997],[-105.4545,75.5616],[-105.4406,75.6141],[-105.3581,75.6525],[-105.3623,75.7166],[-105.4486,75.7363],[-105.3761,75.7555],[-105.4631,75.8856],[-105.6427,75.9612],[-105.9195,76.0171],[-106.5856,76.0701],[-106.8699,75.9776],[-106.8968,75.9371],[-106.843,75.8912],[-106.871,75.8362],[-106.5671,75.8055],[-106.8645,75.7736],[-106.8412,75.7619],[-106.8808,75.7341],[-106.8781,75.6857],[-106.8405,75.65],[-106.8983,75.6649],[-106.9526,75.7361],[-106.9197,75.7542],[-106.999,75.7748],[-106.9355,75.7987],[-107.0201,75.7956],[-107.1053,75.849],[-107.0223,75.8983],[-107.0428,75.903],[-107.3378,75.9201],[-107.7349,75.8896],[-107.9301,75.7946],[-107.8918,75.7724],[-107.9755,75.7827],[-107.9323,75.7568],[-108.0118,75.7944],[-108.0107,75.835],[-107.9031,75.8623],[-107.8736,75.9047],[-107.7243,75.9183],[-107.7834,75.9314],[-107.6069,76.0011],[-107.8616,76.0705],[-108.4875,76.0403],[-108.343,76.0883],[-108.4399,76.096],[-108.3453,76.1366],[-108.372,76.1472],[-108.3479,76.1788],[-108.0574,76.2308],[-108.2106,76.2413],[-108.1939,76.265],[-108.0345,76.277],[-108.174,76.3137],[-108.2017,76.3377],[-108.1426,76.348],[-108.2565,76.3923],[-108.5697,76.4176],[-108.5793,76.4353],[-108.4461,76.465],[-108.575,76.4876],[-108.4916,76.519],[-108.6215,76.5194],[-108.4843,76.5626],[-108.6227,76.5799],[-108.6005,76.5965],[-108.7121,76.6102],[-108.6361,76.6136],[-108.7152,76.6401],[-108.4971,76.6571],[-108.522,76.6708],[-108.3919,76.7147],[-108.4265,76.7506],[-108.7068,76.7731],[-108.6125,76.8168],[-108.7,76.8389],[-109.2805,76.8038],[-109.3379,76.7789],[-109.2933,76.7673],[-109.3168,76.7557],[-109.4709,76.7271],[-109.4344,76.7175],[-109.5065,76.6991],[-109.4835,76.6781],[-109.5393,76.6544],[-109.5261,76.6283],[-109.6146,76.6179],[-109.5829,76.5926],[-109.7224,76.6016],[-109.7079,76.5835],[-109.7436,76.5692],[-109.7181,76.5593],[-109.8258,76.5421],[-109.6717,76.5285],[-109.7645,76.5091],[-109.7592,76.4862],[-109.8354,76.5068],[-109.8345,76.246],[-109.6571,76.2176],[-109.7337,76.1983],[-109.4883,76.1853],[-109.5239,76.1747],[-109.2858,76.1147],[-109.2657,76.1053],[-109.3761,76.0749],[-109.238,76.0279],[-109.3951,76.0469],[-109.4206,76.0427],[-109.3722,76.0397],[-109.4285,76.0328],[-109.3511,76.02],[-109.833,75.9339],[-109.8324,75.8644],[-109.6764,75.8875],[-109.6189,75.8733],[-109.6879,75.8436],[-109.6002,75.8439],[-109.6867,75.8186],[-109.6606,75.808],[-109.3663,75.8016],[-109.4547,75.7921],[-108.8127,75.695],[-108.9226,75.6768],[-108.7866,75.6153],[-108.8927,75.5738],[-108.8339,75.5634],[-109.0514,75.5544],[-108.8432,75.517],[-108.8917,75.5113],[-108.8858,75.4796],[-109.8314,75.5342],[-109.8306,74.8757],[-109.5294,74.8627],[-109.3593,74.903],[-109.3881,74.917],[-109.3171,74.957],[-108.9602,74.9934],[-109.008,75.0077],[-108.8811,74.9996],[-108.9358,75.0062],[-108.9199,75.0396],[-108.9565,75.0438],[-108.7893,75.0757],[-108.577,75.0505],[-108.472,74.9752],[-108.7992,74.9907],[-108.5089,74.9679],[-108.5075,74.9408],[-108.3297,74.9188],[-107.9271,74.9326],[-108.0668,74.9484],[-107.9321,74.955],[-107.9878,74.9991],[-107.9447,75.0204],[-107.7502,75.0194],[-107.7138,75.0435],[-107.7653,75.0977],[-107.7172,75.1007],[-107.6598,75.0504],[-107.7241,75.026],[-107.6607,74.9769],[-107.1875,74.9134],[-106.8978,74.9322],[-106.7753,74.9621],[-106.7701,74.9994],[-106.2253,75.0217],[-105.9855,75.0576],[-106.1331,75.0722],[-106.0,75.0713]],[[-105.922,75.5055],[-105.9079,75.5],[-105.969,75.5174],[-105.922,75.5055]]],[[[-98.7468,76.6865],[-98.8653,76.6707],[-98.4494,76.6522],[-98.545,76.6511],[-98.4802,76.635],[-98.5949,76.6166],[-98.5531,76.5842],[-98.6173,76.6159],[-98.7331,76.6145],[-98.7025,76.5758],[-98.7654,76.6156],[-99.029,76.6],[-98.9973,76.5922],[-99.0735,76.5777],[-99.0323,76.5542],[-99.0594,76.5345],[-98.98,76.531],[-98.8453,76.4584],[-98.8991,76.4444],[-98.8129,76.4283],[-98.9463,76.4399],[-98.9439,76.4739],[-99.0544,76.461],[-98.983,76.4527],[-99.0169,76.4474],[-99.1336,76.4598],[-99.0617,76.3935],[-99.2482,76.4493],[-99.2457,76.4791],[-99.1233,76.5024],[-99.2899,76.4964],[-99.5552,76.5896],[-99.535,76.598],[-99.6892,76.5948],[-99.5464,76.6036],[-99.6536,76.6326],[-99.908,76.6118],[-100.2648,76.6421],[-100.7254,76.5503],[-100.6755,76.5388],[-100.9908,76.4991],[-100.7237,76.3828],[-100.565,76.3865],[-100.5886,76.3657],[-100.063,76.3978],[-100.1661,76.3644],[-100.0284,76.3224],[-99.908,76.3271],[-100.0396,76.3068],[-99.8257,76.2813],[-100.1851,76.3231],[-100.1922,76.3017],[-100.0221,76.2779],[-100.3265,76.288],[-100.5035,76.2607],[-100.4347,76.2175],[-99.9535,76.2038],[-99.8156,76.1612],[-99.7172,76.1676],[-99.7796,76.1562],[-99.7116,76.1399],[-99.4104,76.1593],[-99.6829,76.1254],[-100.0679,76.158],[-100.2375,76.1313],[-100.1234,76.1103],[-100.0759,76.0743],[-100.0835,76.0418],[-99.9718,76.0303],[-100.0511,76.0115],[-99.8586,75.9854],[-99.9128,75.9624],[-99.8248,75.9516],[-99.8798,75.943],[-99.4181,75.9632],[-99.6104,75.9567],[-99.5883,75.9445],[-99.8526,75.9104],[-99.912,75.8757],[-99.9776,75.9247],[-100.1966,75.9141],[-100.0665,75.9459],[-100.2021,75.9802],[-100.1906,76.007],[-100.3004,76.0565],[-100.5976,76.0791],[-100.3705,76.1194],[-100.7018,76.0887],[-100.599,76.1373],[-100.6955,76.1425],[-100.6697,76.1513],[-100.8694,76.2247],[-101.1264,76.2408],[-101.0864,76.2676],[-101.1011,76.3119],[-101.0517,76.3292],[-101.2818,76.4148],[-101.8982,76.449],[-102.0364,76.3984],[-101.9489,76.3621],[-102.0546,76.3704],[-102.1008,76.3452],[-102.0375,76.3224],[-102.1959,76.2924],[-102.0842,76.2946],[-102.0415,76.264],[-102.1673,76.2365],[-102.0599,76.2111],[-101.7098,76.214],[-101.3546,76.2529],[-101.7692,76.176],[-101.7967,76.159],[-101.7672,76.1417],[-101.9207,76.1016],[-101.8314,76.0194],[-101.6647,75.9767],[-101.2721,76.0133],[-101.6061,75.9301],[-101.5254,75.8836],[-101.534,75.8599],[-101.3565,75.8541],[-101.3152,75.8071],[-101.3619,75.7774],[-100.9094,75.8127],[-101.293,75.7502],[-101.4379,75.7676],[-101.4415,75.8238],[-101.7216,75.864],[-101.8386,75.9101],[-102.1492,75.8842],[-102.3441,75.8368],[-102.3603,75.7826],[-102.1007,75.7924],[-102.252,75.7424],[-102.0274,75.7046],[-102.3514,75.7362],[-102.5724,75.7158],[-102.4891,75.7062],[-102.6707,75.6776],[-102.6642,75.6477],[-102.7092,75.6324],[-102.6013,75.6207],[-102.8659,75.6336],[-102.7377,75.5818],[-102.7669,75.549],[-102.6521,75.5376],[-102.6632,75.5028],[-102.6149,75.4995],[-102.3686,75.5498],[-101.995,75.5504],[-101.4794,75.6095],[-101.34,75.6042],[-101.3677,75.5827],[-101.3465,75.575],[-101.0616,75.622],[-100.9485,75.6067],[-99.6923,75.6961],[-99.5206,75.6962],[-99.726,75.6722],[-98.8469,75.7045],[-99.7819,75.668],[-99.748,75.667],[-99.8578,75.6215],[-99.6276,75.6096],[-100.037,75.5562],[-99.8186,75.5454],[-100.3003,75.5222],[-99.6553,75.5118],[-99.8348,75.4813],[-100.2992,75.4774],[-99.9847,75.4616],[-100.0147,75.4563],[-100.7141,75.4348],[-100.4118,75.3827],[-100.5903,75.3474],[-100.7089,75.3567],[-100.5788,75.3772],[-100.7846,75.3549],[-100.5102,75.2956],[-100.1935,75.3305],[-100.1773,75.3034],[-100.3733,75.2685],[-99.928,75.231],[-100.4215,75.2281],[-100.5431,75.1942],[-100.3792,75.1643],[-100.4105,75.1547],[-100.3495,75.1062],[-100.3639,75.0264],[-100.0728,74.9877],[-99.4017,74.9915],[-99.4713,75.0282],[-99.2792,75.1276],[-99.2584,75.1098],[-99.3979,75.0371],[-99.3504,75.0008],[-99.3944,74.9977],[-98.9524,75.0046],[-98.9699,75.0414],[-98.8329,75.0614],[-98.8863,75.0356],[-98.6522,74.9886],[-98.3057,75.0298],[-97.972,75.0251],[-97.9275,75.0615],[-97.9545,75.1137],[-98.1315,75.1505],[-98.1482,75.1828],[-98.0672,75.1906],[-98.0426,75.206],[-98.0607,75.2299],[-98.0163,75.2024],[-98.0436,75.1724],[-97.8474,75.109],[-97.6141,75.1144],[-97.562,75.1574],[-97.6987,75.1826],[-97.6521,75.1947],[-97.8081,75.2028],[-97.7302,75.2081],[-97.864,75.2673],[-97.8791,75.3106],[-97.9084,75.2835],[-97.8904,75.2581],[-98.0137,75.2847],[-97.9518,75.2846],[-97.9753,75.2976],[-97.8848,75.3292],[-98.0254,75.3184],[-98.0156,75.2955],[-98.0596,75.2811],[-98.1337,75.3085],[-98.0644,75.3284],[-98.1685,75.3328],[-98.0994,75.3765],[-98.0527,75.3766],[-98.1004,75.3581],[-98.056,75.34],[-98.0312,75.3721],[-97.8619,75.3579],[-97.8435,75.3773],[-98.0495,75.4115],[-97.7877,75.433],[-98.0643,75.4549],[-97.9356,75.468],[-98.0656,75.4942],[-97.9773,75.4794],[-97.9284,75.4912],[-97.9619,75.5142],[-97.903,75.5224],[-97.8303,75.501],[-97.8374,75.4641],[-97.7223,75.4693],[-97.7897,75.5332],[-97.9829,75.5622],[-97.7614,75.5406],[-97.694,75.5687],[-97.6003,75.5195],[-97.4405,75.4954],[-97.4856,75.4918],[-97.4712,75.4333],[-97.2591,75.4003],[-97.3844,75.4546],[-97.4181,75.6124],[-97.3747,75.6396],[-97.3667,75.6917],[-97.9403,75.736],[-97.6431,75.7967],[-97.5468,75.8725],[-97.6109,75.8884],[-97.5999,75.9265],[-97.6513,75.9845],[-97.5652,76.0472],[-97.5876,76.0723],[-97.4692,76.1322],[-97.4783,76.177],[-97.7154,76.2716],[-97.7061,76.3059],[-97.7925,76.3136],[-97.7306,76.3488],[-97.7223,76.4006],[-97.65,76.4157],[-97.693,76.4676],[-97.6731,76.489],[-98.3549,76.5716],[-98.3877,76.5901],[-98.1365,76.5848],[-98.4034,76.62],[-98.4337,76.6369],[-98.3848,76.6622],[-98.4536,76.6795],[-98.7468,76.6865]]],[[[-93.4911,74.1791],[-93.8333,74.1303],[-93.743,74.1456],[-93.7372,74.0828],[-93.8282,74.0828],[-93.9205,74.1447],[-94.7394,74.0998],[-95.2819,73.9953],[-95.3363,73.9399],[-95.2848,73.8803],[-95.1477,73.8326],[-95.0314,73.8594],[-94.9481,73.8406],[-95.1246,73.8097],[-94.9118,73.7408],[-94.9665,73.7378],[-94.7687,73.7031],[-94.9487,73.7294],[-94.8578,73.6835],[-94.6632,73.6851],[-94.5963,73.6537],[-95.0285,73.6811],[-95.2963,73.7808],[-95.3648,73.7345],[-95.3876,73.7493],[-95.3419,73.7642],[-95.4417,73.7803],[-95.6398,73.7407],[-95.6468,73.701],[-95.7037,73.6907],[-95.6559,73.6686],[-95.7016,73.637],[-95.5905,73.6312],[-95.5697,73.6203],[-95.6059,73.6149],[-95.5317,73.5882],[-95.6535,73.5912],[-95.5956,73.5663],[-95.6753,73.5569],[-95.5877,73.5503],[-95.6384,73.5212],[-95.6066,73.5143],[-95.6553,73.4995],[-95.6708,73.4514],[-95.6159,73.4453],[-95.6476,73.4417],[-95.6437,73.4152],[-95.6026,73.4008],[-95.6413,73.3961],[-95.5597,73.3796],[-95.611,73.3758],[-95.6013,73.3362],[-95.6428,73.3298],[-95.5376,73.2909],[-95.5839,73.2849],[-95.5531,73.2688],[-95.5836,73.2469],[-95.5338,73.235],[-95.5838,73.229],[-95.5403,73.1944],[-95.5741,73.1923],[-95.5482,73.1715],[-95.5668,73.1622],[-95.4788,73.1302],[-95.6577,73.1161],[-95.669,73.0837],[-95.6317,73.0706],[-95.627,73.027],[-95.6949,73.0194],[-95.6981,72.9959],[-95.596,72.928],[-95.6516,72.9067],[-95.6678,72.8051],[-95.5466,72.7905],[-95.5563,72.7659],[-95.5187,72.7449],[-95.6095,72.7372],[-95.5714,72.7134],[-95.5991,72.704],[-95.3492,72.6466],[-95.315,72.6208],[-95.3435,72.6127],[-95.2961,72.5996],[-95.3526,72.6005],[-95.2974,72.575],[-95.313,72.5439],[-95.1982,72.5303],[-95.1159,72.4649],[-95.1945,72.4553],[-95.1264,72.4352],[-95.2403,72.4442],[-95.1554,72.3691],[-95.1937,72.3324],[-95.1763,72.2443],[-95.202,72.205],[-95.1491,72.166],[-95.1625,72.1331],[-94.7643,72.1621],[-95.192,72.1071],[-95.0759,72.0968],[-95.1871,72.0746],[-95.2082,72.0535],[-95.1741,72.0219],[-95.2102,71.9964],[-95.0567,72.0054],[-95.183,71.9722],[-94.3305,72.0384],[-94.2429,72.0295],[-94.324,72.0288],[-94.3263,72.0059],[-94.2256,72.0261],[-94.1766,71.9952],[-94.0458,71.9891],[-94.0845,72.0003],[-94.0139,72.0083],[-94.0769,72.0182],[-94.0315,72.0719],[-94.1223,72.0202],[-94.2473,72.0325],[-94.0265,72.0932],[-94.0187,72.1595],[-93.8555,72.2647],[-93.8274,72.3135],[-93.6393,72.339],[-93.546,72.4257],[-93.4399,72.4495],[-93.4853,72.5357],[-93.5619,72.5881],[-93.7961,72.655],[-93.7574,72.7482],[-93.8676,72.7074],[-94.1275,72.7386],[-94.291,72.7147],[-94.3201,72.7319],[-94.2899,72.7769],[-93.5855,72.7823],[-93.31,72.8236],[-93.2108,72.7879],[-92.3691,72.7108],[-92.1123,72.739],[-91.8104,72.8681],[-91.3361,73.2085],[-91.6696,73.2273],[-91.2558,73.2647],[-91.1983,73.3282],[-90.9249,73.4816],[-90.916,73.5075],[-90.9878,73.541],[-90.9795,73.5602],[-90.7709,73.5556],[-90.3518,73.7903],[-90.3595,73.8653],[-90.2904,73.8733],[-90.2573,73.853],[-90.2776,73.8407],[-90.1604,73.8993],[-90.6933,73.9796],[-91.5331,74.0319],[-91.9184,74.0186],[-92.0948,73.9916],[-92.0731,73.9834],[-92.1178,73.9534],[-92.3216,73.9453],[-92.2515,73.9762],[-92.261,74.0191],[-92.5964,74.1161],[-92.732,74.0826],[-92.7522,74.0912],[-92.703,74.1167],[-93.4911,74.1791]]],[[[-100.0143,73.9488],[-100.2638,73.9179],[-100.3069,73.8684],[-100.1405,73.831],[-99.9634,73.8462],[-99.9776,73.8635],[-99.9303,73.8815],[-99.8237,73.875],[-100.0332,73.7703],[-100.543,73.8663],[-100.9766,73.8157],[-101.0366,73.7745],[-100.976,73.7798],[-100.9967,73.7573],[-101.1266,73.7355],[-101.0183,73.7193],[-101.0739,73.7],[-101.0486,73.6763],[-100.8484,73.66],[-100.9076,73.627],[-100.6345,73.5974],[-100.5303,73.6165],[-100.567,73.5939],[-100.5226,73.5749],[-100.616,73.4997],[-100.4226,73.4092],[-100.6689,73.4701],[-100.9052,73.6079],[-101.2,73.6106],[-101.2669,73.5601],[-101.4515,73.5507],[-101.5423,73.5139],[-101.5098,73.4975],[-101.6214,73.497],[-101.5232,73.4646],[-101.5637,73.4531],[-101.2894,73.4044],[-101.2858,73.3622],[-101.0068,73.3311],[-101.0222,73.3034],[-100.9556,73.2783],[-100.8291,73.2654],[-100.3393,73.324],[-100.3907,73.3593],[-100.3498,73.3702],[-100.386,73.4043],[-100.265,73.3699],[-100.0857,73.2543],[-99.761,73.2159],[-100.0487,73.187],[-100.0311,73.2008],[-100.1343,73.2311],[-100.0846,73.2497],[-100.1741,73.2377],[-100.2655,73.2858],[-100.3792,73.2704],[-100.352,73.2943],[-100.5203,73.234],[-100.444,73.2056],[-100.5141,73.2032],[-100.5909,73.1461],[-100.4847,73.1291],[-100.5087,73.0829],[-100.2361,73.1447],[-100.2039,73.1352],[-100.286,73.1372],[-100.2498,73.1206],[-100.32,73.1089],[-100.1603,73.0984],[-100.1795,73.0895],[-100.1471,73.0806],[-100.226,73.0616],[-100.1166,73.0611],[-100.1523,73.0374],[-100.1196,73.0396],[-100.1448,73.0225],[-100.1095,73.0009],[-100.1811,72.9977],[-100.0344,72.9712],[-100.0573,72.9607],[-100.0133,72.9432],[-100.1021,72.9296],[-99.9962,72.8882],[-100.081,72.904],[-100.0846,72.8829],[-100.3118,72.8718],[-100.3371,72.9043],[-100.2241,72.9439],[-100.273,72.9681],[-100.3177,72.9489],[-100.2614,72.9305],[-100.3098,72.934],[-100.4145,72.9881],[-100.3551,73.0021],[-100.4092,73.0139],[-100.2941,73.034],[-100.3519,73.0602],[-100.379,73.0422],[-100.3574,73.0289],[-100.4641,73.024],[-100.4169,73.0014],[-100.491,72.9605],[-100.3785,72.9534],[-100.4388,72.9277],[-100.3604,72.8968],[-100.4011,72.881],[-100.3403,72.8723],[-100.3824,72.8654],[-100.3091,72.8678],[-100.2893,72.8596],[-100.3347,72.8606],[-100.3146,72.8187],[-100.166,72.7873],[-100.3004,72.8096],[-100.4176,72.7403],[-100.6309,72.75],[-100.5679,72.7197],[-100.6507,72.7287],[-100.6765,72.7423],[-100.6331,72.7535],[-100.6639,72.7653],[-100.8341,72.7541],[-100.8517,72.7419],[-100.7758,72.7203],[-100.8594,72.6911],[-101.2714,72.7143],[-101.3998,72.7587],[-101.263,72.7477],[-101.2957,72.7751],[-101.2654,72.7943],[-101.4891,72.8011],[-101.4602,72.809],[-101.4806,72.8284],[-101.4261,72.8173],[-101.4947,72.8552],[-101.4872,72.8786],[-101.5804,72.8979],[-101.5642,72.9259],[-101.6107,72.9133],[-101.577,72.8883],[-101.6022,72.8886],[-101.8814,72.996],[-101.7171,72.9744],[-101.7663,72.9834],[-101.7393,72.9897],[-101.7766,73.0202],[-101.8848,73.018],[-101.8902,73.0617],[-101.953,73.0453],[-101.994,73.073],[-102.2329,73.0924],[-102.5243,73.0232],[-102.5331,72.9793],[-102.589,72.944],[-102.5831,72.9106],[-102.7265,72.829],[-102.7469,72.766],[-102.6938,72.7558],[-102.7219,72.731],[-102.6678,72.6877],[-102.3448,72.5903],[-102.3546,72.5717],[-101.9008,72.4828],[-101.9536,72.4658],[-101.8923,72.4279],[-101.9275,72.4163],[-101.8532,72.3839],[-101.9008,72.3666],[-101.7497,72.3084],[-101.7836,72.2972],[-101.4789,72.2979],[-101.5169,72.2844],[-101.4479,72.2649],[-101.4895,72.236],[-101.3784,72.2481],[-101.4095,72.2802],[-101.2101,72.3488],[-101.1077,72.2833],[-101.0368,72.285],[-101.0801,72.2591],[-101.0146,72.2565],[-101.0561,72.2426],[-100.916,72.1639],[-100.9211,72.1892],[-100.8838,72.1911],[-100.9062,72.1969],[-100.8543,72.1901],[-100.9137,72.1999],[-100.9046,72.2178],[-100.8403,72.1893],[-100.7543,72.2093],[-100.6102,72.1883],[-100.5863,72.171],[-100.6069,72.1634],[-100.463,72.128],[-100.5042,72.1158],[-100.4527,72.0842],[-100.4035,72.1055],[-100.4476,72.0621],[-100.3259,72.0297],[-100.2946,71.9746],[-100.0718,71.9051],[-100.0583,71.8688],[-99.8264,71.8536],[-99.8129,71.8125],[-99.669,71.7643],[-99.5442,71.6165],[-99.3789,71.5845],[-99.3996,71.6049],[-99.3782,71.6234],[-99.3462,71.5507],[-99.39,71.5412],[-99.2178,71.353],[-98.9488,71.3908],[-98.8177,71.3033],[-98.7147,71.2809],[-98.4387,71.3254],[-98.3178,71.3997],[-98.1794,71.4246],[-98.2017,71.4313],[-98.0426,71.5298],[-98.2801,71.6109],[-98.3044,71.6377],[-98.281,71.6439],[-98.3688,71.6512],[-98.3629,71.6801],[-98.4072,71.6911],[-98.3775,71.7162],[-98.4754,71.7399],[-98.4924,71.7191],[-98.4923,71.7708],[-98.2628,71.8666],[-98.2516,71.8987],[-98.2933,71.8871],[-98.2502,71.9032],[-98.2703,71.9067],[-98.2125,71.8921],[-98.3258,71.8133],[-98.3492,71.7713],[-98.3224,71.7566],[-98.3602,71.7423],[-98.1926,71.6497],[-97.9631,71.6741],[-97.4964,71.6163],[-97.0755,71.7037],[-96.9427,71.8078],[-96.7652,71.8218],[-96.7478,71.8581],[-96.6622,71.8509],[-96.7399,71.8325],[-96.7371,71.8004],[-96.5272,71.8365],[-96.4782,71.8941],[-96.4631,71.9385],[-96.4877,71.947],[-96.739,71.9159],[-96.4763,71.9644],[-96.464,72.0447],[-96.6277,72.0215],[-96.8626,72.0395],[-96.4998,72.0746],[-96.4588,72.1093],[-96.5285,72.2252],[-96.4963,72.2438],[-96.5391,72.2253],[-96.6068,72.2542],[-96.5367,72.2509],[-96.5302,72.2805],[-96.6326,72.2689],[-96.6444,72.2936],[-96.8524,72.3211],[-96.6542,72.3088],[-96.4381,72.3673],[-96.4039,72.4058],[-96.2735,72.4133],[-96.3248,72.5159],[-96.4326,72.538],[-96.3971,72.5584],[-96.4351,72.6418],[-96.5771,72.6906],[-96.4937,72.7156],[-96.5262,72.7578],[-96.5939,72.7585],[-96.5814,72.7344],[-96.6211,72.7084],[-97.0073,72.6533],[-97.1182,72.5694],[-97.1125,72.6103],[-97.1962,72.6099],[-97.1428,72.6308],[-97.1789,72.6322],[-97.1417,72.6558],[-97.182,72.6659],[-97.0464,72.7087],[-97.0139,72.752],[-97.0621,72.7864],[-97.19,72.7879],[-97.1606,72.7953],[-97.2509,72.8513],[-97.4298,72.8666],[-97.2623,72.8751],[-97.206,72.9444],[-97.2767,72.9708],[-97.8332,73.0517],[-98.0652,73.0348],[-98.2622,72.9798],[-98.412,72.8717],[-98.4512,72.8826],[-98.3789,72.9452],[-98.4682,72.9515],[-98.4072,72.9954],[-98.4873,73.0101],[-98.2148,73.0769],[-98.2246,73.0968],[-98.1819,73.1186],[-97.8364,73.2439],[-97.8512,73.2682],[-97.8242,73.2871],[-97.7367,73.2943],[-97.7575,73.3057],[-97.2473,73.3721],[-97.1657,73.3568],[-97.1265,73.3956],[-97.1862,73.3934],[-97.1657,73.4064],[-97.2627,73.4386],[-97.169,73.4497],[-97.1924,73.4769],[-97.3157,73.4611],[-97.4175,73.4997],[-97.5546,73.4688],[-97.5045,73.4549],[-97.6137,73.4519],[-97.6731,73.4863],[-97.6244,73.528],[-97.7104,73.5394],[-97.452,73.5182],[-97.4488,73.5508],[-97.5187,73.5541],[-97.4321,73.5946],[-97.1838,73.5617],[-97.1597,73.5783],[-97.1981,73.5791],[-97.0814,73.6243],[-96.9576,73.6367],[-96.9721,73.6553],[-96.9277,73.6972],[-96.952,73.7461],[-97.0423,73.7635],[-97.1933,73.8581],[-97.3827,73.8639],[-97.3457,73.8501],[-97.6161,73.8996],[-97.8509,73.8698],[-97.7283,73.9022],[-97.765,73.9187],[-97.9014,73.8982],[-97.9423,73.8502],[-98.1607,73.8126],[-98.7922,73.75],[-99.1242,73.7517],[-99.1728,73.7133],[-99.1443,73.6909],[-99.1729,73.6892],[-99.2414,73.6996],[-99.1944,73.7211],[-99.3735,73.7979],[-99.3535,73.8036],[-99.7157,73.8493],[-99.8317,73.9045],[-99.7618,73.9359],[-100.0143,73.9488]],[[-101.0031,72.2531],[-101.0,72.2482],[-101.0072,72.2519],[-101.0031,72.2531]],[[-99.6888,71.7696],[-99.6925,71.7753],[-99.6694,71.7689],[-99.6888,71.7696]]],[[[-85.4973,65.9226],[-85.5936,65.9138],[-85.9706,65.7316],[-86.1363,65.4188],[-86.116,65.3964],[-86.145,65.365],[-86.0778,65.3589],[-86.1577,65.2869],[-86.1266,65.1011],[-86.2228,64.9876],[-86.1289,64.923],[-86.1989,64.8679],[-86.1608,64.8623],[-86.2222,64.8276],[-86.1826,64.8227],[-86.2346,64.7959],[-86.2096,64.8041],[-86.265,64.7506],[-86.2496,64.7244],[-86.3597,64.6314],[-86.3944,64.5498],[-86.3672,64.4549],[-86.3945,64.4317],[-86.3308,64.4059],[-86.3745,64.3631],[-86.3433,64.3243],[-86.3627,64.3041],[-86.2822,64.2598],[-86.3029,64.2247],[-86.1853,64.17],[-86.2078,64.1437],[-86.1638,64.1358],[-86.1821,64.0801],[-86.362,64.062],[-86.9039,63.9109],[-87.2086,63.714],[-87.2,63.5983],[-87.1009,63.5522],[-86.9278,63.545],[-86.768,63.5748],[-86.5763,63.6611],[-86.2631,63.6322],[-85.7679,63.6956],[-85.7653,63.7301],[-85.728,63.6972],[-85.7189,63.7218],[-85.7223,63.6944],[-85.6927,63.7183],[-85.6933,63.6942],[-85.5881,63.6539],[-85.6314,63.5452],[-85.5955,63.4981],[-85.6646,63.3993],[-85.6122,63.1786],[-85.5073,63.1058],[-85.2144,63.1059],[-84.8711,63.1957],[-84.6647,63.2909],[-84.5811,63.2923],[-84.4598,63.371],[-84.4388,63.4835],[-84.2876,63.6161],[-84.0845,63.5922],[-83.815,63.7181],[-83.7642,63.7731],[-83.6059,63.7637],[-83.5777,63.8194],[-83.6275,63.8628],[-83.5939,63.9229],[-83.6573,64.0165],[-83.5852,64.0306],[-83.5303,64.1027],[-83.3933,64.0973],[-83.2824,64.1432],[-83.165,64.1103],[-83.1882,64.1187],[-83.1612,64.1494],[-83.093,64.175],[-82.996,64.1776],[-82.9331,64.1312],[-83.1388,64.0076],[-83.162,63.9847],[-83.1377,63.9657],[-83.0647,63.9388],[-82.8908,63.9813],[-82.5251,63.954],[-82.352,63.8896],[-82.3111,63.8325],[-82.5171,63.7587],[-82.5276,63.7375],[-82.4667,63.7046],[-82.4614,63.67],[-82.2942,63.6432],[-82.0611,63.6856],[-81.911,63.6245],[-81.7589,63.634],[-81.6617,63.5912],[-81.6673,63.5656],[-81.5231,63.571],[-81.0466,63.4458],[-80.9285,63.4599],[-80.9118,63.5254],[-80.8322,63.5295],[-80.573,63.6335],[-80.4917,63.7185],[-80.1917,63.7381],[-80.2113,63.7247],[-80.1502,63.7688],[-80.4942,63.8608],[-80.665,63.8759],[-80.7003,63.9028],[-80.5847,63.8727],[-80.4762,63.8957],[-80.5745,63.9272],[-80.514,63.9453],[-80.5394,63.982],[-80.7418,63.9886],[-80.6958,64.0086],[-80.7414,64.0598],[-80.9203,64.1193],[-80.9611,64.1144],[-80.9137,64.0787],[-80.9785,64.0472],[-80.9049,63.985],[-80.9339,63.9687],[-81.0762,64.0217],[-81.279,64.0416],[-81.256,64.0622],[-81.2857,64.0735],[-81.4034,64.0618],[-81.3903,64.085],[-81.4438,64.0761],[-81.4302,64.0415],[-81.4862,64.0262],[-82.0,63.9807],[-82.0103,64.012],[-81.9462,64.0601],[-81.5886,64.1269],[-81.579,64.168],[-81.6281,64.2283],[-81.7321,64.2683],[-81.7549,64.3131],[-81.733,64.4012],[-81.7725,64.4377],[-81.7319,64.4618],[-81.8244,64.5199],[-81.8168,64.5445],[-82.0343,64.635],[-82.0567,64.6718],[-82.215,64.6837],[-82.1863,64.707],[-82.3507,64.7618],[-82.5307,64.7334],[-83.0009,64.9129],[-83.1856,64.9318],[-83.1837,64.9544],[-83.3029,65.0035],[-83.3063,65.069],[-83.3978,65.1406],[-83.5574,65.1675],[-83.6999,65.1331],[-83.6999,65.1683],[-83.901,65.1607],[-83.8526,65.1844],[-84.1141,65.2006],[-84.0836,65.2203],[-84.1435,65.2181],[-84.2341,65.2703],[-84.1833,65.2752],[-84.1286,65.3361],[-84.412,65.4004],[-84.4065,65.4459],[-84.5073,65.4806],[-84.5768,65.4628],[-84.7119,65.3505],[-84.7185,65.2762],[-84.77,65.2137],[-84.9044,65.2124],[-84.9107,65.2619],[-84.9825,65.3239],[-84.9741,65.3928],[-84.9996,65.4209],[-85.2807,65.5412],[-85.2763,65.5678],[-85.1965,65.5447],[-85.0573,65.5745],[-85.0317,65.6307],[-85.1761,65.722],[-85.1224,65.7306],[-85.1974,65.8103],[-85.3552,65.834],[-85.421,65.8105],[-85.3916,65.7948],[-85.4649,65.7974],[-85.5034,65.8366],[-85.4647,65.8803],[-85.4973,65.9226]]],[[[-93.5224,81.3793],[-93.5509,81.3744],[-93.4403,81.3192],[-94.076,81.365],[-94.2513,81.3438],[-94.1693,81.3241],[-94.3687,81.2668],[-94.177,81.2144],[-93.923,81.2021],[-93.1951,81.2154],[-93.162,81.2033],[-93.2188,81.1995],[-93.0099,81.1859],[-93.0713,81.1797],[-92.9929,81.16],[-93.1218,81.1325],[-93.032,81.1161],[-93.1518,81.1038],[-93.0814,81.0916],[-93.507,81.0796],[-93.4197,81.0614],[-94.2795,81.1121],[-94.3464,81.0937],[-93.808,81.0313],[-94.1094,81.0162],[-94.0301,81.0032],[-94.0587,80.9997],[-94.2817,81.0115],[-94.2553,80.9855],[-94.3947,80.9521],[-94.4858,80.9921],[-94.3992,81.0132],[-94.8815,81.0585],[-95.2387,81.0035],[-95.22,80.9727],[-95.2829,80.9364],[-95.4518,80.9035],[-95.0915,80.8725],[-95.3408,80.8571],[-95.4897,80.8135],[-95.3011,80.7802],[-94.8366,80.816],[-94.8019,80.803],[-95.0007,80.7742],[-94.6651,80.7244],[-94.2851,80.747],[-94.2317,80.744],[-94.299,80.7287],[-94.2522,80.7182],[-93.8153,80.7049],[-94.6076,80.6821],[-94.5934,80.639],[-94.5227,80.6019],[-94.0047,80.5912],[-93.7491,80.5183],[-93.9173,80.5081],[-93.8876,80.5177],[-93.9526,80.5497],[-94.7453,80.5614],[-94.9624,80.6035],[-95.9624,80.5838],[-95.7089,80.5097],[-95.8973,80.539],[-95.8412,80.5103],[-96.0476,80.4874],[-95.3839,80.3684],[-95.2179,80.3779],[-95.4705,80.3622],[-95.3766,80.3353],[-95.4157,80.3291],[-96.019,80.3856],[-96.2548,80.3687],[-96.1634,80.3326],[-96.4475,80.357],[-96.3732,80.3305],[-96.4256,80.3309],[-96.5718,80.3625],[-96.6274,80.3343],[-96.4988,80.3446],[-96.54,80.3264],[-96.432,80.3133],[-96.4996,80.3005],[-96.5128,80.2701],[-96.2684,80.2632],[-95.9117,80.1932],[-95.5593,80.248],[-95.5532,80.2208],[-95.4261,80.2161],[-95.2028,80.246],[-95.2659,80.2038],[-95.7002,80.1698],[-95.3296,80.1189],[-94.724,80.1587],[-94.5689,80.2267],[-94.4284,80.243],[-94.3973,80.2405],[-94.4968,80.2208],[-94.3937,80.1905],[-93.9501,80.1746],[-94.3945,80.1708],[-94.7842,80.0874],[-94.3242,79.9841],[-94.8338,80.0514],[-95.0839,80.0262],[-95.7797,80.0507],[-96.3596,80.1421],[-96.683,80.147],[-96.7271,80.1182],[-96.7034,80.0916],[-96.7415,80.0856],[-96.6188,80.0429],[-96.3153,80.05],[-96.6435,80.018],[-96.5929,79.964],[-96.5056,79.9434],[-96.1297,79.907],[-96.2929,79.9092],[-96.359,79.8772],[-96.3831,79.9202],[-96.4672,79.9167],[-96.5034,79.9106],[-96.4584,79.8928],[-96.6191,79.9027],[-96.5777,79.8918],[-96.6361,79.8816],[-96.5418,79.8524],[-96.3541,79.8643],[-96.5065,79.8348],[-96.3398,79.8323],[-96.2287,79.7953],[-96.2007,79.7643],[-96.2189,79.7415],[-95.9908,79.7084],[-96.0224,79.7008],[-95.897,79.6526],[-95.5362,79.634],[-94.8069,79.6604],[-94.3283,79.7769],[-94.0951,79.7964],[-94.0166,79.7683],[-94.2582,79.7606],[-94.3724,79.7156],[-94.2659,79.7015],[-94.3345,79.6966],[-94.303,79.6884],[-94.3238,79.6719],[-94.5428,79.6287],[-95.7306,79.5386],[-95.7039,79.5301],[-95.7418,79.4812],[-95.644,79.4714],[-95.7459,79.4123],[-95.3858,79.3958],[-95.4494,79.3906],[-95.4182,79.3701],[-95.2191,79.4072],[-95.2882,79.3931],[-95.2369,79.3803],[-95.2587,79.3595],[-95.1334,79.3541],[-95.1938,79.3426],[-95.181,79.327],[-95.2977,79.3312],[-95.1869,79.3234],[-95.1679,79.3028],[-95.214,79.2956],[-95.1235,79.2752],[-94.9712,79.2648],[-94.9497,79.3022],[-94.4924,79.3444],[-94.4925,79.3654],[-94.3722,79.3734],[-94.4754,79.3703],[-94.4735,79.4003],[-94.5197,79.4194],[-94.4314,79.4001],[-94.3891,79.4311],[-94.0,79.3756],[-93.826,79.4003],[-94.154,79.3425],[-94.1423,79.2924],[-94.247,79.2709],[-94.0145,79.256],[-93.6333,79.308],[-93.6178,79.3246],[-93.6702,79.3398],[-93.6542,79.3632],[-93.4806,79.3499],[-93.3229,79.452],[-93.2218,79.4384],[-93.3492,79.3656],[-93.3471,79.3378],[-92.9548,79.3926],[-93.1214,79.4544],[-93.1009,79.4864],[-92.8454,79.4106],[-92.5262,79.4607],[-92.4065,79.4201],[-92.582,79.3827],[-92.5564,79.3663],[-91.7945,79.3371],[-91.1428,79.3946],[-91.1182,79.3861],[-91.148,79.3705],[-91.1118,79.3628],[-91.9443,79.2962],[-92.5051,79.3082],[-92.6742,79.2534],[-92.2637,79.2069],[-90.3356,79.2452],[-92.0972,79.1505],[-92.782,79.1685],[-92.8246,79.1321],[-93.3572,79.1651],[-93.638,79.0628],[-93.6081,79.0461],[-93.948,79.0391],[-94.3026,78.9849],[-93.8642,78.8287],[-93.4066,78.8252],[-93.0194,78.7626],[-93.0396,78.7505],[-93.0173,78.7409],[-93.1397,78.738],[-93.5839,78.7875],[-93.8238,78.7728],[-93.575,78.6772],[-93.365,78.6764],[-93.4851,78.6488],[-93.2961,78.5831],[-92.8286,78.6314],[-92.5494,78.5914],[-91.8929,78.5748],[-91.9302,78.559],[-91.9074,78.5369],[-92.0045,78.5263],[-92.5537,78.5232],[-92.4463,78.504],[-92.6387,78.4841],[-92.8294,78.5085],[-92.8538,78.4991],[-92.8093,78.4903],[-92.9827,78.4762],[-92.9303,78.4223],[-92.6007,78.3606],[-92.6134,78.34],[-92.4864,78.3093],[-92.1757,78.3257],[-92.3427,78.2892],[-92.1835,78.2786],[-92.1942,78.2589],[-92.1237,78.2186],[-92.034,78.2032],[-91.8563,78.2405],[-91.427,78.1698],[-90.3432,78.1423],[-90.2718,78.1872],[-90.3742,78.2214],[-90.3054,78.2757],[-90.5308,78.2652],[-90.7619,78.3277],[-90.2529,78.336],[-90.0201,78.3006],[-89.8898,78.2134],[-89.6845,78.2139],[-89.5727,78.1461],[-89.4569,78.1544],[-89.7506,78.38],[-89.9972,78.4414],[-89.962,78.4528],[-90.0544,78.4876],[-90.0743,78.5096],[-90.0428,78.5307],[-90.1109,78.554],[-90.0802,78.5663],[-90.1186,78.5807],[-90.0912,78.6044],[-89.9696,78.6158],[-89.9705,78.5911],[-89.8468,78.544],[-89.8442,78.5035],[-89.3683,78.3321],[-89.1672,78.2104],[-88.8325,78.1504],[-88.7437,78.1911],[-88.6669,78.3251],[-88.5338,78.4022],[-88.5793,78.4567],[-88.7398,78.5187],[-88.7549,78.5492],[-88.7273,78.5577],[-88.7986,78.5747],[-88.7417,78.5914],[-88.7995,78.6074],[-88.5705,78.6089],[-88.3164,78.4796],[-88.1918,78.4536],[-88.0182,78.478],[-87.8787,78.5584],[-87.8625,78.585],[-88.0227,78.6591],[-88.3824,78.6568],[-88.1012,78.6818],[-88.2468,78.817],[-88.1708,78.9056],[-88.2137,78.9629],[-88.1637,78.9952],[-87.8718,79.0187],[-87.9024,79.0293],[-87.7844,79.0934],[-87.7181,79.0874],[-87.8418,79.0334],[-87.7952,79.0109],[-87.9881,78.9669],[-87.9408,78.917],[-87.9965,78.8583],[-88.0024,78.8067],[-87.8952,78.7043],[-87.6108,78.6441],[-87.5222,78.6658],[-87.3087,78.8061],[-86.9769,78.8861],[-86.932,78.9203],[-86.9807,78.9536],[-86.9944,79.0211],[-86.9621,79.0463],[-86.989,79.0575],[-86.9136,79.0565],[-86.9018,79.0185],[-86.7827,78.9601],[-86.6971,78.9571],[-86.5791,78.9827],[-86.5964,79.0],[-86.549,79.0131],[-86.5687,79.0278],[-86.5011,79.0591],[-85.2803,79.183],[-85.1906,79.2297],[-84.8817,79.27],[-85.0026,79.359],[-85.2666,79.402],[-85.2671,79.4261],[-85.5336,79.5448],[-85.5208,79.5781],[-85.6992,79.6217],[-85.8219,79.6161],[-85.8701,79.5704],[-85.8851,79.4986],[-86.0351,79.4401],[-86.173,79.4692],[-86.0065,79.4786],[-86.0636,79.4879],[-86.0174,79.5104],[-86.138,79.5269],[-86.0214,79.5471],[-86.0505,79.5571],[-86.017,79.5715],[-86.3542,79.6522],[-86.6632,79.6625],[-86.8501,79.6129],[-86.6885,79.5726],[-86.8035,79.5707],[-86.767,79.5429],[-86.848,79.5491],[-86.8138,79.5796],[-86.8291,79.6032],[-86.9649,79.6087],[-87.1739,79.5791],[-87.3089,79.5068],[-87.4344,79.5305],[-87.4561,79.5461],[-87.4358,79.573],[-87.143,79.6411],[-87.1422,79.6732],[-87.0447,79.7353],[-87.0681,79.7754],[-86.9382,79.9201],[-87.4824,79.8336],[-87.4575,79.8605],[-87.2742,79.8796],[-87.2211,79.922],[-87.0013,79.944],[-87.1266,79.9815],[-87.2485,80.0765],[-87.8973,80.06],[-87.9613,80.0684],[-87.9474,80.0921],[-88.011,80.1146],[-88.2509,80.1531],[-88.0183,80.1336],[-87.558,80.1745],[-87.522,80.2419],[-87.5691,80.275],[-87.5346,80.2868],[-87.6024,80.3431],[-87.5807,80.378],[-87.6047,80.4063],[-88.34,80.44],[-88.5969,80.3889],[-88.6405,80.3483],[-88.5657,80.3202],[-88.6685,80.2805],[-88.4495,80.2051],[-88.2373,80.1937],[-88.2133,80.1805],[-88.4082,80.1844],[-88.0945,80.0893],[-88.4279,80.1404],[-88.4486,80.138],[-88.3535,80.1041],[-88.4433,80.1174],[-88.4257,80.1058],[-88.3206,80.0765],[-88.7613,80.1246],[-89.1057,80.2173],[-89.2031,80.2926],[-89.0431,80.331],[-89.0955,80.3521],[-89.0299,80.39],[-89.2325,80.3956],[-88.9928,80.4512],[-89.0669,80.4859],[-89.3792,80.5412],[-89.8243,80.5248],[-89.6741,80.4792],[-89.7109,80.455],[-90.1151,80.5473],[-90.5134,80.5742],[-90.7239,80.5405],[-90.7512,80.5622],[-90.6836,80.5885],[-90.7061,80.5946],[-90.545,80.6389],[-90.7015,80.713],[-91.1274,80.7708],[-91.1062,80.8179],[-91.246,80.8374],[-91.269,80.8759],[-91.4321,80.9123],[-91.4697,80.9572],[-91.6666,81.038],[-91.8457,81.062],[-91.7322,81.0754],[-91.8194,81.1248],[-91.7663,81.1392],[-91.7988,81.1616],[-92.2678,81.2569],[-93.5224,81.3793]]],[[[-95.6868,77.0685],[-96.4013,77.0355],[-96.4209,77.0295],[-96.2205,77.0031],[-96.3758,76.9953],[-96.4786,76.9553],[-96.8042,76.983],[-96.8613,76.967],[-96.6417,76.9498],[-96.8402,76.9311],[-96.8862,76.8887],[-96.7834,76.8703],[-96.8194,76.8561],[-96.7139,76.8761],[-96.5612,76.8221],[-96.3072,76.8058],[-96.5305,76.813],[-96.5638,76.7952],[-96.4916,76.79],[-96.6099,76.7701],[-96.3027,76.7556],[-96.6817,76.7502],[-96.6802,76.7794],[-96.8878,76.8226],[-96.9192,76.7834],[-96.8242,76.7631],[-96.9725,76.7328],[-96.8608,76.6989],[-96.653,76.7107],[-96.6783,76.7217],[-96.4718,76.6905],[-96.5063,76.6778],[-96.3998,76.6345],[-96.2677,76.6407],[-96.1685,76.5808],[-96.0125,76.5853],[-96.0485,76.556],[-95.8077,76.5485],[-95.7203,76.5816],[-95.7466,76.5901],[-95.5974,76.6098],[-95.8039,76.5141],[-96.0485,76.531],[-96.1271,76.5065],[-96.0182,76.4406],[-95.8251,76.3946],[-95.5602,76.3747],[-95.4035,76.3996],[-95.4852,76.3747],[-94.8789,76.3411],[-94.8034,76.3126],[-95.0613,76.338],[-95.1078,76.3045],[-95.3061,76.2833],[-95.3565,76.3112],[-95.4036,76.2933],[-95.403,76.2303],[-95.0477,76.2204],[-94.7171,76.3235],[-94.6374,76.2803],[-93.6977,76.249],[-93.6227,76.2565],[-93.7702,76.2828],[-93.7682,76.3119],[-93.6456,76.3282],[-93.6668,76.3212],[-93.6352,76.3077],[-93.6866,76.3009],[-93.5825,76.2976],[-93.3144,76.3708],[-93.0858,76.3634],[-93.0501,76.3411],[-93.098,76.3257],[-93.0884,76.3071],[-92.9654,76.241],[-92.7943,76.2123],[-92.7726,76.163],[-92.6531,76.1276],[-92.623,76.0242],[-92.6691,76.0091],[-92.5785,76.0145],[-92.5414,75.9634],[-92.1096,75.8553],[-92.1184,75.8304],[-92.0739,75.8062],[-92.1293,75.7587],[-92.0955,75.7493],[-92.1221,75.733],[-92.0972,75.7133],[-92.1275,75.7155],[-91.9964,75.6625],[-92.1003,75.6158],[-91.9545,75.5917],[-92.2264,75.5477],[-92.4219,75.4372],[-92.4619,75.3672],[-92.3289,75.3708],[-92.4504,75.3299],[-92.5057,75.2172],[-92.2794,75.1306],[-92.0794,75.1548],[-92.0606,75.1453],[-92.1349,75.1318],[-92.0148,75.1022],[-92.0425,75.0936],[-91.8177,75.1234],[-92.2566,75.0717],[-92.2052,75.0669],[-92.2406,75.0309],[-92.1597,74.9887],[-92.0389,74.9602],[-92.0886,74.937],[-92.0187,74.9159],[-92.0789,74.805],[-92.0464,74.7769],[-91.7994,74.7317],[-91.9,74.7054],[-91.8178,74.7022],[-91.8392,74.7223],[-91.8143,74.7311],[-91.6069,74.7108],[-91.7005,74.6723],[-91.5926,74.6528],[-91.3644,74.6456],[-91.3231,74.6801],[-91.3681,74.7059],[-91.3193,74.7119],[-91.2676,74.6954],[-91.3175,74.6597],[-91.3008,74.6282],[-91.1094,74.6287],[-91.2325,74.7305],[-91.1848,74.7596],[-91.1093,74.7436],[-90.8773,74.8451],[-90.8549,74.8817],[-90.7414,74.8867],[-90.7799,74.8674],[-90.7488,74.8555],[-90.7763,74.8247],[-91.0266,74.7084],[-90.8909,74.6843],[-90.835,74.7254],[-90.7355,74.7373],[-90.7935,74.7231],[-90.7371,74.6587],[-90.619,74.6199],[-90.4562,74.5996],[-90.331,74.6307],[-90.3969,74.6079],[-90.1028,74.5495],[-89.9965,74.5892],[-89.9846,74.5311],[-89.5831,74.5394],[-89.1492,74.609],[-89.0977,74.6946],[-89.2812,74.7531],[-89.0884,74.7154],[-88.9958,74.7781],[-89.1036,74.8368],[-88.9222,74.776],[-88.9411,74.7201],[-88.8911,74.6872],[-88.9219,74.6774],[-88.898,74.6575],[-88.8252,74.6682],[-88.7487,74.7908],[-88.6867,74.8067],[-88.6935,74.8469],[-88.6394,74.8463],[-88.664,74.8238],[-88.6457,74.8112],[-88.5511,74.8407],[-88.609,74.8919],[-88.5593,74.9113],[-88.4639,74.8346],[-88.5119,74.817],[-88.5124,74.7834],[-88.3119,74.7729],[-88.4717,74.7694],[-88.4152,74.7419],[-88.5732,74.6072],[-88.5897,74.5476],[-88.555,74.5],[-88.2434,74.4805],[-88.1624,74.5133],[-88.1426,74.5101],[-88.1806,74.4998],[-88.1158,74.4785],[-87.895,74.4712],[-87.7711,74.5196],[-87.7542,74.4645],[-87.6512,74.4587],[-87.4761,74.4704],[-87.4412,74.5238],[-87.2866,74.5441],[-87.4,74.5213],[-87.3185,74.4696],[-87.1282,74.4668],[-87.0134,74.5055],[-86.9709,74.4622],[-86.8483,74.4614],[-86.6119,74.4688],[-86.8121,74.5431],[-86.7768,74.5943],[-86.8283,74.6081],[-86.7875,74.6156],[-86.7383,74.5995],[-86.7729,74.5833],[-86.7279,74.5468],[-86.455,74.4781],[-86.2552,74.5125],[-86.2111,74.5361],[-86.2294,74.5972],[-86.185,74.6121],[-86.136,74.6025],[-86.184,74.5808],[-86.0947,74.5594],[-86.1288,74.4796],[-85.5911,74.4975],[-85.4858,74.5537],[-85.5397,74.6086],[-85.5263,74.6435],[-85.5561,74.6549],[-85.5275,74.6647],[-85.5565,74.6871],[-85.4887,74.6682],[-85.4532,74.602],[-85.3723,74.5495],[-85.3682,74.5012],[-85.2521,74.4892],[-85.052,74.5217],[-85.0675,74.5906],[-85.0339,74.6125],[-85.0655,74.6453],[-84.9877,74.6814],[-85.0088,74.6965],[-84.9671,74.6956],[-84.969,74.6567],[-85.0102,74.6482],[-84.9058,74.4991],[-84.7058,74.5296],[-84.6404,74.5025],[-84.3216,74.5038],[-83.8571,74.5528],[-83.5929,74.5425],[-83.4428,74.5918],[-83.4692,74.6395],[-83.4462,74.6377],[-83.4799,74.6456],[-83.3695,74.6861],[-83.3173,74.7569],[-83.3163,74.7837],[-83.4542,74.8027],[-83.5638,74.8757],[-83.9637,74.9076],[-83.9373,74.9179],[-83.5798,74.877],[-83.5059,74.904],[-83.2452,74.8114],[-83.1185,74.8304],[-83.0973,74.7857],[-83.0265,74.7861],[-83.1164,74.7561],[-83.1301,74.6872],[-83.0939,74.6369],[-82.7975,74.5294],[-82.5539,74.5189],[-82.4525,74.5523],[-82.4965,74.5853],[-82.4597,74.598],[-82.376,74.553],[-82.4603,74.5237],[-82.2053,74.5285],[-81.7575,74.4707],[-81.2318,74.5874],[-80.7035,74.5614],[-80.2144,74.5991],[-80.2338,74.6047],[-80.2026,74.6415],[-80.2977,74.6728],[-80.1602,74.7158],[-80.2899,74.7678],[-80.245,74.7828],[-80.312,74.7903],[-80.1955,74.8232],[-80.5015,74.8951],[-80.4452,74.891],[-80.4932,74.9006],[-80.3623,74.9391],[-80.3082,74.9197],[-80.3285,74.8822],[-79.9648,74.8132],[-79.3442,74.8886],[-79.4644,74.9212],[-79.5567,74.9813],[-79.5107,74.9932],[-79.581,75.0161],[-79.7477,75.0326],[-80.0446,75.0009],[-80.0047,74.9889],[-80.1167,74.9623],[-80.0981,74.9478],[-80.3204,74.9344],[-80.335,74.9502],[-80.2031,74.9803],[-80.3939,75.0],[-80.3927,75.0319],[-80.4231,75.0348],[-79.9669,75.0914],[-79.8587,75.1707],[-79.7358,75.1635],[-79.4993,75.2253],[-79.5243,75.2437],[-79.4462,75.2846],[-79.608,75.2786],[-79.6169,75.302],[-79.499,75.3325],[-79.5354,75.3548],[-79.4821,75.3782],[-79.6453,75.3975],[-79.6254,75.4035],[-79.6619,75.4203],[-79.6099,75.4256],[-79.6817,75.4342],[-79.575,75.4605],[-79.9585,75.4789],[-80.4143,75.4555],[-80.4439,75.4719],[-79.9321,75.5359],[-80.0892,75.5403],[-80.1279,75.5552],[-80.0645,75.5794],[-80.2454,75.6301],[-80.5151,75.6567],[-81.0133,75.6196],[-81.2949,75.6504],[-81.285,75.6786],[-81.3314,75.6928],[-81.1807,75.712],[-81.2104,75.722],[-81.0926,75.7622],[-81.5884,75.8086],[-82.3544,75.837],[-82.9496,75.7532],[-83.2767,75.7389],[-83.2507,75.7311],[-83.7597,75.8066],[-83.6914,75.8143],[-83.7314,75.8232],[-83.9948,75.8233],[-83.9525,75.804],[-84.0041,75.7984],[-83.9845,75.785],[-84.0155,75.7682],[-84.2301,75.7607],[-84.3204,75.7078],[-84.6881,75.6976],[-84.6397,75.6737],[-84.659,75.6428],[-84.4994,75.6273],[-85.0515,75.6662],[-85.1048,75.6316],[-85.3437,75.5903],[-85.2499,75.5822],[-85.3597,75.58],[-85.2432,75.5594],[-85.5769,75.5724],[-85.5601,75.603],[-86.1639,75.5051],[-85.827,75.4231],[-85.5536,75.4023],[-86.0925,75.4247],[-86.5972,75.3592],[-86.6564,75.3659],[-86.3492,75.4211],[-86.9622,75.5078],[-87.0859,75.5455],[-87.116,75.5853],[-87.3074,75.6223],[-87.5471,75.5616],[-87.4333,75.4912],[-87.5531,75.4475],[-87.6323,75.4482],[-87.4981,75.4889],[-87.6342,75.5158],[-87.6513,75.5554],[-87.7345,75.5758],[-88.2463,75.4708],[-88.3179,75.4971],[-88.1875,75.528],[-88.6269,75.6699],[-88.7603,75.685],[-88.7818,75.6319],[-88.9266,75.6081],[-88.7433,75.4692],[-88.7762,75.4352],[-88.9267,75.4282],[-88.9979,75.4558],[-88.9688,75.4747],[-89.1122,75.4841],[-89.1113,75.5204],[-89.209,75.5877],[-89.7199,75.5551],[-89.536,75.5634],[-89.6287,75.5923],[-89.7439,75.5762],[-89.6209,75.61],[-89.6664,75.6264],[-89.2534,75.6236],[-89.1643,75.7718],[-89.5727,75.8619],[-89.6475,75.8589],[-89.5617,75.8475],[-89.6707,75.8347],[-89.706,75.7975],[-89.7888,75.792],[-89.7404,75.8063],[-89.8094,75.8311],[-89.6678,75.8927],[-89.9739,75.9968],[-89.9392,76.0074],[-90.1057,76.0039],[-90.0798,75.9784],[-90.1632,75.9405],[-90.1244,75.9307],[-90.1909,75.9353],[-90.2297,75.9733],[-90.3654,75.9791],[-90.5509,75.8968],[-90.4324,75.9784],[-90.5961,75.9852],[-90.7008,75.9525],[-90.7397,75.9649],[-90.6872,75.9859],[-90.804,76.0001],[-90.908,75.9226],[-91.0557,75.9105],[-91.1253,75.8245],[-91.2029,75.8191],[-91.1346,75.8689],[-91.1379,75.9145],[-90.9836,75.9348],[-90.9563,75.969],[-91.0825,75.9914],[-90.9483,75.9985],[-91.1582,76.0181],[-90.3364,76.0342],[-90.1894,76.0611],[-90.5509,76.094],[-90.8719,76.0655],[-90.8916,76.0738],[-90.656,76.1185],[-91.2451,76.1672],[-91.4306,76.1477],[-91.2673,76.1967],[-91.631,76.2643],[-91.18,76.1949],[-90.5687,76.1808],[-90.0972,76.1323],[-90.072,76.1347],[-90.4714,76.1763],[-89.6412,76.1673],[-89.3104,76.1941],[-89.1945,76.2444],[-89.3003,76.2831],[-89.2857,76.2981],[-89.7728,76.3228],[-90.3499,76.3981],[-90.6606,76.3882],[-90.6229,76.4032],[-90.9769,76.4285],[-90.9579,76.4398],[-91.0117,76.4532],[-91.4657,76.4513],[-91.4205,76.4707],[-91.6112,76.4949],[-91.451,76.5198],[-91.1313,76.4797],[-90.9794,76.5101],[-90.8491,76.4594],[-90.4692,76.4718],[-90.5524,76.4918],[-90.5101,76.5188],[-90.6057,76.5683],[-90.8085,76.5879],[-90.985,76.6537],[-91.4419,76.693],[-91.919,76.6726],[-92.3887,76.5976],[-93.119,76.6203],[-93.1293,76.5819],[-93.3614,76.4703],[-93.6022,76.428],[-93.4673,76.4088],[-93.5506,76.3875],[-93.6672,76.4437],[-93.3043,76.5489],[-93.328,76.5723],[-93.1875,76.6789],[-93.2089,76.7124],[-93.1821,76.7487],[-93.3008,76.7519],[-93.332,76.7674],[-93.3102,76.7846],[-93.6098,76.8624],[-93.6531,76.8907],[-93.6058,76.9053],[-93.722,76.925],[-93.9929,76.9351],[-94.0245,76.8945],[-94.2032,76.8844],[-94.3325,76.9223],[-94.4619,76.9142],[-94.4988,76.9682],[-94.612,76.9895],[-95.1868,76.9949],[-95.4186,77.06],[-95.6868,77.0685]]],[[[-107.9966,73.3529],[-108.0386,73.3408],[-107.9656,73.3152],[-108.1138,73.3123],[-108.0665,73.2911],[-108.1023,73.2718],[-107.8305,73.1871],[-108.1204,73.2108],[-108.2454,73.1758],[-108.2635,73.1238],[-108.0964,73.0532],[-108.2075,73.0448],[-108.0826,72.9806],[-108.1369,72.9714],[-108.0741,72.8971],[-108.1225,72.8837],[-108.004,72.7708],[-108.0325,72.732],[-107.9674,72.7066],[-107.9802,72.6713],[-107.9209,72.6392],[-107.9922,72.6351],[-107.8282,72.5788],[-107.8706,72.5468],[-107.8479,72.5282],[-107.9439,72.5104],[-107.7505,72.4569],[-107.8688,72.4353],[-107.762,72.3688],[-107.8205,72.3579],[-107.7045,72.3145],[-107.7303,72.2873],[-107.8388,72.3108],[-107.7617,72.268],[-107.7589,72.1501],[-107.5948,72.1246],[-107.667,72.1189],[-107.57,72.0805],[-107.6303,72.0704],[-107.609,72.032],[-107.4048,71.9803],[-107.389,71.9449],[-107.4148,71.9341],[-107.2089,71.9264],[-107.2763,71.8905],[-107.4676,71.8879],[-107.2494,71.8136],[-107.4884,71.8052],[-107.6667,71.6958],[-107.7308,71.7315],[-107.8168,71.7272],[-107.8157,71.6801],[-107.7061,71.6298],[-107.7922,71.6292],[-107.7615,71.6202],[-107.8012,71.6047],[-107.7634,71.6008],[-107.9766,71.6397],[-107.9559,71.674],[-108.0158,71.7249],[-108.1591,71.7078],[-108.2244,71.73],[-108.1601,71.7329],[-108.1456,71.7639],[-108.2719,71.7932],[-108.2863,71.8118],[-108.2269,71.8398],[-108.2823,71.874],[-108.2687,71.9082],[-108.196,71.9111],[-108.2315,71.9248],[-108.1836,71.9331],[-108.1916,71.9661],[-108.1513,71.9643],[-108.189,71.99],[-108.3351,71.9385],[-108.2553,71.9516],[-108.3157,71.9611],[-108.2763,71.9834],[-108.3977,72.0106],[-108.3771,72.1268],[-108.4482,72.125],[-108.3664,72.1607],[-108.4398,72.1756],[-108.4333,72.1386],[-108.4931,72.1379],[-108.489,72.205],[-108.5907,72.318],[-108.6397,72.3306],[-108.6249,72.4434],[-108.5487,72.5012],[-108.6021,72.5222],[-108.5844,72.552],[-108.8122,72.608],[-108.8468,72.6027],[-108.7956,72.586],[-108.8169,72.5734],[-109.01,72.5693],[-109.0,72.6527],[-108.8834,72.6701],[-109.133,72.7282],[-109.0369,72.7472],[-109.1036,72.7452],[-109.0863,72.759],[-109.3593,72.7467],[-109.3407,72.7799],[-109.7147,72.8847],[-109.5895,72.9082],[-109.6393,72.9363],[-109.8407,72.9262],[-109.8422,72.7251],[-109.7333,72.7245],[-109.8423,72.71],[-109.7914,72.665],[-109.8426,72.6666],[-109.844,72.5405],[-109.7598,72.4991],[-109.8448,72.4854],[-109.8452,72.4573],[-109.7416,72.4294],[-109.8454,72.4442],[-109.8618,69.9981],[-112.5108,70.0017],[-112.5181,69.8476],[-112.8184,69.8473],[-112.8252,70.0026],[-117.0229,70.0003],[-117.0136,69.9566],[-116.9242,69.8799],[-116.7552,69.7865],[-116.4656,69.7028],[-117.0,69.69],[-116.8157,69.6474],[-116.8488,69.6434],[-116.8345,69.6135],[-116.907,69.6057],[-116.852,69.5791],[-116.5696,69.5516],[-116.6094,69.5198],[-116.5307,69.4998],[-116.6161,69.4866],[-116.6192,69.4616],[-116.5012,69.4095],[-116.0268,69.3419],[-115.9382,69.2983],[-115.1619,69.2507],[-115.0266,69.2652],[-115.0265,69.2888],[-114.8637,69.2651],[-114.2433,69.2945],[-114.1536,69.277],[-114.2139,69.2749],[-114.1453,69.2727],[-114.1731,69.2632],[-114.1534,69.2508],[-113.9202,69.2619],[-113.8573,69.2541],[-113.9176,69.239],[-113.4919,69.1798],[-113.281,69.1813],[-113.7117,69.1745],[-113.5768,69.1542],[-113.6903,69.1202],[-113.554,69.1161],[-113.6593,69.1017],[-113.4893,69.0433],[-113.6246,69.0387],[-113.5425,69.0195],[-113.5827,68.9839],[-113.5453,68.9569],[-113.6427,68.9152],[-113.6049,68.9008],[-113.6616,68.8982],[-113.6031,68.8569],[-113.6648,68.8423],[-113.6679,68.8162],[-113.4166,68.6946],[-113.4382,68.6571],[-113.3473,68.621],[-113.3492,68.5982],[-113.0881,68.5524],[-113.109,68.5426],[-113.0087,68.511],[-113.2769,68.4877],[-113.2024,68.4609],[-111.6594,68.5542],[-111.1679,68.5263],[-111.2035,68.5633],[-111.3984,68.5787],[-110.8156,68.6069],[-110.9672,68.607],[-110.9702,68.572],[-111.0316,68.5653],[-110.9462,68.5529],[-110.4645,68.6554],[-110.5232,68.6252],[-110.3279,68.5792],[-110.1626,68.6449],[-110.0275,68.6227],[-109.6991,68.6378],[-109.0346,68.7274],[-108.5733,68.866],[-108.5016,68.9039],[-108.5388,68.944],[-107.956,68.9397],[-107.3559,69.013],[-107.1102,69.1414],[-107.1067,69.176],[-107.0254,69.1498],[-107.0734,69.1841],[-106.917,69.2201],[-106.9008,69.2519],[-106.959,69.3568],[-106.7396,69.3842],[-106.7022,69.4712],[-106.6465,69.4466],[-106.651,69.4777],[-106.5925,69.4983],[-106.2435,69.4021],[-106.3169,69.4039],[-106.3015,69.3266],[-106.2427,69.2873],[-106.3855,69.2495],[-106.3781,69.1782],[-105.9483,69.1423],[-105.8449,69.1854],[-105.7201,69.1822],[-105.5243,69.1527],[-105.4377,69.0909],[-105.3649,69.1067],[-105.0406,69.0581],[-105.0062,69.0731],[-105.2311,69.1031],[-105.0017,69.1279],[-105.036,69.1042],[-104.8827,69.0857],[-104.8761,69.0607],[-104.9244,69.0356],[-104.8916,69.0305],[-105.2463,68.9609],[-105.1238,68.896],[-104.5301,68.8631],[-104.4359,68.9505],[-104.3843,68.9421],[-104.3459,68.974],[-104.3406,68.9153],[-104.0957,68.8585],[-103.9673,68.879],[-103.7119,68.8258],[-103.5063,68.8342],[-103.4154,68.7794],[-103.3099,68.7928],[-103.3516,68.8275],[-103.1755,68.8489],[-102.9113,68.7981],[-102.8304,68.8476],[-102.7816,68.8577],[-102.7743,68.824],[-102.6948,68.8485],[-102.7616,68.8731],[-102.7451,68.9071],[-102.5193,68.8643],[-102.3687,68.9279],[-102.4209,68.9561],[-102.3888,68.9649],[-102.2218,68.9442],[-102.1284,68.9559],[-102.0631,69.011],[-101.9735,68.977],[-101.792,69.0002],[-101.7732,69.0091],[-101.8518,69.0567],[-101.792,69.0708],[-101.7081,69.1561],[-101.9007,69.2416],[-101.9024,69.2803],[-101.9888,69.2632],[-102.0166,69.2278],[-102.0293,69.2469],[-102.069,69.1832],[-102.1811,69.2404],[-102.2168,69.2201],[-102.1719,69.2489],[-102.2148,69.2553],[-102.2012,69.2868],[-102.1285,69.2835],[-102.065,69.2364],[-102.0105,69.2741],[-102.0791,69.3261],[-102.0696,69.3534],[-102.121,69.3575],[-102.1089,69.3302],[-102.1461,69.3153],[-102.1555,69.375],[-102.0296,69.348],[-102.0058,69.3862],[-101.9106,69.4074],[-101.9719,69.4633],[-102.2933,69.5198],[-102.3242,69.4864],[-102.2835,69.4767],[-102.3487,69.5038],[-102.3573,69.4838],[-102.4271,69.5041],[-102.4135,69.4735],[-102.4715,69.4875],[-102.4876,69.4145],[-102.8347,69.3977],[-102.8136,69.3827],[-102.8662,69.3741],[-102.843,69.3449],[-102.8624,69.3173],[-102.9567,69.2997],[-102.9354,69.2936],[-102.9926,69.2651],[-102.9953,69.218],[-103.1412,69.1705],[-103.15,69.1121],[-103.1832,69.103],[-103.2092,69.12],[-103.1859,69.1758],[-103.2407,69.1893],[-103.0099,69.2599],[-103.041,69.3723],[-102.9693,69.4085],[-103.0165,69.4689],[-102.9989,69.4977],[-103.0691,69.5468],[-103.0461,69.5333],[-103.0952,69.5274],[-103.0868,69.4519],[-103.1319,69.4245],[-103.1263,69.4829],[-103.2059,69.5689],[-103.1703,69.5837],[-103.343,69.5837],[-103.4326,69.6375],[-103.4681,69.6172],[-103.4904,69.6393],[-103.4348,69.6729],[-103.449,69.7003],[-103.4371,69.6723],[-103.5235,69.668],[-103.6025,69.7155],[-103.545,69.7194],[-103.5073,69.6855],[-103.5087,69.7163],[-103.4644,69.697],[-103.4021,69.7186],[-103.3227,69.684],[-103.3417,69.699],[-103.281,69.7153],[-103.2302,69.6476],[-102.9284,69.5562],[-102.8324,69.5662],[-102.7888,69.5288],[-102.6893,69.5589],[-102.526,69.5524],[-102.4777,69.599],[-102.4747,69.6988],[-102.6086,69.7066],[-102.674,69.7559],[-102.6481,69.7738],[-102.6756,69.7955],[-102.5711,69.7397],[-102.4986,69.7514],[-102.4602,69.8047],[-102.3923,69.7743],[-102.3774,69.8346],[-102.3501,69.7967],[-102.3663,69.7701],[-102.3297,69.7602],[-102.3565,69.7738],[-102.2764,69.8122],[-102.3235,69.8632],[-102.2159,69.8488],[-102.2383,69.9206],[-102.1645,69.9075],[-102.107,69.8259],[-102.0365,69.8439],[-102.0432,69.9619],[-102.024,69.8664],[-101.9316,69.7452],[-101.7101,69.7284],[-101.6626,69.7045],[-101.6503,69.6729],[-101.6817,69.6667],[-101.6568,69.652],[-101.6356,69.6579],[-101.6658,69.7084],[-101.5764,69.7147],[-101.5194,69.8264],[-101.4247,69.8987],[-101.4506,69.9202],[-101.4231,69.9395],[-101.4392,69.9172],[-101.4018,69.9267],[-101.3923,69.8865],[-101.4159,69.8802],[-101.3925,69.8696],[-101.4413,69.8556],[-101.433,69.7959],[-101.3006,69.7049],[-101.3051,69.6761],[-101.1248,69.6909],[-101.1478,69.7011],[-101.0581,69.6573],[-101.0357,69.6848],[-100.9569,69.6688],[-100.9052,69.6984],[-100.9083,69.7423],[-100.944,69.7474],[-100.8746,69.7684],[-100.8479,69.8825],[-100.9273,69.9519],[-100.8855,69.9671],[-100.8421,69.9335],[-100.8001,69.9818],[-100.8257,69.9998],[-100.8743,69.9635],[-100.9164,69.9943],[-100.8905,70.019],[-100.993,70.0967],[-100.9638,70.1485],[-101.0016,70.203],[-101.0846,70.2156],[-101.1132,70.169],[-101.2113,70.1648],[-101.1891,70.1306],[-101.3706,70.2081],[-101.3139,70.1537],[-101.4136,70.1823],[-101.3728,70.142],[-101.4171,70.1276],[-101.4629,70.1594],[-101.4376,70.1345],[-101.5051,70.138],[-101.4787,70.1171],[-101.5133,70.1131],[-101.557,70.1441],[-101.509,70.1485],[-101.5824,70.1433],[-101.6511,70.2157],[-101.6343,70.2593],[-101.5213,70.268],[-101.6621,70.3149],[-101.7063,70.2906],[-101.8061,70.3015],[-101.7846,70.2678],[-101.8561,70.276],[-101.8769,70.2505],[-102.1291,70.3544],[-102.0996,70.3236],[-102.1526,70.3075],[-102.2107,70.3851],[-102.3724,70.4096],[-102.6144,70.4987],[-102.8891,70.533],[-102.8866,70.5013],[-103.0764,70.5061],[-103.3018,70.6064],[-103.5373,70.5845],[-103.6328,70.6649],[-103.6043,70.6767],[-103.8695,70.764],[-103.9568,70.7696],[-103.9875,70.7204],[-103.9573,70.7589],[-104.0047,70.7901],[-104.0462,70.75],[-104.1658,70.75],[-104.0454,70.7521],[-104.0058,70.7914],[-104.0602,70.9028],[-104.1644,70.9708],[-104.2573,70.966],[-104.4885,71.0299],[-104.6422,71.1427],[-104.5685,71.1412],[-104.4812,71.1986],[-104.3871,71.1826],[-104.4507,71.2061],[-104.405,71.2697],[-104.4643,71.2942],[-104.4765,71.3455],[-104.379,71.3777],[-104.2658,71.3562],[-104.2666,71.3935],[-104.3239,71.431],[-104.286,71.4552],[-104.3638,71.5099],[-104.3682,71.5452],[-104.3023,71.5983],[-104.4128,71.6475],[-104.3918,71.6605],[-104.429,71.6889],[-104.4841,71.694],[-104.4631,71.7184],[-104.5237,71.7648],[-104.6454,71.7998],[-104.6361,71.8222],[-104.7528,71.8485],[-104.6802,71.8218],[-104.6831,71.7891],[-104.8206,71.8957],[-105.0,71.9237],[-104.8225,71.8981],[-104.8759,71.9657],[-104.796,71.9023],[-104.8165,71.9478],[-104.7854,71.9672],[-104.8538,71.9897],[-104.8381,72.0118],[-104.9251,72.0747],[-104.9817,72.0772],[-104.9657,72.1083],[-104.9947,72.1367],[-104.95,72.152],[-104.9543,72.1931],[-105.0918,72.2949],[-105.1274,72.3677],[-105.2281,72.405],[-105.293,72.4774],[-105.1917,72.4444],[-105.1955,72.4935],[-105.2492,72.4995],[-105.2074,72.5172],[-105.2274,72.5452],[-105.3048,72.5618],[-105.3169,72.5858],[-105.2905,72.593],[-105.3422,72.6328],[-105.2688,72.6289],[-105.2838,72.6622],[-105.4529,72.6992],[-105.3875,72.73],[-105.51,72.8078],[-105.3392,72.751],[-105.3741,72.7348],[-105.2969,72.7405],[-105.374,72.7767],[-105.3182,72.777],[-105.3667,72.8113],[-105.5454,72.8674],[-105.4918,72.862],[-105.4969,72.8946],[-105.4118,72.8853],[-105.477,72.8699],[-105.2949,72.814],[-105.3949,72.8575],[-105.3643,72.8659],[-105.4011,72.8965],[-105.5587,72.9348],[-105.416,72.8951],[-105.5345,72.9017],[-105.5131,72.8834],[-105.555,72.9054],[-105.5335,72.9147],[-105.6392,72.9359],[-105.5761,72.941],[-105.659,72.9509],[-105.6419,72.9079],[-105.5642,72.8937],[-105.6908,72.879],[-105.6695,72.8139],[-105.7402,72.8279],[-105.6716,72.8151],[-105.6662,72.8529],[-105.6989,72.872],[-105.6195,72.8974],[-105.6699,72.9112],[-105.688,72.9591],[-105.8282,73.0137],[-105.786,73.0011],[-105.8112,73.0278],[-105.7694,73.0285],[-106.0149,73.0706],[-105.9562,73.0458],[-105.9943,73.0404],[-105.9509,73.0096],[-105.7053,72.9413],[-105.9374,72.9892],[-106.0296,73.0606],[-106.0551,73.0657],[-106.0104,73.0417],[-106.2037,73.0838],[-106.3859,73.1599],[-106.4488,73.1989],[-106.444,73.2262],[-106.6802,73.2345],[-106.708,73.2843],[-106.7616,73.2987],[-106.7423,73.2889],[-107.0238,73.3082],[-107.0095,73.2842],[-107.0701,73.2824],[-107.0513,73.2499],[-107.0942,73.2403],[-106.8868,73.1534],[-106.96,73.185],[-107.1868,73.1884],[-107.3476,73.2668],[-107.6078,73.3246],[-107.9966,73.3529]],[[-103.9203,70.7178],[-103.9252,70.7506],[-103.8948,70.6896],[-103.9203,70.7178]]],[[[-64.8257,82.9075],[-65.234,82.8828],[-65.2628,82.8612],[-65.0306,82.8455],[-65.2293,82.8511],[-65.1942,82.8402],[-65.4116,82.7875],[-65.1256,82.7537],[-65.5178,82.791],[-65.4266,82.8368],[-65.7331,82.8494],[-66.7427,82.7285],[-66.677,82.7064],[-66.925,82.7228],[-67.4365,82.648],[-68.3072,82.6517],[-68.5798,82.6223],[-68.7295,82.6292],[-66.8161,82.8122],[-66.8372,82.8182],[-66.3491,82.8956],[-66.4859,82.9108],[-66.3236,82.9261],[-66.8074,82.9521],[-66.8373,82.927],[-66.983,82.9257],[-66.9193,82.9424],[-67.101,82.9618],[-67.1686,82.9315],[-67.6342,82.9628],[-68.0822,82.9327],[-68.1673,82.9492],[-68.1296,82.9858],[-68.491,83.0086],[-68.6949,82.9723],[-68.8564,82.9821],[-68.7184,82.954],[-68.8432,82.927],[-68.8839,82.9434],[-68.8384,82.9565],[-68.9773,82.9798],[-68.9506,83.0132],[-68.9962,83.0319],[-69.7145,82.9851],[-69.4589,83.0323],[-69.7624,83.0465],[-69.6266,83.0762],[-69.8245,83.1049],[-69.5886,83.1036],[-69.7838,83.1113],[-70.8322,83.0922],[-70.7698,83.0691],[-70.7926,83.063],[-71.0633,83.0939],[-70.9644,83.0791],[-71.4334,83.0111],[-70.7627,82.8905],[-70.9127,82.8728],[-70.8815,82.8938],[-71.2847,82.9172],[-71.7783,83.0108],[-71.5343,83.091],[-71.5846,83.1017],[-72.9268,83.0723],[-72.9872,83.0601],[-72.8779,83.0491],[-73.2566,83.0174],[-73.3532,82.9688],[-73.6308,82.9409],[-73.3833,82.8946],[-73.3198,82.8584],[-73.3506,82.8473],[-73.1479,82.8035],[-72.6003,82.7502],[-72.372,82.696],[-72.5249,82.6615],[-72.4589,82.6542],[-72.5535,82.6217],[-72.5726,82.5869],[-72.6984,82.5929],[-72.6561,82.6017],[-72.7012,82.6294],[-72.5785,82.6683],[-72.5825,82.6979],[-73.7134,82.8388],[-73.9714,82.9588],[-74.4111,83.0257],[-74.9809,83.0453],[-75.2645,83.0164],[-75.2973,83.0205],[-75.2418,83.03],[-76.8658,83.0871],[-77.502,83.039],[-77.2703,83.0265],[-77.4194,82.9912],[-76.6877,82.8867],[-76.4176,82.7903],[-75.8962,82.7825],[-76.3031,82.7623],[-76.2257,82.6939],[-75.4135,82.6099],[-75.7598,82.5622],[-75.9247,82.5084],[-76.1685,82.5002],[-75.9663,82.5531],[-75.9955,82.593],[-75.9682,82.5991],[-76.5732,82.6673],[-76.6515,82.7252],[-76.9207,82.7604],[-76.8912,82.7818],[-77.1161,82.8616],[-77.8185,82.9295],[-78.081,82.8846],[-77.9284,82.8558],[-77.9623,82.847],[-78.2753,82.8675],[-78.0373,82.8173],[-78.0673,82.8131],[-78.3811,82.8498],[-78.3576,82.8565],[-78.3797,82.8807],[-78.4437,82.8574],[-78.4211,82.8374],[-78.505,82.8349],[-78.5225,82.8489],[-78.4661,82.8916],[-78.5021,82.9115],[-78.4835,82.9209],[-78.6887,82.945],[-78.9936,82.8588],[-79.0785,82.8824],[-79.0338,82.9216],[-79.1888,82.9409],[-79.0587,82.9507],[-79.7777,82.9546],[-80.3455,82.8953],[-80.3455,82.8727],[-80.1139,82.8334],[-79.4173,82.8263],[-79.9855,82.8051],[-79.8474,82.793],[-79.9419,82.7891],[-79.7992,82.7417],[-78.4782,82.6769],[-79.1869,82.6651],[-79.7955,82.7124],[-79.99,82.6884],[-79.769,82.6496],[-79.8737,82.6468],[-80.118,82.679],[-80.1582,82.6937],[-80.1049,82.7315],[-80.3578,82.7864],[-81.4196,82.8157],[-81.5495,82.7988],[-81.1421,82.7288],[-80.9339,82.6465],[-80.671,82.6408],[-80.7788,82.6193],[-80.5419,82.5962],[-80.6354,82.5795],[-80.2495,82.4665],[-80.5067,82.4462],[-80.811,82.4876],[-80.7597,82.4927],[-81.135,82.5948],[-82.1414,82.6693],[-82.269,82.6587],[-82.3626,82.6077],[-82.2049,82.5666],[-81.4355,82.4982],[-82.4931,82.4971],[-82.5879,82.4533],[-82.467,82.4243],[-82.6771,82.3941],[-82.5871,82.3499],[-81.7836,82.2217],[-81.1495,82.1581],[-80.7721,82.1582],[-80.9411,82.1198],[-80.5094,82.0451],[-79.7437,82.0215],[-79.858,81.9954],[-79.437,81.8847],[-79.6963,81.8796],[-80.0442,81.9789],[-80.708,82.0089],[-82.0662,82.1797],[-82.6106,82.2814],[-82.9556,82.2863],[-82.9936,82.222],[-82.7425,82.1796],[-82.6265,82.0959],[-81.954,82.0793],[-81.398,81.9727],[-82.089,82.0647],[-82.7827,82.0792],[-83.0749,82.0519],[-83.1075,82.0606],[-82.9376,82.0862],[-82.892,82.1254],[-82.9518,82.1683],[-83.2755,82.2158],[-83.3246,82.2517],[-83.2836,82.2622],[-83.6602,82.3488],[-84.005,82.3722],[-84.3516,82.3556],[-84.3421,82.3782],[-84.9393,82.4271],[-84.6994,82.4637],[-85.2235,82.478],[-85.7372,82.4595],[-85.7686,82.4518],[-85.6138,82.4533],[-85.8149,82.4314],[-85.485,82.4143],[-85.4634,82.403],[-85.543,82.3437],[-85.3881,82.3448],[-85.4768,82.3186],[-85.3103,82.2775],[-85.5176,82.2731],[-85.4575,82.2682],[-85.5841,82.2323],[-86.8545,82.2029],[-86.6386,82.1206],[-84.801,82.0161],[-84.6433,81.9813],[-84.6261,81.9111],[-84.5093,81.8815],[-84.7109,81.8948],[-84.7538,81.9712],[-84.8902,81.997],[-85.0277,81.9835],[-84.7038,81.8763],[-85.0223,81.9326],[-85.1552,81.999],[-85.7128,81.9846],[-85.3253,81.8632],[-85.3897,81.8519],[-85.7714,81.9673],[-86.2645,82.0462],[-86.8637,82.0499],[-86.9855,82.024],[-86.7906,81.9888],[-87.1662,81.9596],[-86.8326,81.9349],[-86.7058,81.8972],[-86.7868,81.888],[-87.2334,81.95],[-87.2738,81.9656],[-87.1122,82.0031],[-87.3409,82.0674],[-87.6171,82.0874],[-87.6837,82.0775],[-87.621,82.0609],[-87.6954,82.0623],[-88.0147,82.1039],[-88.7506,82.0391],[-89.0526,81.9736],[-88.9464,81.9328],[-89.0074,81.9097],[-88.7829,81.8606],[-88.9471,81.8155],[-88.9166,81.7997],[-88.9517,81.8148],[-88.8612,81.8585],[-89.2413,81.9413],[-89.3723,81.9058],[-89.1077,81.8964],[-89.3176,81.821],[-89.2275,81.7819],[-89.391,81.8181],[-89.3641,81.838],[-89.4719,81.833],[-89.7473,81.8982],[-89.5824,81.9014],[-89.6201,81.9092],[-90.5681,81.8784],[-90.6239,81.8352],[-91.0139,81.8254],[-91.1218,81.794],[-90.9565,81.7566],[-91.2128,81.7538],[-91.1491,81.7393],[-91.181,81.7365],[-91.343,81.7725],[-91.5269,81.7285],[-91.4809,81.7202],[-91.6756,81.7295],[-91.646,81.7093],[-91.6989,81.6904],[-91.6411,81.6824],[-91.7604,81.6741],[-91.7043,81.6602],[-91.7767,81.648],[-91.8719,81.6637],[-91.8923,81.6527],[-91.7785,81.6421],[-91.9088,81.6326],[-91.8386,81.6269],[-91.8968,81.6095],[-91.3893,81.5912],[-91.3955,81.5534],[-91.3135,81.54],[-91.4173,81.5162],[-91.393,81.5137],[-91.079,81.5525],[-91.0151,81.5273],[-90.9099,81.5598],[-90.9325,81.5875],[-90.9032,81.6099],[-90.9817,81.6149],[-90.7362,81.6291],[-90.6789,81.6466],[-90.7136,81.655],[-90.6859,81.6757],[-90.2271,81.6324],[-90.2891,81.657],[-90.274,81.6836],[-90.3226,81.6835],[-90.1269,81.7028],[-90.1045,81.6882],[-90.1442,81.674],[-90.0765,81.6428],[-89.9067,81.6389],[-90.0219,81.6091],[-89.4859,81.6248],[-90.8191,81.4363],[-90.3955,81.3963],[-90.4899,81.384],[-90.3724,81.3622],[-88.8805,81.539],[-88.1611,81.5841],[-88.1231,81.5771],[-88.2243,81.5614],[-87.2136,81.4929],[-87.9498,81.5059],[-87.9717,81.5176],[-87.8664,81.5282],[-87.9521,81.5333],[-88.781,81.4998],[-88.8917,81.4717],[-88.7555,81.4468],[-88.9563,81.4565],[-89.5093,81.3558],[-89.929,81.3278],[-89.2971,81.2358],[-88.8786,81.2415],[-88.9525,81.2374],[-88.932,81.2281],[-89.4263,81.2115],[-89.931,81.2431],[-90.2814,81.1715],[-90.1966,81.0801],[-90.1276,81.0554],[-89.7073,81.0077],[-88.2168,81.0688],[-87.3666,81.0654],[-86.3186,81.13],[-85.9326,81.223],[-85.3361,81.2782],[-84.8918,81.3104],[-84.6645,81.2818],[-85.3375,81.2101],[-85.9155,81.0959],[-85.7624,81.0694],[-86.0283,81.0795],[-86.6996,80.9983],[-87.1521,80.9809],[-88.2907,80.9977],[-89.1434,80.9482],[-89.4179,80.9023],[-89.28,80.8525],[-88.1828,80.6821],[-87.4859,80.6231],[-87.1572,80.6345],[-87.0127,80.6896],[-87.0429,80.7186],[-86.5758,80.8214],[-86.1672,80.9583],[-85.6682,81.0454],[-83.2948,81.1222],[-83.3484,81.1263],[-82.8754,81.1594],[-82.9166,81.1792],[-82.332,81.1751],[-82.4821,81.1494],[-82.3916,81.1431],[-84.5417,81.0326],[-84.9324,81.0377],[-85.6808,80.9649],[-86.4954,80.7184],[-86.7076,80.5981],[-86.034,80.5299],[-85.5367,80.6232],[-85.5016,80.6156],[-85.8035,80.5406],[-85.1252,80.5092],[-83.7873,80.5424],[-83.6551,80.6241],[-83.7533,80.6754],[-83.725,80.6829],[-83.7751,80.6964],[-83.7565,80.7091],[-83.7833,80.729],[-83.2157,80.8396],[-83.0861,80.8211],[-83.3394,80.7543],[-83.5665,80.7373],[-83.4911,80.7201],[-83.5249,80.7035],[-83.3211,80.6796],[-82.529,80.7426],[-81.9439,80.8354],[-81.7371,80.8164],[-82.203,80.7173],[-83.0636,80.6442],[-83.1607,80.5621],[-83.08,80.5401],[-82.3302,80.5598],[-80.9371,80.6556],[-79.4691,80.8489],[-79.4188,80.8707],[-79.4426,80.8942],[-79.4063,80.9176],[-79.2539,80.9271],[-79.1637,80.969],[-79.3612,80.9989],[-79.2268,81.0566],[-79.0299,81.0872],[-79.4768,81.1886],[-79.424,81.2009],[-78.8832,81.1013],[-78.6061,81.1235],[-78.7348,81.1263],[-78.6339,81.1933],[-78.3153,81.2552],[-78.2489,81.288],[-78.2614,81.3037],[-76.8554,81.4533],[-76.7138,81.4366],[-77.2552,81.3415],[-77.649,81.32],[-77.5101,81.3214],[-77.9682,81.2526],[-78.1497,81.1898],[-78.4335,81.161],[-78.3278,81.1467],[-78.4343,81.0845],[-78.9548,80.981],[-78.854,80.9453],[-78.8752,80.8976],[-78.9707,80.8792],[-78.8605,80.8517],[-77.5478,80.916],[-76.702,80.8901],[-75.125,81.003],[-76.547,80.9028],[-76.4,80.8822],[-76.493,80.8663],[-76.4478,80.8469],[-78.1897,80.8029],[-79.3108,80.708],[-79.9883,80.6134],[-78.411,80.6095],[-77.9425,80.5782],[-78.0193,80.5591],[-80.212,80.5293],[-80.3879,80.501],[-80.0644,80.4607],[-80.8308,80.4601],[-83.196,80.3264],[-82.2825,80.0504],[-81.9508,79.9864],[-81.3958,79.9408],[-81.6706,79.8982],[-81.54,79.8144],[-81.6394,79.7599],[-81.4551,79.7468],[-81.5156,79.7162],[-80.7725,79.648],[-79.7056,79.7063],[-79.8693,79.65],[-80.6456,79.5888],[-80.5703,79.5689],[-80.5938,79.5624],[-81.4487,79.6418],[-81.5975,79.5844],[-81.7196,79.5856],[-81.7524,79.6232],[-81.6194,79.6155],[-81.7024,79.6591],[-81.6745,79.6892],[-81.9686,79.7197],[-81.9655,79.7617],[-82.057,79.7883],[-82.0825,79.8515],[-83.7738,80.2478],[-85.3373,80.2692],[-85.8527,80.3321],[-86.4895,80.2979],[-86.6242,80.124],[-86.4853,80.0175],[-85.2297,79.928],[-85.4059,79.9024],[-85.589,79.9422],[-86.3902,79.9684],[-86.4403,79.9361],[-86.4516,79.8531],[-86.3605,79.8306],[-86.4696,79.8229],[-86.4531,79.7796],[-85.1404,79.6467],[-85.0376,79.6197],[-85.0403,79.5854],[-84.9773,79.5707],[-84.9727,79.5369],[-84.8976,79.4905],[-84.4918,79.4172],[-84.4892,79.3907],[-84.4278,79.3741],[-84.469,79.3329],[-84.321,79.2429],[-84.3161,79.1903],[-84.1345,79.1843],[-83.9138,79.2232],[-84.0172,79.1638],[-83.6881,79.0854],[-83.7177,79.0705],[-83.3419,79.0556],[-83.476,79.0225],[-83.899,79.0407],[-84.012,79.0601],[-83.9783,79.0704],[-84.0542,79.088],[-84.0347,79.1021],[-84.5047,79.1501],[-84.7799,79.0691],[-84.7042,79.0209],[-84.1728,78.9582],[-82.8963,78.936],[-82.5424,78.891],[-82.0804,78.9177],[-81.8551,79.0164],[-81.4821,79.0588],[-81.6496,79.0033],[-81.7617,78.9246],[-81.6404,78.8968],[-81.7217,78.8607],[-81.6908,78.8444],[-81.8891,78.8675],[-82.4617,78.8358],[-83.0769,78.8607],[-83.2672,78.8326],[-82.8327,78.7332],[-82.194,78.7303],[-82.5886,78.7072],[-82.5156,78.6594],[-82.2165,78.5892],[-82.3583,78.5683],[-82.6184,78.6101],[-82.6454,78.6218],[-82.6252,78.636],[-82.7808,78.6906],[-83.1009,78.7119],[-83.6929,78.8285],[-84.6429,78.8559],[-85.0736,78.9223],[-85.6756,78.8471],[-86.6225,78.8024],[-86.849,78.7435],[-86.9418,78.6626],[-87.1034,78.5893],[-86.8442,78.5765],[-86.8336,78.551],[-87.1815,78.543],[-87.399,78.4804],[-87.5235,78.4049],[-87.489,78.3669],[-87.5219,78.233],[-87.5011,78.2164],[-87.0576,78.2065],[-87.3828,78.1858],[-87.5266,78.1385],[-87.1026,78.1041],[-86.7034,78.1204],[-86.5139,78.1727],[-86.4695,78.2218],[-86.2221,78.2003],[-86.0791,78.2465],[-86.0576,78.3032],[-85.8184,78.3874],[-85.7966,78.3857],[-85.8464,78.3637],[-85.8109,78.3459],[-85.8997,78.2986],[-85.8805,78.2917],[-85.9271,78.2367],[-86.1046,78.1676],[-86.2556,78.1646],[-86.2138,78.1435],[-86.2782,78.0793],[-86.1332,78.0566],[-85.4498,78.1018],[-85.0036,78.2915],[-85.0339,78.3017],[-84.9221,78.3452],[-84.9622,78.3698],[-84.9175,78.4097],[-84.9481,78.4167],[-84.855,78.461],[-84.889,78.4622],[-84.8325,78.4876],[-84.8479,78.5049],[-84.5936,78.5966],[-84.7684,78.5121],[-84.7595,78.483],[-84.8568,78.3762],[-84.7971,78.3459],[-84.6796,78.3431],[-84.5954,78.3773],[-84.5791,78.3543],[-84.799,78.3347],[-84.9659,78.219],[-84.8804,78.1921],[-84.7036,78.2259],[-84.4169,78.2188],[-84.1962,78.1723],[-84.0327,78.1767],[-84.1909,78.1625],[-84.5506,78.2042],[-84.9834,78.1789],[-85.0715,78.0996],[-84.7955,78.0516],[-84.5405,78.091],[-84.2758,78.0803],[-84.5262,78.0798],[-84.7794,78.0281],[-85.1153,78.0546],[-85.6883,77.9333],[-85.4526,77.9066],[-85.5206,77.8903],[-85.4677,77.8632],[-85.2829,77.9053],[-84.9757,77.8967],[-84.6585,77.9307],[-84.3043,77.8951],[-84.6396,77.9118],[-84.8952,77.8357],[-84.9213,77.8462],[-84.8074,77.893],[-85.2151,77.8882],[-85.4112,77.839],[-85.2908,77.7974],[-84.9346,77.8463],[-84.9136,77.8264],[-85.1547,77.8023],[-85.1974,77.7532],[-85.3029,77.7359],[-85.2415,77.702],[-85.2881,77.67],[-84.9448,77.5987],[-84.5903,77.6674],[-84.4814,77.7177],[-84.4851,77.7547],[-84.4225,77.75],[-84.421,77.7214],[-84.5149,77.6645],[-84.8622,77.5784],[-84.8606,77.5427],[-84.7919,77.5216],[-83.9545,77.4987],[-83.917,77.5197],[-83.8937,77.5181],[-83.9424,77.4937],[-83.9011,77.4889],[-83.6919,77.5267],[-83.4032,77.6099],[-83.1849,77.7207],[-83.1361,77.7916],[-82.7652,77.9203],[-82.7284,77.9482],[-82.7791,77.9784],[-82.7856,78.0095],[-82.7536,78.0277],[-82.5669,78.0762],[-82.2963,78.0746],[-82.3488,78.0711],[-82.3565,78.0375],[-82.5879,78.0218],[-82.5211,77.9587],[-82.5688,77.9417],[-82.5394,77.9197],[-82.6369,77.8969],[-82.7237,77.8205],[-82.822,77.8049],[-82.8044,77.7845],[-82.8911,77.7265],[-82.9805,77.7111],[-82.9829,77.6802],[-83.2292,77.5733],[-83.5681,77.4765],[-83.8385,77.4614],[-83.6611,77.3922],[-83.5055,77.3905],[-83.4697,77.3507],[-84.0074,77.4014],[-84.6134,77.3851],[-84.5173,77.3215],[-84.3746,77.3054],[-84.4518,77.2947],[-84.7632,77.3222],[-84.9667,77.3833],[-85.4703,77.3779],[-85.4017,77.3926],[-85.5371,77.463],[-85.813,77.4206],[-85.7167,77.4777],[-85.7958,77.5077],[-85.8749,77.6325],[-85.9684,77.6932],[-85.9426,77.7074],[-86.4224,77.8417],[-87.2786,77.8994],[-88.0445,77.8177],[-88.2268,77.8544],[-88.0855,77.8063],[-88.2158,77.7737],[-88.2134,77.7529],[-88.1423,77.7637],[-88.2288,77.6573],[-87.804,77.5739],[-87.8542,77.5571],[-87.6851,77.5371],[-87.7095,77.5278],[-87.6648,77.5203],[-87.6871,77.5035],[-87.6247,77.4893],[-87.778,77.4292],[-87.6968,77.396],[-87.7367,77.3842],[-87.7286,77.3627],[-87.3482,77.333],[-87.1237,77.3712],[-86.7853,77.3646],[-87.2373,77.3093],[-87.2199,77.2748],[-86.8668,77.2656],[-87.1355,77.2447],[-87.1793,77.227],[-87.1439,77.2161],[-87.2344,77.2057],[-86.6032,77.186],[-86.8935,77.1621],[-86.7919,77.1331],[-86.8429,77.1237],[-87.0364,77.1851],[-87.3026,77.1844],[-87.4598,77.1259],[-87.3365,77.1037],[-87.5887,77.0995],[-87.6367,77.1413],[-87.6975,77.142],[-88.551,77.0997],[-88.3802,77.095],[-88.6599,77.0461],[-88.751,76.9959],[-88.9659,76.9918],[-88.9818,76.9515],[-89.5277,76.8488],[-89.4649,76.7407],[-89.3667,76.7257],[-89.4594,76.7158],[-89.4061,76.6752],[-89.666,76.5718],[-89.5119,76.5407],[-89.4517,76.5724],[-89.3841,76.5291],[-89.432,76.4983],[-89.2702,76.4701],[-89.2303,76.4349],[-89.1288,76.4196],[-89.0397,76.4521],[-89.0186,76.4107],[-88.9003,76.406],[-88.7772,76.4564],[-88.8276,76.5],[-88.722,76.5622],[-88.7335,76.5934],[-88.6768,76.6015],[-88.6182,76.5599],[-88.6643,76.5235],[-88.5904,76.484],[-88.6463,76.4981],[-88.7131,76.412],[-88.5962,76.4002],[-88.615,76.4499],[-88.4843,76.5034],[-88.5238,76.5303],[-88.4914,76.5598],[-88.6575,76.5977],[-88.5715,76.6343],[-88.709,76.7161],[-88.4728,76.829],[-88.4995,76.8077],[-88.4867,76.769],[-88.5659,76.7376],[-88.4606,76.6658],[-88.5059,76.6455],[-88.5038,76.607],[-88.4154,76.5839],[-88.4007,76.5366],[-88.3312,76.5144],[-88.3521,76.472],[-88.4201,76.4658],[-88.3494,76.4642],[-88.3806,76.4549],[-88.3541,76.4355],[-88.4334,76.4114],[-88.3804,76.3909],[-87.8939,76.3601],[-87.8576,76.3922],[-87.8856,76.4028],[-87.8014,76.4161],[-87.8309,76.3961],[-87.6955,76.3432],[-87.5974,76.3392],[-87.5783,76.3477],[-87.6064,76.3668],[-87.5489,76.377],[-87.409,76.3532],[-87.5018,76.3752],[-87.4244,76.4211],[-87.5447,76.4507],[-87.4905,76.4989],[-87.5752,76.5286],[-87.576,76.6106],[-87.5462,76.6278],[-87.4504,76.5873],[-87.4969,76.5329],[-87.3839,76.5123],[-87.3827,76.4793],[-87.4483,76.4596],[-87.1589,76.4378],[-87.1106,76.4171],[-87.1772,76.3983],[-87.1128,76.3799],[-86.7219,76.3448],[-86.6738,76.3461],[-86.7037,76.3625],[-86.6009,76.4467],[-86.6447,76.4737],[-86.29,76.5227],[-86.621,76.6218],[-86.599,76.6265],[-86.6158,76.6469],[-86.2131,76.5276],[-86.4015,76.4703],[-86.4181,76.4106],[-86.3498,76.3975],[-86.3825,76.386],[-85.7442,76.3529],[-85.469,76.3032],[-85.2612,76.3054],[-85.2388,76.2789],[-84.9263,76.2823],[-84.3822,76.3165],[-84.9758,76.4225],[-85.0626,76.5155],[-85.0515,76.578],[-85.2312,76.6444],[-85.1423,76.6576],[-84.9167,76.5985],[-84.961,76.567],[-84.8495,76.542],[-84.7773,76.4862],[-84.7966,76.4696],[-84.6336,76.434],[-84.2269,76.448],[-84.1402,76.4769],[-84.2632,76.5378],[-84.1903,76.6141],[-84.3569,76.6494],[-84.2943,76.6589],[-84.0954,76.6287],[-84.0619,76.6133],[-84.0968,76.5647],[-84.0557,76.5329],[-83.7604,76.4636],[-83.7156,76.4261],[-83.1558,76.4236],[-83.2616,76.4556],[-83.174,76.4924],[-83.2367,76.5198],[-83.2395,76.5724],[-83.404,76.6289],[-83.4051,76.6645],[-83.542,76.6859],[-83.5184,76.701],[-83.5409,76.713],[-83.3929,76.7634],[-83.3627,76.748],[-83.4303,76.7182],[-83.4005,76.687],[-83.4188,76.6727],[-83.189,76.6197],[-83.0521,76.5023],[-83.1355,76.4662],[-83.0412,76.4345],[-82.7782,76.381],[-82.2695,76.3931],[-82.135,76.4424],[-82.2483,76.5268],[-82.1177,76.5643],[-82.1278,76.5816],[-82.4959,76.6428],[-82.599,76.7105],[-82.5603,76.7265],[-82.7801,76.8232],[-82.7355,76.8276],[-82.4894,76.7344],[-82.5053,76.7184],[-82.3685,76.6501],[-82.2408,76.629],[-82.1504,76.6193],[-81.7637,76.6949],[-81.8911,76.6429],[-82.1109,76.6102],[-81.9986,76.5835],[-82.0943,76.5154],[-81.8003,76.4711],[-81.4921,76.4674],[-81.3626,76.4899],[-81.2341,76.5567],[-81.2122,76.5275],[-81.2547,76.4962],[-80.9691,76.4796],[-80.7543,76.4191],[-80.7703,76.3802],[-81.102,76.2158],[-80.9673,76.1925],[-81.0808,76.1451],[-81.0457,76.1318],[-80.2039,76.2445],[-80.0855,76.2252],[-79.5619,76.32],[-79.3304,76.3076],[-79.1895,76.4052],[-78.9727,76.428],[-78.8761,76.5021],[-78.8661,76.5422],[-78.8094,76.5614],[-78.8479,76.5776],[-78.5682,76.5774],[-78.6315,76.5509],[-78.5899,76.5161],[-78.6182,76.491],[-78.5576,76.4596],[-78.3925,76.4561],[-78.3505,76.5048],[-78.1947,76.524],[-78.1816,76.5473],[-78.2266,76.5591],[-78.0381,76.6408],[-77.8043,76.6464],[-77.7884,76.668],[-77.8456,76.6943],[-77.7691,76.7334],[-77.7987,76.7952],[-77.7253,76.8202],[-77.9028,76.858],[-77.8212,76.8862],[-77.9086,76.9074],[-77.9093,76.9446],[-78.0874,77.0208],[-78.4145,76.9924],[-78.39,76.9716],[-78.6025,76.9243],[-78.5503,76.8513],[-78.6964,76.85],[-78.7415,76.8059],[-78.9729,76.8496],[-78.8661,76.9362],[-79.4214,76.9225],[-79.3854,76.9667],[-79.0085,77.1025],[-79.099,77.1316],[-79.0444,77.1486],[-79.1234,77.1894],[-79.2838,77.2223],[-79.7106,77.2447],[-79.9744,77.2035],[-80.3473,77.0718],[-80.4017,77.0802],[-80.0617,77.2017],[-81.0955,77.2887],[-81.8511,77.1647],[-81.7964,77.1709],[-81.906,77.1931],[-81.8851,77.241],[-82.2092,77.2984],[-82.0915,77.3169],[-81.8254,77.2823],[-81.1474,77.3323],[-81.2236,77.3709],[-81.4978,77.374],[-81.7996,77.4392],[-81.6554,77.5319],[-81.8252,77.6054],[-81.9392,77.6172],[-81.9669,77.6555],[-81.9178,77.6659],[-81.9566,77.6853],[-81.8923,77.7231],[-81.8516,77.7156],[-81.9121,77.6905],[-81.8425,77.6725],[-81.8607,77.6249],[-81.5984,77.5898],[-81.6902,77.5702],[-81.5646,77.5348],[-81.597,77.5182],[-81.3209,77.4651],[-81.3137,77.4274],[-81.0372,77.4006],[-81.0566,77.3826],[-80.7533,77.3291],[-80.0391,77.2738],[-79.6677,77.3191],[-79.1755,77.2898],[-78.9512,77.3366],[-78.8409,77.3948],[-78.7035,77.3888],[-78.8623,77.3095],[-78.7236,77.3146],[-78.3036,77.3816],[-78.2448,77.4035],[-78.3,77.426],[-78.2504,77.4464],[-77.9895,77.4929],[-78.0044,77.5354],[-77.9825,77.5436],[-78.0297,77.5518],[-77.7409,77.6048],[-77.8724,77.6088],[-77.8444,77.6458],[-78.0905,77.6807],[-77.9561,77.7823],[-78.1851,77.8386],[-78.1483,77.8445],[-78.3778,77.869],[-78.436,77.9261],[-78.5246,77.9361],[-78.481,77.9732],[-77.1831,77.9422],[-76.9242,77.9026],[-76.7984,77.9204],[-76.8871,77.8954],[-76.5659,77.9335],[-76.4703,77.974],[-76.4909,77.9943],[-76.3019,77.9949],[-76.2369,78.0057],[-76.3453,78.0017],[-76.2231,78.0284],[-75.8658,77.9587],[-75.6432,78.0364],[-75.6811,78.0629],[-75.5719,78.1235],[-76.0335,78.1454],[-76.165,78.1136],[-76.954,78.2153],[-76.6224,78.2492],[-75.6323,78.1987],[-75.4822,78.2118],[-75.3455,78.3002],[-75.0013,78.3305],[-75.4507,78.4294],[-76.0623,78.4611],[-76.18,78.5085],[-76.5923,78.5012],[-76.6217,78.5263],[-76.2897,78.5436],[-75.8055,78.501],[-75.4623,78.5079],[-74.9542,78.537],[-74.7957,78.5781],[-74.8432,78.5867],[-74.7186,78.5918],[-74.749,78.6028],[-74.5736,78.5873],[-74.7471,78.6189],[-74.8579,78.6764],[-74.8459,78.6985],[-74.6716,78.7056],[-74.7736,78.7416],[-74.6882,78.7697],[-74.8389,78.7865],[-74.7133,78.7928],[-74.7311,78.815],[-74.7061,78.8168],[-74.8565,78.8115],[-74.8112,78.8347],[-74.8972,78.8545],[-75.6821,78.8945],[-76.193,78.8871],[-76.4355,78.8461],[-76.2806,78.9002],[-75.8145,78.9262],[-75.6979,78.956],[-75.7133,78.9733],[-76.6843,79.0289],[-77.6306,78.9763],[-77.9503,78.8951],[-78.1367,78.8105],[-78.1697,78.7621],[-78.2683,78.7829],[-77.8929,78.9635],[-77.6569,79.016],[-77.8106,79.0535],[-78.2064,79.0692],[-78.8781,79.0614],[-77.8261,79.0727],[-77.4734,79.0168],[-77.0454,79.0727],[-76.1898,79.0739],[-76.0453,79.0999],[-76.6466,79.1524],[-78.2505,79.1676],[-77.8427,79.2083],[-76.9871,79.1808],[-76.1142,79.1995],[-75.8337,79.154],[-75.8658,79.1354],[-75.8366,79.1153],[-75.8717,79.1004],[-75.5039,79.0548],[-74.5816,79.0129],[-74.3868,79.0512],[-74.6396,79.1361],[-74.5849,79.1462],[-74.7978,79.1641],[-74.4316,79.2209],[-74.5013,79.2317],[-75.7724,79.2236],[-76.0885,79.2647],[-76.0665,79.2688],[-76.7537,79.2819],[-77.5862,79.2369],[-77.3029,79.2662],[-78.0527,79.3508],[-77.9036,79.368],[-77.1512,79.3227],[-77.2926,79.4224],[-77.3897,79.44],[-77.11,79.4642],[-77.0792,79.4446],[-77.1172,79.4327],[-77.0506,79.3986],[-76.8491,79.3472],[-75.8594,79.3452],[-76.1456,79.3958],[-76.2369,79.4307],[-76.1462,79.4432],[-76.2222,79.4591],[-77.0759,79.4871],[-77.203,79.5241],[-77.0774,79.5523],[-77.0266,79.5367],[-77.0527,79.5178],[-76.2103,79.4969],[-75.9456,79.4166],[-75.7867,79.4465],[-75.7689,79.435],[-75.8047,79.417],[-75.6894,79.4023],[-75.6379,79.4307],[-75.4494,79.386],[-75.0922,79.3696],[-74.8958,79.3745],[-74.8563,79.4077],[-75.035,79.4855],[-74.961,79.5103],[-74.6478,79.4357],[-74.1782,79.4312],[-73.9003,79.4669],[-73.9854,79.5476],[-73.6337,79.4896],[-73.1902,79.5196],[-73.0947,79.5508],[-73.1756,79.5959],[-73.121,79.6288],[-73.3788,79.7452],[-73.3037,79.7697],[-73.5688,79.7527],[-73.9877,79.7947],[-74.7107,79.7892],[-74.7765,79.8293],[-74.8792,79.8354],[-74.2974,79.8885],[-73.7348,79.8481],[-73.8868,79.8204],[-72.8752,79.818],[-73.0604,79.8034],[-72.9461,79.7488],[-72.9277,79.7035],[-72.6795,79.6715],[-72.3584,79.6862],[-72.2452,79.6495],[-71.4594,79.7236],[-71.3914,79.742],[-71.4149,79.7514],[-71.0903,79.7855],[-71.0732,79.7987],[-71.1154,79.8108],[-70.9949,79.8157],[-70.9945,79.8434],[-70.8522,79.8851],[-71.1011,79.9154],[-71.4483,79.8956],[-71.3759,79.909],[-71.4013,79.928],[-70.6533,79.9899],[-70.6879,80.012],[-70.4805,80.0471],[-70.5061,80.0797],[-70.4535,80.0886],[-70.6059,80.1309],[-70.7477,80.1302],[-71.4077,80.0683],[-72.3306,80.0615],[-71.8294,80.1064],[-72.4026,80.2117],[-72.2358,80.2193],[-71.6165,80.1032],[-70.7599,80.1983],[-70.111,80.1884],[-70.0552,80.2285],[-69.9,80.2576],[-70.4339,80.3393],[-70.4562,80.3513],[-70.4397,80.3768],[-70.3279,80.4085],[-70.6324,80.5088],[-70.6106,80.5179],[-70.8153,80.5479],[-70.7156,80.5559],[-70.3237,80.4783],[-70.1681,80.4203],[-70.2574,80.3544],[-70.2113,80.34],[-69.536,80.365],[-69.3449,80.3989],[-69.1445,80.5218],[-68.8671,80.5966],[-68.9659,80.6125],[-68.7809,80.6258],[-68.2083,80.7716],[-67.933,80.7926],[-67.8213,80.8194],[-67.8929,80.8294],[-67.8539,80.8438],[-67.5016,80.8938],[-67.6214,80.9254],[-67.3168,80.9268],[-66.7828,81.0076],[-66.0584,81.2198],[-65.3354,81.2733],[-64.6682,81.3851],[-64.4214,81.4859],[-64.5193,81.5475],[-65.5161,81.4993],[-69.2773,81.2034],[-69.976,81.08],[-70.0273,81.0967],[-69.5759,81.1806],[-70.1922,81.1724],[-69.2977,81.2373],[-69.4319,81.2602],[-69.3655,81.2707],[-69.1266,81.252],[-68.4838,81.3061],[-66.6,81.5168],[-67.1448,81.5632],[-68.5712,81.5091],[-68.8874,81.5514],[-68.5301,81.5246],[-68.3524,81.5433],[-69.0417,81.6791],[-69.7454,81.75],[-69.0426,81.6925],[-68.258,81.559],[-66.0987,81.6197],[-66.0832,81.6519],[-65.8061,81.6286],[-65.294,81.685],[-66.0566,81.6895],[-65.3298,81.7257],[-65.293,81.7343],[-65.3403,81.7539],[-65.298,81.759],[-64.3953,81.7135],[-64.0877,81.7575],[-64.3394,81.8135],[-63.8462,81.7914],[-63.6313,81.8228],[-63.6104,81.8396],[-63.6512,81.8393],[-63.6141,81.8514],[-62.804,81.9303],[-62.4775,81.9822],[-62.5267,82.0058],[-62.5012,82.014],[-62.3125,82.0072],[-61.8604,82.1041],[-62.0449,82.1309],[-61.2079,82.217],[-61.1329,82.2451],[-61.0913,82.3179],[-61.1005,82.3604],[-61.2511,82.4191],[-61.5254,82.4742],[-62.1954,82.5067],[-62.3861,82.4814],[-62.1882,82.523],[-62.2391,82.529],[-62.7702,82.5137],[-62.7494,82.4985],[-62.7754,82.4886],[-62.7286,82.485],[-62.805,82.4754],[-62.8319,82.4792],[-62.787,82.4897],[-62.8983,82.5144],[-63.0774,82.4473],[-63.4068,82.4328],[-63.0747,82.4619],[-63.1975,82.4671],[-63.1298,82.4734],[-63.1383,82.4948],[-63.0535,82.5357],[-63.1301,82.5401],[-62.9387,82.5761],[-63.3828,82.6028],[-63.4089,82.615],[-63.2264,82.6406],[-63.6176,82.6671],[-63.5858,82.6937],[-63.7325,82.716],[-63.982,82.7114],[-63.5881,82.7242],[-63.4354,82.7625],[-63.4675,82.78],[-63.4415,82.7996],[-63.5636,82.8327],[-64.0538,82.8325],[-64.4184,82.7834],[-64.381,82.7567],[-64.4241,82.7548],[-64.7403,82.8378],[-64.6929,82.8602],[-64.905,82.863],[-64.6403,82.8923],[-64.8257,82.9075]]],[[[-67.604,70.1814],[-68.0627,70.3301],[-68.1609,70.3182],[-68.1632,70.2878],[-68.3281,70.2312],[-68.297,70.1902],[-68.347,70.2008],[-68.3662,70.1745],[-68.2886,70.1689],[-68.3433,70.1573],[-68.3218,70.1412],[-68.1942,70.1346],[-68.2249,70.1037],[-68.3613,70.0652],[-68.5741,70.057],[-68.5436,70.0287],[-68.6749,69.9854],[-68.6568,69.9471],[-69.0851,69.9336],[-69.4034,69.7828],[-69.7456,69.8083],[-69.8151,69.774],[-69.8239,69.7287],[-69.9445,69.6722],[-69.9638,69.6254],[-70.0118,69.6183],[-69.9861,69.6919],[-69.7858,69.8351],[-69.445,69.8213],[-69.1269,69.9809],[-68.8288,70.0373],[-68.7522,70.0777],[-68.7743,70.1057],[-68.6433,70.1643],[-68.6885,70.2113],[-69.1016,70.2253],[-69.1228,70.2182],[-69.0065,70.1892],[-69.6364,70.1477],[-69.8026,70.0647],[-69.7252,69.9977],[-69.7854,69.9618],[-70.0591,69.9619],[-70.3301,69.8482],[-70.45,69.8558],[-70.2823,69.8916],[-70.1437,69.9732],[-69.8227,69.9842],[-69.8997,70.0488],[-69.9931,70.0611],[-70.1613,70.0111],[-70.1873,70.029],[-70.0941,70.0716],[-69.9046,70.0872],[-69.822,70.1597],[-69.3929,70.2606],[-68.7032,70.3287],[-68.6521,70.3523],[-68.6754,70.4393],[-68.5792,70.4738],[-68.5545,70.4644],[-68.5779,70.4104],[-68.44,70.3783],[-68.4586,70.4155],[-68.2879,70.524],[-68.3961,70.592],[-68.9939,70.7022],[-69.198,70.5889],[-69.465,70.5131],[-69.6205,70.515],[-69.5626,70.5023],[-69.6729,70.4936],[-69.7467,70.4488],[-70.0452,70.4549],[-70.3194,70.4071],[-70.5772,70.3108],[-70.6353,70.2817],[-70.6086,70.2612],[-70.6662,70.2454],[-70.6322,70.3094],[-70.3665,70.4182],[-70.171,70.4674],[-69.8153,70.466],[-69.7192,70.5152],[-69.4723,70.5186],[-69.1916,70.596],[-69.0048,70.7042],[-69.1301,70.7245],[-69.2414,70.7885],[-69.3877,70.7671],[-69.4581,70.7937],[-69.645,70.7499],[-69.6939,70.7022],[-69.6747,70.6724],[-69.7797,70.7182],[-69.8183,70.704],[-69.7864,70.6859],[-70.0062,70.6485],[-70.056,70.5612],[-70.052,70.6353],[-70.1061,70.622],[-70.0632,70.585],[-70.1343,70.6211],[-70.4102,70.6124],[-70.3353,70.5134],[-70.2847,70.4934],[-70.3682,70.5076],[-70.6282,70.4621],[-70.4014,70.517],[-70.487,70.6051],[-70.4623,70.6303],[-70.1332,70.6741],[-69.7656,70.8567],[-69.8895,70.8815],[-70.5924,70.7305],[-70.8251,70.646],[-71.0083,70.6309],[-71.0625,70.5535],[-70.9831,70.5247],[-71.0724,70.5252],[-71.3274,70.1437],[-71.5487,70.0258],[-71.4879,70.0952],[-71.3908,70.1326],[-71.4521,70.1346],[-71.3684,70.1873],[-71.3746,70.2125],[-71.2637,70.2734],[-71.3207,70.3253],[-71.2346,70.4171],[-71.1742,70.5464],[-71.4331,70.552],[-71.4077,70.5761],[-71.5105,70.5833],[-71.5202,70.5297],[-71.6572,70.4775],[-71.6456,70.4487],[-71.7365,70.3093],[-71.8652,70.2957],[-71.7693,70.3477],[-71.7325,70.4107],[-71.7535,70.4275],[-71.8959,70.4278],[-71.9605,70.3979],[-71.9819,70.4199],[-71.7555,70.4534],[-71.7427,70.4941],[-71.5834,70.5588],[-71.6095,70.6154],[-71.1853,70.5908],[-71.1046,70.6722],[-70.7824,70.7502],[-70.7272,70.8344],[-70.5202,70.927],[-70.6053,71.056],[-70.8203,71.1164],[-71.2081,71.0128],[-71.2869,70.9068],[-71.1821,70.8553],[-71.3281,70.8906],[-71.5645,70.8745],[-71.9173,70.7939],[-72.1715,70.7805],[-72.3506,70.6631],[-72.5401,70.6135],[-72.5764,70.6189],[-72.5636,70.6378],[-72.6301,70.6287],[-72.3865,70.686],[-72.1859,70.8396],[-72.2784,70.8695],[-72.7919,70.8227],[-72.337,70.8858],[-72.3041,70.9508],[-72.1711,70.9694],[-72.0846,71.0846],[-71.8781,71.1148],[-71.4853,71.0653],[-71.339,71.1785],[-71.145,71.2618],[-71.2987,71.3775],[-71.5532,71.4961],[-72.545,71.6608],[-72.5974,71.6434],[-72.6041,71.5867],[-72.6624,71.5202],[-72.8511,71.5072],[-72.7582,71.4258],[-72.9838,71.4105],[-72.9499,71.3624],[-72.9655,71.3362],[-72.934,71.3318],[-72.9779,71.2563],[-73.0168,71.2265],[-73.1939,71.2157],[-73.1683,71.1645],[-73.2559,71.0787],[-73.4156,71.0393],[-73.3622,70.9721],[-73.4511,71.035],[-73.3095,71.0735],[-73.2248,71.1464],[-73.2501,71.2314],[-73.0407,71.2631],[-73.0444,71.2843],[-73.1944,71.2859],[-73.1543,71.3064],[-73.4223,71.3455],[-73.4273,71.3181],[-73.6103,71.2249],[-73.6677,71.0902],[-73.8601,71.0483],[-73.8536,71.0764],[-73.7073,71.1058],[-73.7067,71.1765],[-73.6635,71.204],[-73.6789,71.2536],[-73.4955,71.3406],[-73.504,71.3715],[-73.3855,71.3859],[-73.4557,71.4464],[-73.5159,71.4265],[-73.5005,71.3851],[-73.6311,71.3644],[-73.5681,71.39],[-73.6495,71.4456],[-73.5617,71.5459],[-73.6633,71.5952],[-73.748,71.591],[-73.8503,71.5375],[-73.9063,71.48],[-73.8719,71.4475],[-73.9623,71.4188],[-73.9733,71.3249],[-74.1048,71.2372],[-74.2312,71.2005],[-74.0584,71.2942],[-74.1626,71.3125],[-74.0332,71.3381],[-74.062,71.3841],[-74.0217,71.4414],[-74.3132,71.4052],[-74.1288,71.4632],[-73.9712,71.4626],[-74.0005,71.4924],[-73.9636,71.542],[-74.0598,71.5319],[-73.9355,71.5563],[-73.8794,71.5826],[-73.8765,71.6198],[-73.7976,71.6276],[-73.7967,71.6634],[-73.6124,71.7218],[-73.6055,71.7767],[-73.677,71.7159],[-73.6974,71.7185],[-73.6761,71.7641],[-73.7061,71.7743],[-73.9744,71.7571],[-74.1023,71.6488],[-74.2186,71.6177],[-74.1124,71.5286],[-74.1743,71.5406],[-74.2562,71.614],[-74.1438,71.6527],[-74.0981,71.741],[-74.2687,71.7324],[-74.3303,71.6846],[-74.5049,71.6637],[-74.5998,71.5503],[-74.7398,71.5306],[-74.7096,71.5006],[-74.7394,71.4713],[-74.6181,71.4256],[-74.6212,71.3698],[-75.0456,71.1808],[-75.1059,71.2106],[-74.9923,71.2268],[-74.6889,71.3954],[-74.7585,71.4375],[-74.9242,71.4555],[-74.7981,71.4973],[-74.8303,71.5226],[-74.9895,71.5231],[-75.1175,71.4611],[-75.1306,71.4783],[-75.0172,71.5371],[-74.7078,71.5865],[-74.6141,71.6587],[-74.6657,71.6936],[-74.7759,71.6814],[-74.865,71.6268],[-75.3713,71.5068],[-75.3997,71.5197],[-74.9123,71.6673],[-75.0724,71.7024],[-75.4063,71.668],[-75.0906,71.7228],[-74.8992,71.6999],[-74.5429,71.7931],[-74.5608,71.8184],[-74.5219,71.8335],[-74.4412,71.798],[-74.2448,71.8246],[-74.1679,71.8716],[-74.2057,71.9141],[-74.1255,71.9795],[-74.244,72.0772],[-75.0026,72.127],[-75.0967,72.1061],[-75.2072,72.0164],[-75.5352,71.9784],[-75.5512,71.9057],[-75.631,71.871],[-75.6187,71.8338],[-75.7863,71.7268],[-76.0927,71.7005],[-75.8061,71.7413],[-75.67,71.8373],[-75.6918,71.8722],[-75.6069,71.9122],[-75.6208,71.9517],[-75.592,71.99],[-75.2731,72.041],[-75.2114,72.0753],[-75.4906,72.1263],[-75.7552,72.1099],[-76.0179,72.0494],[-76.0821,71.9778],[-76.3758,71.8498],[-76.403,71.8618],[-76.1263,71.992],[-76.0503,72.0718],[-75.6326,72.1459],[-75.2304,72.1159],[-74.9189,72.2516],[-75.0996,72.371],[-75.1824,72.4602],[-75.1596,72.4956],[-75.5712,72.5645],[-75.9734,72.5863],[-76.072,72.5394],[-76.0452,72.479],[-76.1337,72.4642],[-76.0855,72.4872],[-76.1409,72.5328],[-76.1241,72.5922],[-76.6508,72.6415],[-76.636,72.6792],[-76.7505,72.7278],[-77.5944,72.7599],[-78.179,72.6549],[-78.4538,72.5748],[-78.5494,72.5091],[-78.525,72.4899],[-78.5507,72.4378],[-78.3664,72.3736],[-77.876,72.2952],[-77.5455,72.2011],[-77.2796,72.2028],[-77.0108,72.1344],[-77.2966,72.1886],[-77.5854,72.1854],[-77.6299,72.1651],[-77.5788,72.1346],[-77.6496,72.1012],[-77.6086,72.137],[-77.6652,72.1603],[-77.6315,72.193],[-77.6558,72.2069],[-77.9445,72.2717],[-78.0234,72.2441],[-77.9919,72.2752],[-78.4204,72.3346],[-78.4754,72.2688],[-78.4049,72.2249],[-78.4239,72.2059],[-78.3925,72.1781],[-78.4166,72.1708],[-78.4548,72.2247],[-78.5267,72.2348],[-78.5082,72.3377],[-78.5998,72.3659],[-78.8019,72.3419],[-78.8248,72.3216],[-78.7468,72.2818],[-78.8802,72.2348],[-78.4276,72.1204],[-78.285,71.9871],[-78.0894,71.9858],[-78.0998,71.9524],[-77.8773,71.8511],[-77.6878,71.8218],[-77.7379,71.7472],[-77.7905,71.8019],[-77.9571,71.8476],[-78.0142,71.9091],[-78.133,71.9494],[-78.1167,71.9741],[-78.2983,71.9535],[-78.124,71.839],[-77.8775,71.7734],[-78.1892,71.8299],[-78.3798,71.9372],[-78.3734,71.9759],[-78.4813,72.0999],[-78.8576,72.1824],[-78.884,72.1531],[-78.864,72.0832],[-78.9288,72.0226],[-78.8316,71.9863],[-78.8715,71.9813],[-78.5928,71.9358],[-78.5835,71.8991],[-78.5025,71.8715],[-79.0386,71.9744],[-79.1895,71.9611],[-79.2038,71.9818],[-79.0072,72.0903],[-79.0009,72.1499],[-78.9472,72.1987],[-78.9841,72.2516],[-78.9377,72.2823],[-79.3428,72.4092],[-79.3633,72.3595],[-79.478,72.3317],[-79.4587,72.3006],[-79.5437,72.2956],[-79.4499,72.257],[-79.4317,72.1923],[-79.4834,72.209],[-79.4748,72.2518],[-79.5207,72.2771],[-79.6956,72.2507],[-79.7044,72.2159],[-79.7653,72.2255],[-79.5763,72.3449],[-79.752,72.4156],[-79.6813,72.468],[-79.7891,72.4745],[-79.7536,72.4856],[-79.7915,72.506],[-79.8703,72.481],[-79.8287,72.4648],[-79.8719,72.4212],[-80.0136,72.4051],[-80.1669,72.3293],[-79.9089,72.1894],[-79.6561,72.138],[-79.9947,72.1822],[-80.2206,72.3059],[-80.2846,72.2675],[-80.1724,72.1924],[-80.4865,72.1831],[-80.3259,72.0684],[-80.5439,72.0027],[-80.7397,71.9882],[-80.7612,71.9272],[-80.9608,71.8853],[-80.8301,71.9351],[-80.8021,71.9603],[-80.8177,71.9919],[-80.7745,72.0216],[-80.8458,72.0532],[-81.082,72.049],[-81.0125,72.0697],[-81.0206,72.0959],[-80.738,72.107],[-80.5319,72.0709],[-80.9883,72.2039],[-80.8133,72.2096],[-80.8537,72.2239],[-80.7778,72.287],[-80.66,72.3487],[-80.4995,72.3814],[-80.517,72.4129],[-80.4662,72.4586],[-80.4959,72.5117],[-80.8771,72.4475],[-80.891,72.4113],[-81.2377,72.2492],[-81.3817,72.2424],[-81.1863,72.2935],[-81.1786,72.337],[-80.9304,72.4597],[-80.5043,72.5757],[-80.5396,72.631],[-80.2232,72.7343],[-80.2503,72.7842],[-80.4972,72.8317],[-80.5418,72.8976],[-80.637,72.9291],[-80.6061,72.9485],[-80.6531,72.9733],[-80.644,73.0],[-80.5641,73.0237],[-80.5603,73.0628],[-80.5079,73.0884],[-80.5768,73.1529],[-81.1855,73.2605],[-81.2052,73.2872],[-81.1457,73.3873],[-81.1947,73.4436],[-81.2047,73.5306],[-81.447,73.6551],[-81.4374,73.6837],[-81.6036,73.7326],[-82.847,73.7362],[-83.0257,73.6475],[-83.2052,73.6641],[-84.0106,73.5095],[-83.6493,73.441],[-83.6127,73.4037],[-83.6447,73.37],[-83.584,73.2999],[-83.6875,73.3346],[-83.7338,73.3796],[-83.7083,73.4091],[-83.7328,73.4236],[-84.1637,73.4816],[-84.6324,73.4024],[-84.5718,73.327],[-84.3115,73.2262],[-84.6571,73.3083],[-84.7681,73.3901],[-85.1266,73.3113],[-85.1769,73.2371],[-84.7111,73.1331],[-83.7463,73.0473],[-83.7872,73.0309],[-83.6083,72.9865],[-83.931,73.044],[-84.1446,73.0338],[-84.794,73.0854],[-85.164,73.1485],[-85.2107,73.1499],[-85.2151,73.1225],[-85.1251,73.0508],[-85.2314,73.0565],[-85.3742,73.1418],[-85.4819,73.1001],[-85.5433,73.0303],[-85.1501,73.0102],[-85.1647,73.0314],[-85.0825,73.0307],[-85.0351,72.9968],[-85.1037,72.9918],[-84.9258,72.9785],[-84.895,72.9644],[-84.9627,72.9689],[-83.9325,72.7563],[-85.3159,72.9778],[-85.5844,72.9688],[-85.6999,72.9052],[-85.6414,72.8779],[-85.6985,72.7463],[-85.68,72.6849],[-85.7122,72.6495],[-85.651,72.6046],[-85.4659,72.5866],[-85.6113,72.5544],[-85.5145,72.4604],[-85.1021,72.3847],[-85.1458,72.3595],[-85.0118,72.378],[-85.0344,72.402],[-84.7808,72.4687],[-84.7553,72.4479],[-84.7991,72.4224],[-84.76,72.4141],[-84.8575,72.4104],[-84.8742,72.3725],[-84.5173,72.3647],[-84.4158,72.3919],[-84.5077,72.351],[-84.7865,72.3603],[-84.8439,72.3487],[-84.7974,72.346],[-84.8768,72.3208],[-84.8559,72.3072],[-84.9452,72.2898],[-84.5608,72.2334],[-84.7455,72.2334],[-84.6028,72.1643],[-84.349,72.1359],[-84.4113,72.1233],[-84.1441,72.0064],[-84.1738,71.9913],[-84.145,71.9802],[-84.1971,71.9799],[-84.141,71.9536],[-84.1968,71.9333],[-84.2315,71.9548],[-84.2437,72.0194],[-84.4175,72.0591],[-84.5098,72.118],[-84.7051,72.1441],[-84.9614,72.2494],[-85.0593,72.2552],[-85.0557,72.2324],[-85.1039,72.2253],[-85.0888,72.2586],[-85.1813,72.2651],[-85.1837,72.2373],[-85.2492,72.2354],[-85.2285,72.2672],[-85.3113,72.2659],[-85.3144,72.2391],[-85.493,72.2603],[-85.3807,72.2243],[-85.4472,72.2103],[-85.5138,72.2422],[-85.4702,72.2051],[-85.5028,72.1778],[-85.3692,72.1389],[-85.5478,72.125],[-85.4781,72.0899],[-85.508,72.0591],[-85.691,72.0649],[-85.7814,72.0319],[-85.6928,72.0111],[-85.718,72.0039],[-85.9934,72.0326],[-85.9499,71.9824],[-86.0381,72.024],[-86.0255,71.9873],[-85.5521,71.9017],[-85.4291,71.8098],[-85.5935,71.7865],[-85.5066,71.7785],[-85.5425,71.771],[-85.3049,71.6818],[-84.8526,71.6314],[-84.8193,71.6446],[-84.8556,71.6683],[-84.8288,71.6826],[-84.5672,71.676],[-84.5992,71.6623],[-84.5491,71.6355],[-84.632,71.6236],[-84.5964,71.6172],[-84.6497,71.5844],[-84.5387,71.5483],[-84.5189,71.4647],[-84.7582,71.4193],[-84.7177,71.3742],[-84.7621,71.3798],[-84.7936,71.3453],[-84.7736,71.2638],[-84.6418,71.2239],[-84.8084,71.18],[-84.7817,71.1607],[-84.8142,71.0645],[-84.7408,71.0323],[-84.783,71.0302],[-84.7325,70.9957],[-84.7629,70.9332],[-84.9387,70.919],[-84.9689,70.9429],[-84.9104,71.0102],[-85.0059,71.0312],[-84.9915,71.0609],[-84.9306,71.0677],[-85.1621,71.0868],[-84.986,71.1147],[-84.861,71.0775],[-84.8324,71.1535],[-84.8538,71.1724],[-85.0614,71.1992],[-84.9584,71.1658],[-85.0967,71.1893],[-85.1116,71.1664],[-85.0769,71.1546],[-85.1598,71.1368],[-85.3894,71.1721],[-85.3704,71.1877],[-85.4894,71.1715],[-85.4675,71.1561],[-85.7822,71.1414],[-86.2346,71.0119],[-86.5872,70.9743],[-86.817,70.9913],[-86.2339,71.0602],[-86.1807,71.0792],[-86.1987,71.1051],[-86.0617,71.1243],[-85.9417,71.1862],[-85.7778,71.1815],[-85.7183,71.2109],[-85.4966,71.1762],[-85.4473,71.2233],[-85.363,71.198],[-85.4019,71.2126],[-85.3799,71.233],[-85.4575,71.2266],[-85.3918,71.2507],[-85.4243,71.2546],[-85.1781,71.2727],[-85.3382,71.2934],[-84.825,71.2747],[-84.8463,71.342],[-84.9276,71.3436],[-84.9122,71.4227],[-85.3862,71.4891],[-85.9264,71.7364],[-86.0291,71.755],[-86.0033,71.7694],[-86.117,71.7909],[-86.4021,72.0189],[-86.4385,72.1214],[-86.4192,72.1811],[-86.457,72.2048],[-86.4088,72.2991],[-86.2339,72.4176],[-86.374,72.5198],[-86.6775,72.6437],[-86.7065,72.6684],[-86.6708,72.6779],[-86.7485,72.7103],[-86.7181,72.7152],[-86.7491,72.7257],[-86.6829,72.8578],[-86.3216,73.0422],[-86.279,73.0876],[-86.2939,73.1063],[-86.1927,73.1651],[-86.1522,73.2401],[-85.9298,73.3646],[-85.5517,73.5169],[-84.9369,73.6681],[-84.8315,73.7443],[-84.9886,73.7924],[-86.1628,73.8616],[-86.5555,73.857],[-87.4526,73.7622],[-88.2784,73.5731],[-88.4749,73.4909],[-88.4647,73.4651],[-88.644,73.4358],[-88.8544,73.3381],[-88.5933,73.2829],[-88.9637,73.2925],[-89.0278,73.2344],[-88.8667,73.2191],[-89.0902,73.2137],[-89.0822,73.1888],[-89.1827,73.1562],[-89.0996,73.1507],[-89.208,73.1353],[-89.31,73.053],[-89.1761,73.0262],[-89.353,73.001],[-89.3424,72.9614],[-89.2884,72.9389],[-89.338,72.8927],[-89.2948,72.8921],[-89.4107,72.8327],[-89.3806,72.8022],[-89.2339,72.7853],[-89.2963,72.7818],[-89.2916,72.7544],[-89.5589,72.7998],[-89.5403,72.7735],[-89.5887,72.7059],[-89.5119,72.6993],[-89.4683,72.6614],[-89.582,72.6664],[-89.5159,72.6384],[-89.5732,72.6099],[-89.6309,72.6389],[-89.7407,72.6157],[-89.7833,72.5589],[-89.7698,72.4852],[-89.9038,72.4338],[-89.8707,72.4225],[-89.9239,72.4229],[-89.8368,72.3944],[-89.9624,72.3471],[-89.9294,72.2754],[-89.9493,72.2565],[-89.8883,72.1942],[-89.7648,72.1829],[-89.7983,72.1618],[-89.6475,72.1888],[-89.5588,72.1645],[-89.6613,72.1394],[-89.647,72.1167],[-89.7414,72.1344],[-90.0242,72.0677],[-89.9588,72.0274],[-90.0318,71.9484],[-90.1067,71.9291],[-89.9236,71.8542],[-89.931,71.8204],[-89.8615,71.8107],[-89.9045,71.7945],[-89.7717,71.7701],[-89.8713,71.7131],[-89.8575,71.6876],[-90.0024,71.6397],[-89.9542,71.6184],[-90.0313,71.6026],[-89.9638,71.5667],[-89.9393,71.5115],[-90.0307,71.5209],[-89.9662,71.4972],[-89.9583,71.4648],[-89.9914,71.4588],[-89.8693,71.3908],[-89.8935,71.3633],[-89.8639,71.3472],[-89.6532,71.3079],[-88.0773,71.2083],[-88.0014,71.2567],[-87.8438,71.2693],[-87.8239,71.2275],[-87.8586,71.1946],[-87.7512,71.1377],[-87.2818,71.0253],[-86.9899,70.9993],[-87.286,71.0093],[-87.3588,70.9517],[-88.0529,70.9356],[-88.2957,70.9523],[-88.3512,71.0055],[-88.4722,71.0338],[-89.154,71.0289],[-89.2074,71.0379],[-89.1919,71.0611],[-89.2178,71.0717],[-89.5249,71.0897],[-89.172,70.9641],[-89.4228,70.9114],[-89.3214,70.7967],[-88.987,70.6662],[-89.0035,70.6313],[-88.8535,70.527],[-88.6721,70.4633],[-88.3714,70.4526],[-88.3687,70.4282],[-87.874,70.3267],[-87.8932,70.3013],[-88.2581,70.3369],[-88.0253,70.3041],[-87.9184,70.2476],[-87.7447,70.2486],[-87.6082,70.2936],[-87.8036,70.3097],[-87.7556,70.3379],[-86.9814,70.2859],[-86.975,70.3673],[-87.251,70.3867],[-87.1374,70.3983],[-87.1078,70.4475],[-86.9895,70.4688],[-86.9101,70.4421],[-86.967,70.4457],[-86.974,70.4187],[-86.8657,70.4146],[-86.9481,70.4051],[-86.9317,70.3848],[-86.7354,70.3811],[-86.896,70.3585],[-86.8709,70.3236],[-86.654,70.3187],[-86.669,70.3673],[-86.7032,70.3743],[-86.3341,70.4825],[-86.3873,70.5294],[-86.2911,70.4741],[-86.5998,70.3625],[-86.542,70.349],[-86.5806,70.3119],[-86.5334,70.2981],[-86.5633,70.2412],[-86.2503,70.1117],[-85.8225,70.0095],[-85.2291,69.9886],[-85.6179,70.0824],[-85.8501,70.0477],[-85.8793,70.0886],[-85.3448,70.1101],[-84.9409,70.0673],[-84.7937,70.1229],[-84.7638,70.1136],[-84.8527,70.0773],[-84.8346,70.0465],[-84.6547,70.0063],[-83.6459,69.9589],[-83.3623,69.983],[-83.2644,70.0261],[-83.2856,70.0026],[-83.0677,70.0187],[-82.9335,69.9981],[-83.0644,69.998],[-82.8987,69.9639],[-82.9276,69.9547],[-82.7313,69.915],[-82.7576,69.9285],[-82.7371,69.941],[-82.6147,69.9041],[-82.6669,69.9049],[-82.6427,69.8873],[-82.4494,69.8515],[-82.4095,69.8495],[-82.4605,69.8615],[-82.3995,69.8667],[-82.4225,69.8787],[-82.3014,69.8774],[-82.1774,69.8373],[-82.3392,69.8351],[-82.2418,69.8331],[-82.3112,69.8222],[-82.2973,69.8006],[-82.133,69.7906],[-82.129,69.829],[-82.1654,69.8435],[-82.1124,69.8359],[-82.0298,69.8891],[-81.9665,69.8496],[-81.8505,69.8608],[-81.8704,69.8962],[-81.8166,69.9042],[-81.7604,69.8742],[-81.761,69.899],[-81.8077,69.9046],[-81.7165,69.9367],[-81.9281,69.9834],[-82.0533,70.0556],[-82.1305,70.0401],[-82.0805,70.0694],[-82.25,70.1144],[-82.8291,70.2185],[-82.81,70.2285],[-83.2786,70.3766],[-82.266,70.1433],[-82.0994,70.2235],[-82.2272,70.1418],[-81.9431,70.0726],[-81.9725,70.0552],[-81.7749,69.9817],[-81.5754,69.9797],[-81.6228,69.9481],[-81.4367,69.9277],[-81.3963,69.8877],[-81.1546,69.8277],[-81.0884,69.7893],[-81.1094,69.7825],[-80.9233,69.7188],[-80.7459,69.7719],[-81.129,69.9392],[-81.2262,70.0162],[-81.3273,70.0407],[-81.4512,69.9986],[-81.4314,70.0254],[-81.7033,70.0792],[-81.7562,70.1362],[-80.5607,70.0558],[-80.3252,69.9884],[-80.2263,70.0272],[-80.0925,70.0008],[-79.9351,70.0253],[-79.8614,69.9562],[-79.817,69.9548],[-79.7607,69.8773],[-79.681,69.8603],[-79.4059,69.8991],[-78.7949,69.8881],[-78.6529,69.978],[-78.6817,70.0616],[-78.7466,70.0798],[-78.7663,70.1973],[-78.9187,70.3085],[-79.0726,70.3484],[-79.097,70.3079],[-79.2342,70.3157],[-79.3382,70.3733],[-79.4325,70.3542],[-79.5877,70.4076],[-79.5729,70.4397],[-79.478,70.4379],[-79.5445,70.4477],[-79.4998,70.462],[-79.5822,70.5],[-79.4346,70.4232],[-79.3559,70.466],[-79.4448,70.4968],[-79.5016,70.4797],[-79.4798,70.5699],[-79.4204,70.5782],[-79.4521,70.59],[-79.3944,70.6735],[-79.3624,70.6652],[-79.428,70.6182],[-79.3943,70.5777],[-79.4374,70.567],[-79.3729,70.5356],[-79.4665,70.5326],[-79.4729,70.5079],[-79.3587,70.4874],[-79.3201,70.4577],[-79.3612,70.4567],[-79.3446,70.4391],[-79.1634,70.4177],[-79.1348,70.4523],[-79.15,70.48],[-79.1148,70.486],[-79.1808,70.5204],[-79.1276,70.5163],[-78.9846,70.6265],[-79.1713,70.6088],[-79.1293,70.6158],[-79.1572,70.632],[-79.0208,70.6878],[-78.9584,70.632],[-78.8481,70.6366],[-79.0,70.7102],[-78.8545,70.6676],[-78.7073,70.5472],[-78.8864,70.5988],[-78.9974,70.5637],[-78.878,70.5584],[-78.9015,70.5439],[-79.0861,70.5357],[-79.0158,70.5255],[-79.0948,70.4987],[-79.0249,70.4873],[-79.0712,70.4762],[-79.0036,70.4608],[-79.0346,70.4537],[-78.9649,70.4657],[-78.8993,70.444],[-78.9316,70.4248],[-78.8618,70.4125],[-78.9174,70.4554],[-78.8742,70.4627],[-78.8833,70.4865],[-78.8065,70.4406],[-78.7221,70.455],[-78.7512,70.436],[-78.6923,70.407],[-78.5477,70.4498],[-78.7093,70.3947],[-78.6923,70.3704],[-78.6238,70.3777],[-78.6598,70.3486],[-78.5736,70.3195],[-78.6065,70.3718],[-78.4546,70.3908],[-78.4732,70.4069],[-78.3817,70.3922],[-78.5998,70.3645],[-78.4327,70.3571],[-78.5478,70.3147],[-78.4247,70.2699],[-78.4102,70.2187],[-78.3665,70.2066],[-78.2842,70.2367],[-78.1866,70.1932],[-78.1327,70.2387],[-78.201,70.2624],[-78.0446,70.2179],[-77.867,70.268],[-77.8328,70.2395],[-77.7785,70.2598],[-77.7403,70.2152],[-77.6743,70.2028],[-77.6402,70.169],[-77.6836,70.1378],[-77.6537,70.0929],[-77.6952,70.0003],[-77.6651,69.8932],[-77.6801,69.8227],[-77.6237,69.7479],[-77.5169,69.7688],[-77.5154,69.8075],[-77.4447,69.8054],[-77.6296,69.8264],[-76.9818,69.9594],[-76.9793,69.9297],[-77.2513,69.8848],[-77.3112,69.8358],[-77.1209,69.8262],[-76.9907,69.8616],[-77.0732,69.8122],[-76.9248,69.8105],[-76.8274,69.8191],[-76.8079,69.8512],[-76.6936,69.8434],[-76.7844,69.8209],[-76.7299,69.8102],[-76.9252,69.7918],[-76.8995,69.747],[-76.7717,69.7486],[-76.814,69.7387],[-76.7964,69.7163],[-76.8381,69.6909],[-76.9734,69.6977],[-76.9357,69.7259],[-77.0371,69.7114],[-77.0242,69.6916],[-77.0629,69.67],[-77.1383,69.6898],[-77.1905,69.6469],[-77.0983,69.6168],[-77.0596,69.6394],[-77.0427,69.6089],[-76.9731,69.5983],[-76.8107,69.6381],[-76.8738,69.5863],[-76.7197,69.5623],[-76.6506,69.6129],[-76.6861,69.6063],[-76.6776,69.6274],[-76.5373,69.6449],[-76.5198,69.6769],[-76.6527,69.6792],[-76.5696,69.7048],[-76.4045,69.7081],[-76.4083,69.6723],[-76.3224,69.6593],[-76.1905,69.6735],[-76.2261,69.6473],[-76.1955,69.6018],[-76.215,69.5334],[-76.2388,69.5359],[-76.2329,69.6215],[-76.4643,69.6642],[-76.6346,69.5989],[-76.655,69.5564],[-76.3978,69.4507],[-76.4078,69.4126],[-76.1721,69.4269],[-75.5853,69.2366],[-75.5965,69.1991],[-75.5539,69.1563],[-75.5959,69.1326],[-75.5599,69.1152],[-75.6034,69.0698],[-75.8144,69.0753],[-75.7898,69.0601],[-76.0033,69.0048],[-76.344,69.0665],[-76.6515,69.0092],[-76.6106,68.9979],[-76.6465,68.9409],[-76.6101,68.8859],[-76.4984,68.8689],[-76.6584,68.7612],[-76.6733,68.7226],[-76.6097,68.6819],[-76.3328,68.691],[-76.0568,68.7622],[-75.95,68.8214],[-75.581,68.8877],[-75.4994,68.9381],[-75.5858,68.9797],[-75.587,69.0157],[-75.4577,69.0218],[-75.3471,68.9497],[-75.1187,68.8894],[-75.0382,68.9601],[-75.0911,68.9682],[-75.024,68.9837],[-75.0594,69.0135],[-74.8473,69.0777],[-75.0,69.0905],[-74.8425,69.0777],[-74.7478,69.1243],[-74.7811,69.2387],[-74.5481,69.2206],[-74.1488,69.289],[-74.089,69.3355],[-73.9607,69.3537],[-74.1366,69.2773],[-74.6347,69.1967],[-74.8198,69.093],[-74.7228,69.0838],[-74.7795,69.0691],[-74.6422,69.047],[-74.625,69.0196],[-74.8222,69.0002],[-74.6951,69.0356],[-74.7271,69.0348],[-74.9274,69.0045],[-75.0453,68.9463],[-74.847,68.9606],[-75.0531,68.9259],[-74.8124,68.942],[-75.05,68.9067],[-74.6297,68.9253],[-74.6871,68.9085],[-74.65,68.873],[-74.9743,68.8163],[-74.7708,68.7699],[-74.7902,68.7807],[-74.5997,68.8145],[-74.7296,68.8203],[-74.665,68.831],[-74.6782,68.8465],[-74.4639,68.8354],[-74.7081,68.7746],[-74.7224,68.7399],[-74.4806,68.6526],[-74.523,68.6211],[-74.4898,68.5975],[-74.3899,68.5889],[-74.4063,68.5687],[-74.3731,68.551],[-74.2141,68.5396],[-74.2287,68.5192],[-74.0122,68.5435],[-74.0471,68.5134],[-73.9955,68.5019],[-73.8883,68.5588],[-73.9974,68.6279],[-74.0436,68.6216],[-74.0291,68.646],[-74.0714,68.6594],[-74.0594,68.6759],[-74.1964,68.6993],[-74.1716,68.7155],[-74.2048,68.7327],[-74.0077,68.7291],[-73.7611,68.6891],[-73.7928,68.6673],[-73.6532,68.6656],[-73.7751,68.6307],[-73.6943,68.6216],[-73.7658,68.577],[-73.7268,68.5731],[-73.794,68.565],[-73.7231,68.5504],[-73.7449,68.5183],[-73.7101,68.5158],[-73.8605,68.5014],[-73.897,68.4425],[-73.9659,68.4216],[-73.7664,68.3179],[-73.5461,68.3139],[-73.6829,68.29],[-73.6258,68.2709],[-73.6463,68.2533],[-73.5122,68.2897],[-73.3243,68.2559],[-73.3231,68.281],[-73.2652,68.2931],[-73.1981,68.2749],[-73.2086,68.2417],[-73.163,68.2423],[-73.1608,68.2141],[-73.1324,68.2332],[-73.0604,68.2075],[-73.048,68.2404],[-73.0023,68.2399],[-72.9683,68.1104],[-72.9022,68.0612],[-72.9274,68.0342],[-72.8771,68.0224],[-72.9515,67.9924],[-72.8973,67.9993],[-72.9134,67.9745],[-72.8888,67.9639],[-72.9368,67.9292],[-72.8558,67.935],[-72.9088,67.9135],[-72.8412,67.844],[-72.7691,67.8665],[-72.7991,67.871],[-72.7806,67.8832],[-72.6773,67.8688],[-72.731,67.8498],[-72.5652,67.7401],[-72.6588,67.6815],[-72.5687,67.6259],[-72.482,67.6241],[-72.4648,67.5605],[-72.4154,67.5438],[-72.4812,67.5006],[-72.4053,67.4765],[-72.3991,67.4227],[-72.3305,67.3496],[-72.3698,67.3207],[-72.1796,67.2708],[-72.2449,67.2506],[-72.2756,67.1552],[-72.3354,67.1083],[-72.6388,67.0819],[-72.8182,67.0157],[-72.8417,66.9452],[-73.004,66.789],[-72.9818,66.7423],[-73.02,66.7179],[-73.3276,66.651],[-73.3923,66.6117],[-73.4164,66.577],[-73.3933,66.5668],[-73.4938,66.519],[-73.7114,66.4544],[-73.9117,66.3388],[-74.3331,66.2239],[-74.4557,66.1615],[-74.4109,66.0717],[-74.0174,65.8386],[-73.8713,65.8184],[-73.6507,65.7194],[-73.732,65.6743],[-73.641,65.6531],[-73.6393,65.6045],[-73.4493,65.4472],[-73.5122,65.4799],[-73.468,65.4477],[-73.6993,65.4635],[-73.7405,65.5073],[-73.8679,65.5389],[-73.9552,65.5358],[-73.9373,65.5212],[-73.9751,65.5],[-74.1415,65.5403],[-74.2137,65.5252],[-74.167,65.4917],[-74.3112,65.4731],[-74.4032,65.3778],[-74.5432,65.3254],[-74.6367,65.3218],[-74.6918,65.3686],[-74.6496,65.3899],[-74.7208,65.3866],[-74.664,65.4131],[-74.7399,65.4415],[-74.7171,65.4217],[-74.7676,65.4209],[-74.7577,65.3788],[-74.8043,65.3701],[-75.0988,65.3929],[-75.1213,65.3738],[-75.0804,65.3171],[-75.108,65.3112],[-75.1128,65.2616],[-75.2548,65.2485],[-75.4918,65.2851],[-75.5606,65.2686],[-75.6163,65.2996],[-75.6219,65.3421],[-75.7055,65.3034],[-75.911,65.3308],[-75.9546,65.3151],[-75.8984,65.2672],[-76.0211,65.2571],[-76.0553,65.2766],[-76.0134,65.2862],[-76.1075,65.2731],[-76.6577,65.402],[-76.7813,65.3949],[-76.8067,65.4048],[-76.791,65.4323],[-77.019,65.3993],[-77.1006,65.4079],[-77.147,65.4488],[-77.2742,65.4533],[-77.2304,65.4585],[-77.2545,65.4712],[-77.3715,65.472],[-77.4327,65.4397],[-77.2661,65.3617],[-77.4679,65.3798],[-77.5235,65.3173],[-77.3861,65.2574],[-77.3101,65.1803],[-77.4885,65.1283],[-77.6398,65.1417],[-77.624,65.1282],[-77.874,65.0495],[-77.9641,65.0492],[-77.9799,65.0111],[-78.1391,64.9634],[-78.1495,64.9224],[-78.1132,64.9028],[-78.1478,64.8935],[-78.1026,64.885],[-78.1415,64.8749],[-78.0702,64.8586],[-78.0739,64.8181],[-78.1003,64.781],[-78.1862,64.7583],[-78.1587,64.7284],[-78.1971,64.7185],[-78.1747,64.7165],[-78.2884,64.7022],[-78.1543,64.701],[-78.2009,64.6727],[-78.1615,64.6727],[-78.2111,64.6679],[-78.1463,64.6679],[-78.197,64.6473],[-78.1504,64.6425],[-78.1832,64.6244],[-78.0957,64.5851],[-78.1871,64.5697],[-78.04,64.5273],[-78.0776,64.505],[-77.95,64.4588],[-78.0267,64.4271],[-77.9496,64.4063],[-77.8819,64.4371],[-77.8362,64.4146],[-77.9002,64.4068],[-77.8931,64.3772],[-77.7896,64.3747],[-77.7456,64.3272],[-77.6415,64.3379],[-77.6573,64.3969],[-77.4834,64.3486],[-77.5405,64.3031],[-77.4974,64.3304],[-77.3979,64.3261],[-77.4533,64.2929],[-77.3746,64.306],[-77.3647,64.2389],[-77.1331,64.3026],[-77.0278,64.2541],[-76.9645,64.2497],[-76.9807,64.279],[-76.7876,64.2354],[-76.8315,64.2065],[-76.7737,64.2262],[-76.6604,64.1906],[-76.6368,64.2024],[-76.6742,64.2127],[-76.6443,64.2201],[-76.7248,64.2525],[-76.7335,64.2929],[-76.61,64.2804],[-76.5888,64.3131],[-76.4939,64.2945],[-76.492,64.2712],[-76.3598,64.2739],[-76.4016,64.3081],[-76.4837,64.3088],[-76.4247,64.3214],[-76.2979,64.2713],[-76.1594,64.3106],[-76.3309,64.3211],[-76.2972,64.3246],[-76.367,64.3573],[-76.1689,64.3469],[-76.1184,64.3859],[-76.0634,64.3597],[-75.9733,64.3848],[-76.0097,64.3997],[-75.9792,64.4078],[-75.9091,64.3985],[-75.9373,64.3918],[-75.9248,64.3733],[-75.6926,64.3673],[-75.9943,64.4483],[-75.7909,64.4129],[-75.813,64.43],[-75.7714,64.4244],[-75.7939,64.4583],[-75.8453,64.4715],[-75.7414,64.4592],[-75.8057,64.4987],[-75.7243,64.451],[-75.6689,64.4425],[-75.7304,64.4718],[-75.6076,64.4427],[-75.8172,64.5338],[-75.7787,64.5282],[-75.8136,64.5584],[-75.7673,64.5605],[-75.8473,64.6132],[-75.7702,64.5853],[-75.8103,64.6186],[-75.5979,64.5415],[-75.6362,64.5649],[-75.579,64.5513],[-75.6109,64.5657],[-75.5637,64.5774],[-75.5283,64.557],[-75.5515,64.5621],[-75.5439,64.5413],[-75.377,64.5156],[-75.1943,64.4266],[-75.206,64.4476],[-75.1241,64.4517],[-75.1841,64.4944],[-74.7683,64.3793],[-74.9094,64.4638],[-74.7567,64.3955],[-74.5746,64.4007],[-74.6034,64.4134],[-74.5723,64.433],[-74.5198,64.4154],[-74.5605,64.4388],[-74.4958,64.4679],[-74.6485,64.5234],[-74.5149,64.5135],[-74.6956,64.5457],[-74.6264,64.5364],[-74.6115,64.5594],[-74.5158,64.5298],[-74.5271,64.5474],[-74.4504,64.5649],[-74.6523,64.6662],[-74.8049,64.6988],[-74.864,64.7601],[-75.0268,64.7831],[-75.0096,64.8184],[-75.0374,64.8167],[-75.0692,64.883],[-75.03,64.8707],[-74.9857,64.7921],[-74.813,64.7638],[-74.7902,64.7988],[-74.7275,64.76],[-74.6679,64.8036],[-74.7359,64.8489],[-74.6198,64.8529],[-74.6427,64.9028],[-74.5515,64.89],[-74.5379,64.8732],[-74.5822,64.8768],[-74.5466,64.8295],[-74.679,64.7538],[-74.6802,64.7186],[-74.5899,64.6634],[-74.5028,64.6591],[-74.5409,64.6462],[-74.5185,64.6215],[-74.4043,64.6238],[-74.4267,64.606],[-74.3822,64.5668],[-74.3316,64.5911],[-74.451,64.6861],[-74.4806,64.6734],[-74.4779,64.708],[-74.4364,64.7088],[-74.4312,64.672],[-74.3234,64.6203],[-74.2982,64.6525],[-74.3385,64.68],[-74.3056,64.6757],[-74.2693,64.6354],[-74.2935,64.6191],[-74.2236,64.5668],[-74.1921,64.6108],[-74.229,64.6704],[-74.1012,64.6777],[-74.1198,64.7035],[-74.0948,64.7159],[-74.1431,64.7475],[-74.0251,64.7344],[-74.0633,64.7303],[-74.0223,64.7268],[-74.0501,64.69],[-74.0359,64.655],[-74.0772,64.6197],[-73.9833,64.5611],[-74.0293,64.5904],[-74.1573,64.5683],[-73.9416,64.5135],[-74.1296,64.5402],[-74.0486,64.4987],[-74.0621,64.4774],[-74.0234,64.4305],[-74.0915,64.4209],[-74.0074,64.374],[-74.0838,64.4088],[-74.1196,64.3841],[-74.0803,64.3613],[-74.1905,64.3674],[-74.0646,64.3363],[-74.1185,64.3282],[-73.9895,64.3259],[-74.0137,64.3422],[-73.9713,64.3615],[-73.9916,64.3824],[-73.9322,64.3929],[-74.0088,64.4274],[-73.9491,64.4435],[-73.9643,64.4823],[-73.862,64.4695],[-73.9065,64.4993],[-73.7614,64.4671],[-73.7913,64.4716],[-73.7668,64.4756],[-73.7834,64.4983],[-73.8521,64.5032],[-73.9251,64.6083],[-73.8838,64.6202],[-73.9054,64.6005],[-73.7483,64.5332],[-73.7211,64.5735],[-73.6891,64.5675],[-73.7278,64.5536],[-73.6329,64.557],[-73.6834,64.5758],[-73.6049,64.5845],[-73.6638,64.608],[-73.6274,64.6062],[-73.6359,64.6292],[-73.6888,64.6375],[-73.6379,64.6363],[-73.6601,64.641],[-73.6436,64.6593],[-73.5705,64.6212],[-73.5874,64.5841],[-73.4608,64.6166],[-73.4328,64.6008],[-73.4694,64.5869],[-73.386,64.5654],[-73.6862,64.5494],[-73.6816,64.5068],[-73.5622,64.4976],[-73.6155,64.4678],[-73.5569,64.4408],[-73.6781,64.4428],[-73.6299,64.3758],[-73.6625,64.3613],[-73.6153,64.3456],[-73.6592,64.3338],[-73.5435,64.3225],[-73.578,64.3466],[-73.5071,64.3671],[-73.5454,64.3618],[-73.5281,64.3766],[-73.5665,64.4048],[-73.4987,64.4307],[-73.4842,64.4819],[-73.5202,64.5006],[-73.2653,64.5419],[-73.3454,64.6403],[-73.2809,64.6599],[-73.2964,64.6398],[-73.2554,64.6185],[-73.2847,64.5927],[-73.2276,64.5876],[-73.1664,64.627],[-73.174,64.5794],[-73.1389,64.5794],[-73.2488,64.5598],[-73.2607,64.528],[-73.3171,64.5252],[-73.2715,64.517],[-73.3036,64.5],[-73.3946,64.5004],[-73.4847,64.3981],[-73.3794,64.3617],[-73.3404,64.4109],[-73.253,64.3597],[-73.3326,64.3875],[-73.3466,64.3353],[-73.3817,64.328],[-73.3503,64.2952],[-73.3804,64.281],[-73.3636,64.2639],[-73.2536,64.2581],[-73.2524,64.2868],[-73.3176,64.308],[-73.1856,64.3345],[-73.2288,64.2966],[-73.0916,64.2907],[-73.1382,64.2635],[-73.0633,64.2263],[-73.0686,64.2521],[-73.0109,64.246],[-73.0573,64.2421],[-73.0292,64.2186],[-73.0778,64.1961],[-73.0661,64.179],[-73.0338,64.1999],[-72.8573,64.1666],[-72.9312,64.1132],[-72.8737,64.122],[-72.8503,64.1075],[-72.8694,64.0904],[-72.835,64.0885],[-72.9237,64.0963],[-72.9453,64.0437],[-72.8434,64.0626],[-72.8855,64.0282],[-72.7322,64.0029],[-72.6972,63.9539],[-72.6253,63.975],[-72.6897,64.0092],[-72.6823,64.0906],[-72.6465,64.0737],[-72.6714,64.0197],[-72.573,64.0236],[-72.6103,64.0066],[-72.5531,63.9609],[-72.5885,63.9524],[-72.5466,63.9495],[-72.6405,63.9292],[-72.5946,63.8721],[-72.6423,63.8429],[-72.5589,63.8798],[-72.5415,63.8422],[-72.4736,63.8373],[-72.4875,63.8151],[-72.4221,63.8134],[-72.5571,63.7775],[-72.4228,63.7958],[-72.4931,63.7742],[-72.333,63.7723],[-72.397,63.8116],[-72.3197,63.8403],[-72.3104,63.8895],[-72.2168,63.876],[-72.267,63.9071],[-72.2196,63.9627],[-72.2231,63.9016],[-72.1668,63.8697],[-72.2581,63.7915],[-72.217,63.7521],[-72.2747,63.751],[-72.2437,63.7571],[-72.2852,63.7761],[-72.3543,63.7519],[-72.2589,63.7486],[-72.3306,63.733],[-72.2259,63.7177],[-72.3232,63.7118],[-72.2401,63.6998],[-72.2551,63.6562],[-72.1841,63.6698],[-72.1889,63.7312],[-72.1613,63.741],[-72.2009,63.7685],[-72.177,63.7743],[-72.0638,63.6724],[-72.0565,63.75],[-72.0172,63.6741],[-71.9468,63.7064],[-71.972,63.7104],[-71.9636,63.7369],[-71.9197,63.7256],[-71.9077,63.6733],[-71.9626,63.6576],[-71.888,63.6391],[-71.8898,63.6785],[-71.8511,63.6673],[-71.8762,63.7036],[-71.8352,63.7159],[-71.8867,63.7364],[-71.8198,63.7635],[-71.9235,63.7408],[-71.8797,63.7697],[-71.9075,63.7724],[-71.9613,63.7379],[-71.9166,63.7954],[-71.9117,63.8655],[-71.8895,63.7913],[-71.8437,63.7829],[-71.8361,63.8137],[-71.8422,63.7821],[-71.7393,63.7482],[-71.7954,63.7355],[-71.7643,63.708],[-71.6987,63.7108],[-71.7126,63.7392],[-71.6666,63.7502],[-71.6358,63.7353],[-71.7015,63.677],[-71.6529,63.6788],[-71.6112,63.6348],[-71.5844,63.6505],[-71.657,63.6894],[-71.6318,63.7122],[-71.5676,63.7148],[-71.611,63.6964],[-71.5502,63.6784],[-71.4885,63.715],[-71.5631,63.6544],[-71.4972,63.6211],[-71.5569,63.6191],[-71.5224,63.592],[-71.5555,63.5718],[-71.4041,63.5741],[-71.4494,63.5992],[-71.3642,63.6363],[-71.3299,63.6289],[-71.3631,63.5946],[-71.3227,63.6106],[-71.3852,63.5729],[-71.3434,63.5565],[-71.2994,63.5564],[-71.3157,63.582],[-71.2745,63.6107],[-71.1981,63.5951],[-71.2756,63.5895],[-71.2303,63.5568],[-71.3524,63.5086],[-71.4122,63.5441],[-71.4739,63.5384],[-71.4537,63.5335],[-71.4875,63.5209],[-71.3401,63.4966],[-71.5507,63.4609],[-71.5261,63.4372],[-71.6016,63.4088],[-72.1184,63.4357],[-72.0364,63.4196],[-72.0619,63.3974],[-71.9713,63.3874],[-72.0,63.4035],[-71.9813,63.4233],[-71.8994,63.401],[-71.9338,63.3834],[-71.8186,63.3667],[-71.7082,63.4065],[-71.7522,63.3996],[-71.7427,63.3666],[-71.6962,63.3671],[-71.7318,63.3541],[-71.6785,63.3367],[-71.8311,63.344],[-71.7105,63.309],[-71.7644,63.282],[-71.6258,63.2642],[-71.6056,63.2407],[-71.7574,63.2363],[-71.6453,63.2023],[-71.6846,63.201],[-71.6249,63.1855],[-71.7023,63.1865],[-71.6187,63.162],[-71.6274,63.1354],[-71.4934,63.1343],[-71.4722,63.114],[-71.4949,63.1053],[-71.424,63.0952],[-71.3415,63.1504],[-71.3936,63.1198],[-71.3404,63.1053],[-71.4163,63.0728],[-71.4019,63.0497],[-71.2489,63.0333],[-71.1973,62.9958],[-71.1404,63.0986],[-71.1432,63.0588],[-71.059,63.0868],[-70.9817,63.0607],[-70.9609,63.1484],[-70.8652,63.1625],[-70.9254,63.1432],[-70.8926,63.1301],[-70.914,63.1102],[-70.8078,63.1289],[-70.9183,63.0971],[-70.922,63.0604],[-70.9994,63.0229],[-71.1258,63.0306],[-71.0973,62.992],[-71.1219,62.9911],[-71.0136,62.9714],[-71.0171,62.992],[-70.9674,62.9836],[-70.9872,63.0116],[-70.873,63.0163],[-70.8182,63.0591],[-70.8388,63.0186],[-70.9394,63.0022],[-70.8759,62.9652],[-70.9956,62.9508],[-70.9099,62.9301],[-70.8045,62.9576],[-70.8055,62.9341],[-70.7039,62.9246],[-70.8796,62.9225],[-70.4919,62.879],[-70.1617,62.7423],[-70.1292,62.7482],[-70.1573,62.78],[-70.0818,62.7441],[-70.0852,62.7769],[-69.9734,62.7599],[-70.027,62.7961],[-69.9712,62.8124],[-69.8784,62.921],[-69.8456,62.9034],[-69.8883,62.8791],[-69.8701,62.8576],[-69.926,62.8621],[-69.9637,62.7977],[-69.9421,62.7804],[-69.9232,62.8014],[-69.8653,62.75],[-69.8862,62.7922],[-69.8332,62.7577],[-69.84,62.7803],[-69.8024,62.771],[-69.7483,62.7256],[-69.8635,62.8512],[-69.8325,62.8151],[-69.7902,62.8332],[-69.8218,62.8256],[-69.7674,62.7913],[-69.63,62.7749],[-69.687,62.7531],[-69.66,62.7358],[-69.6047,62.7424],[-69.6136,62.8081],[-69.5842,62.7601],[-69.3784,62.7644],[-69.5392,62.7239],[-69.5438,62.696],[-69.4771,62.7075],[-69.4735,62.732],[-69.4177,62.7126],[-69.4518,62.6738],[-69.5884,62.652],[-69.4665,62.6367],[-69.4837,62.598],[-69.4129,62.542],[-69.444,62.6333],[-69.3634,62.6282],[-69.4065,62.5764],[-69.3428,62.5246],[-69.3075,62.5482],[-69.3335,62.588],[-69.2756,62.5899],[-69.2344,62.6444],[-69.3025,62.5338],[-69.2853,62.5027],[-69.2031,62.4372],[-69.1623,62.4486],[-68.9719,62.3628],[-68.9235,62.3878],[-68.8549,62.3541],[-68.8459,62.4189],[-68.7793,62.4626],[-68.8305,62.5012],[-68.755,62.4581],[-68.8392,62.4069],[-68.8122,62.3618],[-68.7409,62.3688],[-68.8014,62.3406],[-68.6777,62.3316],[-68.7045,62.4051],[-68.6584,62.3333],[-68.7147,62.3146],[-68.6658,62.315],[-68.5972,62.2572],[-68.586,62.3],[-68.5401,62.2469],[-68.2065,62.2156],[-68.2664,62.3043],[-68.1917,62.229],[-68.1196,62.2106],[-68.0424,62.2335],[-68.0419,62.2035],[-67.979,62.1921],[-67.9713,62.228],[-67.8364,62.1883],[-67.8337,62.2135],[-67.7924,62.1952],[-67.7143,62.2246],[-67.6877,62.2166],[-67.7795,62.1753],[-67.6363,62.1516],[-67.5391,62.1809],[-67.4691,62.1358],[-67.3623,62.1611],[-67.3561,62.1361],[-67.2727,62.1229],[-67.3171,62.1157],[-67.2931,62.069],[-67.1989,62.0879],[-67.2466,62.119],[-67.1488,62.1125],[-67.1775,62.0822],[-67.0328,62.0296],[-66.9502,62.0538],[-66.9772,62.026],[-66.8918,62.0353],[-66.9367,62.0479],[-66.9177,62.0676],[-66.7932,62.011],[-66.7826,62.0455],[-66.7681,62.0159],[-66.6861,62.0041],[-66.7073,61.9904],[-66.6704,62.0003],[-66.6505,61.9782],[-66.6738,61.971],[-66.5181,61.9693],[-66.6356,61.9575],[-66.6142,61.9358],[-66.4682,61.8991],[-66.4553,61.9251],[-66.3912,61.8905],[-66.3286,61.9158],[-66.3905,61.8831],[-66.0286,61.8712],[-66.0263,61.9003],[-65.9537,61.8764],[-65.9433,61.9209],[-66.02,61.9585],[-66.0207,61.996],[-66.1229,62.003],[-66.0354,62.0105],[-66.1432,62.1172],[-66.2113,62.0909],[-66.1445,62.1297],[-66.1227,62.0924],[-66.0092,62.0479],[-66.0318,62.0816],[-66.0082,62.1034],[-66.0699,62.1248],[-66.0191,62.1215],[-66.0367,62.1592],[-65.9528,62.1649],[-65.9367,62.18],[-65.9674,62.1869],[-65.8913,62.2071],[-65.9896,62.2565],[-66.0452,62.2182],[-66.226,62.2473],[-66.0996,62.2452],[-66.1817,62.3056],[-66.1535,62.3088],[-66.1917,62.3061],[-66.207,62.3501],[-66.2427,62.3182],[-66.348,62.3445],[-66.3463,62.3049],[-66.2964,62.2704],[-66.316,62.2548],[-66.4289,62.3317],[-66.5235,62.3363],[-66.3068,62.3877],[-66.4033,62.4084],[-66.3383,62.4397],[-66.5008,62.4118],[-66.4563,62.4656],[-66.4981,62.4695],[-66.4386,62.4915],[-66.5241,62.5045],[-66.5239,62.5436],[-66.6164,62.5434],[-66.5358,62.5602],[-66.6383,62.5891],[-66.5802,62.594],[-66.5967,62.6077],[-66.7005,62.6061],[-66.657,62.6332],[-66.7645,62.6246],[-66.7133,62.6609],[-66.9893,62.6458],[-66.878,62.6903],[-67.0481,62.6798],[-66.9901,62.73],[-67.0585,62.753],[-67.0076,62.764],[-67.1205,62.7361],[-67.0528,62.7862],[-67.1126,62.8128],[-67.2299,62.8014],[-67.1288,62.8324],[-67.2473,62.8357],[-67.1888,62.8683],[-67.3482,62.8573],[-67.209,62.8798],[-67.2646,62.8793],[-67.2495,62.8981],[-67.2928,62.9227],[-67.3554,62.9018],[-67.3034,62.9222],[-67.3362,62.9422],[-67.4105,62.9292],[-67.3616,62.9578],[-67.4184,62.9518],[-67.3892,62.9675],[-67.4353,62.9809],[-67.5508,62.9636],[-67.6253,62.9109],[-67.653,62.9301],[-67.6087,62.9439],[-67.6445,62.9632],[-67.4609,63.0049],[-67.5223,63.0287],[-67.498,63.0317],[-67.6465,63.0334],[-67.7099,62.9954],[-67.6887,62.9568],[-67.7596,62.9536],[-67.7135,62.966],[-67.7772,63.013],[-67.5721,63.0688],[-67.6212,63.0771],[-67.5915,63.0821],[-67.6082,63.0932],[-67.7561,63.0797],[-67.8635,63.1129],[-67.8918,63.0887],[-67.8691,63.0702],[-67.9682,63.0447],[-67.8594,63.1333],[-68.0288,63.1708],[-68.0938,63.1433],[-68.1035,63.1824],[-68.2003,63.2006],[-68.1553,63.2086],[-68.4696,63.4276],[-68.3969,63.4291],[-68.425,63.4565],[-68.5208,63.4427],[-68.7567,63.5551],[-68.8553,63.6124],[-68.7904,63.6094],[-68.8196,63.6473],[-68.9838,63.7567],[-68.6863,63.7259],[-68.7223,63.7797],[-68.5359,63.7205],[-68.5325,63.7464],[-68.4056,63.729],[-68.3728,63.7139],[-68.4207,63.7097],[-68.381,63.6605],[-68.3791,63.6805],[-68.2714,63.6265],[-68.2265,63.6286],[-68.2759,63.6906],[-68.239,63.6956],[-68.1975,63.6734],[-68.2296,63.6672],[-68.1871,63.6203],[-68.2222,63.6065],[-68.1832,63.601],[-68.1777,63.57],[-68.1862,63.6048],[-68.1595,63.6153],[-68.1083,63.5774],[-68.0973,63.5994],[-68.1352,63.628],[-68.1068,63.6418],[-68.0614,63.5548],[-67.9303,63.5343],[-67.8139,63.467],[-67.7806,63.4093],[-67.7334,63.4172],[-67.6722,63.3675],[-67.6231,63.3952],[-67.7965,63.5816],[-67.7707,63.6356],[-67.8453,63.6632],[-67.807,63.6695],[-67.8154,63.7151],[-67.8635,63.7249],[-67.8985,63.777],[-67.8024,63.7349],[-67.7663,63.6676],[-67.7669,63.7174],[-67.7391,63.6369],[-67.606,63.6718],[-67.6656,63.6427],[-67.5623,63.5653],[-67.6082,63.5375],[-67.5722,63.5223],[-67.5117,63.5524],[-67.4997,63.4863],[-67.4762,63.5012],[-67.4526,63.4509],[-67.3659,63.4045],[-67.3457,63.449],[-67.3771,63.4676],[-67.3502,63.4731],[-67.2824,63.3623],[-67.2278,63.332],[-67.2083,63.36],[-67.219,63.3288],[-67.1425,63.275],[-67.1001,63.2893],[-67.1309,63.3247],[-67.0489,63.2725],[-66.956,63.2832],[-66.9936,63.334],[-66.9593,63.367],[-66.9655,63.4168],[-66.9182,63.3959],[-66.97,63.331],[-66.9037,63.283],[-67.0092,63.2479],[-66.9746,63.2531],[-66.8463,63.1448],[-66.8024,63.1491],[-66.7729,63.1912],[-66.8221,63.2495],[-66.7855,63.2916],[-66.8048,63.2489],[-66.7221,63.1666],[-66.7753,63.1425],[-66.7594,63.1003],[-66.5303,63.0008],[-66.519,63.0221],[-66.6515,63.0944],[-66.5435,63.0534],[-66.5743,63.0857],[-66.5376,63.0791],[-66.5371,63.1344],[-66.5876,63.1667],[-66.556,63.2039],[-66.6901,63.3032],[-66.6106,63.3483],[-66.5887,63.3981],[-66.5003,63.4096],[-66.5693,63.3977],[-66.6659,63.2989],[-66.4829,63.1995],[-66.5489,63.1633],[-66.4859,63.1323],[-66.4561,63.087],[-66.5111,63.0901],[-66.4707,63.0628],[-66.4469,63.0807],[-66.4575,63.0511],[-66.3419,62.9973],[-66.2584,62.9958],[-66.2902,63.0181],[-66.2613,63.0243],[-66.1624,62.9539],[-66.0567,62.9427],[-66.0692,62.9719],[-66.0346,62.9889],[-66.1592,63.0414],[-66.1612,63.0873],[-66.2554,63.1295],[-66.2412,63.2226],[-66.2367,63.1289],[-66.1398,63.1057],[-66.1236,63.0425],[-66.0348,63.0642],[-66.0285,63.0143],[-65.9232,62.979],[-65.8872,63.0081],[-65.9219,63.0569],[-65.8769,63.018],[-65.7846,63.0262],[-65.9411,62.9466],[-65.9122,62.9254],[-65.8531,62.9395],[-65.7526,62.882],[-65.7389,62.9018],[-65.7796,62.9401],[-65.6977,62.9787],[-65.7339,63.0343],[-65.6901,63.0516],[-65.7066,63.0318],[-65.6645,63.0208],[-65.6572,62.9849],[-65.7335,62.9336],[-65.6589,62.8884],[-65.6035,62.9268],[-65.6397,62.897],[-65.6225,62.856],[-65.5412,62.8013],[-65.4269,62.8282],[-65.4176,62.8557],[-65.3955,62.8532],[-65.412,62.8171],[-65.3678,62.8331],[-65.3351,62.8778],[-65.3505,62.9159],[-65.2974,62.942],[-65.323,62.9105],[-65.2909,62.8976],[-65.3312,62.8495],[-65.218,62.8355],[-65.3433,62.8254],[-65.3179,62.819],[-65.3362,62.7872],[-65.1965,62.7879],[-65.3022,62.7694],[-65.3533,62.6917],[-65.2653,62.6585],[-65.2006,62.5697],[-65.1167,62.5626],[-64.9521,62.6253],[-64.9366,62.6938],[-64.9705,62.7016],[-64.9392,62.7235],[-65.0425,62.7415],[-65.0069,62.7522],[-65.0228,62.7806],[-65.1396,62.8414],[-65.1966,62.9092],[-65.1614,62.9386],[-65.2544,62.9659],[-65.2714,63.029],[-65.2263,62.9609],[-65.0992,62.9274],[-65.1376,62.9684],[-65.117,63.0128],[-65.0787,62.9471],[-64.8459,62.8675],[-64.7538,62.8646],[-64.7099,62.8744],[-64.7191,62.9134],[-64.6312,62.8958],[-64.5964,62.9203],[-64.6389,62.9172],[-64.6279,62.9379],[-64.6759,62.9628],[-64.7253,62.9188],[-64.7325,62.9557],[-64.7789,62.9574],[-64.7621,62.9696],[-64.8339,62.9631],[-64.8125,62.9788],[-64.8341,62.9853],[-64.7505,62.9862],[-64.7541,63.0074],[-64.8535,63.0477],[-64.7564,63.0393],[-64.7437,63.0718],[-64.9586,63.0996],[-64.7318,63.0956],[-64.8057,63.1167],[-64.7606,63.1328],[-64.8891,63.1402],[-64.9059,63.1583],[-64.8312,63.1613],[-64.8897,63.181],[-65.0759,63.1639],[-65.0049,63.1889],[-65.0678,63.2085],[-65.0483,63.2177],[-64.9288,63.2137],[-65.0763,63.2356],[-65.1255,63.2883],[-65.0614,63.2469],[-64.9755,63.2506],[-65.0627,63.3151],[-65.0022,63.3107],[-64.8783,63.2342],[-64.9067,63.2415],[-64.8817,63.2772],[-64.9218,63.3456],[-64.9587,63.3519],[-64.9529,63.3898],[-65.147,63.4014],[-65.0062,63.423],[-65.1311,63.4289],[-65.0054,63.4553],[-65.0688,63.5214],[-65.0655,63.5583],[-65.1237,63.5834],[-65.0651,63.5618],[-64.9568,63.5972],[-65.2949,63.8032],[-65.1295,63.7778],[-65.19,63.7828],[-64.9597,63.6441],[-64.9314,63.5746],[-64.8453,63.5482],[-64.7761,63.3883],[-64.739,63.3937],[-64.7707,63.3672],[-64.7268,63.3628],[-64.7574,63.3229],[-64.6721,63.2914],[-64.7032,63.2788],[-64.6772,63.2861],[-64.6259,63.2288],[-64.5839,63.2393],[-64.5929,63.2632],[-64.5037,63.245],[-64.4789,63.2809],[-64.5795,63.2895],[-64.623,63.3238],[-64.5215,63.2911],[-64.5012,63.3023],[-64.5263,63.3197],[-64.4738,63.3149],[-64.4858,63.3757],[-64.6539,63.3991],[-64.5958,63.4216],[-64.5072,63.397],[-64.4607,63.4306],[-64.4725,63.4622],[-64.546,63.4721],[-64.4803,63.4801],[-64.5114,63.5243],[-64.4948,63.546],[-64.5869,63.5508],[-64.5045,63.5577],[-64.6512,63.6439],[-64.6797,63.6917],[-64.5249,63.5956],[-64.4879,63.6389],[-64.5003,63.6775],[-64.5939,63.7236],[-64.6668,63.7119],[-64.6229,63.7281],[-64.6608,63.7619],[-64.7467,63.7403],[-64.9433,63.7623],[-64.9148,63.7867],[-64.9749,63.8107],[-64.9346,63.8384],[-64.9789,63.8639],[-64.9164,63.8424],[-64.8641,63.8681],[-64.8815,63.8914],[-64.804,63.9082],[-64.8338,63.944],[-64.7814,63.9224],[-64.6734,63.9526],[-64.7071,63.9858],[-64.6066,63.9739],[-64.6976,64.0238],[-64.7368,63.9754],[-64.7685,64.0203],[-64.9535,63.9615],[-64.8865,64.0078],[-65.0821,63.9879],[-65.062,64.0095],[-65.2199,64.0197],[-65.0097,64.0474],[-65.0663,64.0795],[-65.1675,64.0625],[-65.0918,64.0948],[-65.1965,64.0977],[-65.1278,64.1216],[-65.2113,64.1347],[-65.1553,64.1393],[-65.2464,64.1795],[-65.4128,64.142],[-65.216,64.1918],[-65.2712,64.2268],[-65.3619,64.2183],[-65.2981,64.2418],[-65.5582,64.2489],[-65.4279,64.2575],[-65.4632,64.2899],[-65.4026,64.2913],[-65.6728,64.3045],[-65.5038,64.3259],[-65.1957,64.2943],[-65.1318,64.3438],[-65.2588,64.3763],[-65.1948,64.3762],[-65.2334,64.3871],[-65.2228,64.4114],[-65.1515,64.3871],[-65.0354,64.4318],[-65.0987,64.4599],[-65.0462,64.4577],[-65.0591,64.4806],[-65.1726,64.471],[-65.0844,64.4988],[-65.1189,64.5118],[-65.2337,64.4759],[-65.1835,64.4979],[-65.2206,64.505],[-65.1796,64.5297],[-65.1989,64.5406],[-65.263,64.5197],[-65.2181,64.5002],[-65.2684,64.5018],[-65.2609,64.4569],[-65.3116,64.4864],[-65.3649,64.4183],[-65.3834,64.4509],[-65.308,64.5016],[-65.31,64.5373],[-65.4789,64.4652],[-65.4525,64.4955],[-65.6257,64.5047],[-65.7044,64.4699],[-65.685,64.5764],[-65.7533,64.5861],[-65.5556,64.6408],[-65.5673,64.6906],[-65.5299,64.7224],[-65.598,64.7783],[-65.6506,64.7777],[-65.6872,64.7565],[-65.6935,64.6802],[-65.7175,64.7596],[-65.6385,64.8002],[-65.6872,64.848],[-65.764,64.7951],[-65.7424,64.8495],[-65.7672,64.8692],[-65.8425,64.8824],[-65.8398,64.8483],[-65.9106,64.8938],[-65.9437,64.8757],[-65.9106,64.8322],[-65.8571,64.825],[-65.9326,64.806],[-65.8137,64.7525],[-65.8918,64.7378],[-65.7937,64.6267],[-65.8868,64.6765],[-65.9471,64.7724],[-66.0107,64.7408],[-65.9697,64.6857],[-65.9873,64.6644],[-65.9734,64.6847],[-66.039,64.7357],[-65.9938,64.7907],[-66.0136,64.8561],[-66.15,64.6948],[-66.197,64.6929],[-66.1812,64.7186],[-66.2166,64.7296],[-66.1543,64.7625],[-66.3204,64.7646],[-66.402,64.722],[-66.3187,64.6269],[-66.4348,64.7293],[-66.3532,64.7697],[-66.1747,64.7801],[-66.1549,64.7994],[-66.1769,64.8227],[-66.1191,64.8694],[-66.2532,64.9005],[-66.3216,64.8658],[-66.2936,64.9086],[-66.4751,64.9247],[-66.4931,64.9539],[-66.4473,64.9672],[-66.4564,64.9858],[-66.5442,64.9352],[-66.5255,64.968],[-66.5487,64.9791],[-66.501,65.0086],[-66.6726,65.0411],[-66.6286,64.998],[-66.6406,64.9054],[-66.606,64.9011],[-66.6575,64.8901],[-66.6697,64.8366],[-66.6135,64.7929],[-66.7314,64.7207],[-66.7239,64.762],[-66.6681,64.7885],[-66.7639,64.8146],[-66.7275,64.8259],[-66.7215,64.8749],[-66.785,64.8686],[-66.7206,64.8876],[-66.7117,64.9242],[-66.8449,64.9333],[-66.7323,64.9636],[-66.7389,65.0115],[-66.8034,64.9951],[-66.7645,65.0189],[-66.8088,65.0295],[-66.7647,65.0661],[-66.8589,65.033],[-66.8673,64.9744],[-66.8891,64.9752],[-66.8761,65.0338],[-66.9361,65.0446],[-66.8108,65.054],[-66.8017,65.0837],[-66.8345,65.1014],[-66.7693,65.1021],[-66.7481,65.1763],[-66.853,65.1583],[-66.8425,65.133],[-66.8982,65.1143],[-66.9135,65.062],[-66.9838,65.0488],[-66.9551,65.0835],[-66.9757,65.0938],[-67.1287,65.0527],[-67.0749,65.0946],[-66.9511,65.1099],[-66.9183,65.2395],[-66.9908,65.2048],[-66.9622,65.1898],[-67.0542,65.196],[-67.0112,65.2132],[-67.0426,65.2247],[-67.1254,65.1951],[-67.0996,65.212],[-67.1384,65.2292],[-67.2611,65.1683],[-67.1528,65.2382],[-67.0687,65.2427],[-67.1051,65.2658],[-67.0767,65.2853],[-67.1667,65.2593],[-67.1388,65.3026],[-67.2091,65.3107],[-67.1065,65.3163],[-67.259,65.3577],[-67.31,65.3313],[-67.2936,65.311],[-67.4622,65.3606],[-67.5538,65.3482],[-67.4906,65.3712],[-67.3422,65.3385],[-67.3088,65.351],[-67.3164,65.3751],[-67.1197,65.3553],[-67.0956,65.3755],[-67.1152,65.3889],[-67.0693,65.3911],[-67.1256,65.4055],[-67.0481,65.4277],[-67.1428,65.4391],[-67.0703,65.4386],[-67.0526,65.466],[-67.2855,65.4699],[-67.3458,65.4343],[-67.3474,65.4697],[-67.4637,65.5062],[-67.3175,65.5171],[-67.508,65.5489],[-67.2875,65.5383],[-67.2587,65.5561],[-67.3365,65.569],[-67.2605,65.5955],[-67.3505,65.5716],[-67.3337,65.6001],[-67.358,65.6133],[-67.266,65.6006],[-67.2649,65.6453],[-67.4176,65.6794],[-67.4278,65.6434],[-67.3677,65.6439],[-67.4354,65.6385],[-67.4555,65.6765],[-67.476,65.6389],[-67.6354,65.6646],[-67.7473,65.6365],[-67.7982,65.591],[-67.6537,65.571],[-67.6399,65.6042],[-67.6213,65.5679],[-67.5458,65.5715],[-67.6804,65.5575],[-67.8306,65.5963],[-68.0,65.4851],[-68.0,65.5175],[-67.9312,65.5679],[-68.0604,65.5717],[-67.9335,65.5835],[-67.8472,65.6387],[-67.8956,65.6771],[-67.8599,65.6915],[-67.9894,65.7151],[-67.9428,65.7113],[-67.966,65.7166],[-67.9439,65.751],[-67.8074,65.7619],[-67.7902,65.7809],[-67.8342,65.8041],[-67.7998,65.8154],[-67.8568,65.8266],[-67.8907,65.787],[-67.9851,65.7758],[-68.1609,65.8058],[-68.2735,65.7443],[-68.1796,65.8084],[-68.0491,65.8283],[-68.1713,65.8531],[-68.1318,65.8671],[-68.1644,65.8846],[-68.1241,65.8968],[-68.133,65.9396],[-68.1576,65.8993],[-68.1883,65.9296],[-68.3282,65.9275],[-68.3019,65.9575],[-68.1691,65.9502],[-68.3105,66.0033],[-68.3659,66.0713],[-68.1983,65.9788],[-68.1088,65.9648],[-68.1002,65.9876],[-68.2052,66.0063],[-68.1713,66.0622],[-68.1379,66.0783],[-68.1642,66.0348],[-68.0821,66.0241],[-68.0604,66.0078],[-68.1034,66.0056],[-68.0587,65.9814],[-68.0377,66.0247],[-68.1011,66.0367],[-68.037,66.033],[-68.011,66.0824],[-68.0712,66.0784],[-68.098,66.1074],[-68.1408,66.0792],[-68.1239,66.111],[-68.2165,66.137],[-68.2384,66.1281],[-68.2168,66.106],[-68.2626,66.1203],[-68.2074,66.0766],[-68.2626,66.0851],[-68.4582,66.1988],[-68.5745,66.1725],[-68.9712,66.1879],[-68.4571,66.2158],[-68.51,66.3025],[-68.424,66.2703],[-68.4483,66.2373],[-68.3856,66.2375],[-68.4069,66.2222],[-68.378,66.179],[-68.3141,66.1678],[-68.3289,66.2167],[-68.2899,66.214],[-68.291,66.1865],[-68.267,66.2301],[-68.2278,66.1498],[-68.1812,66.1339],[-68.0059,66.1014],[-68.0099,66.1277],[-67.9339,66.1376],[-67.9995,66.0958],[-67.9402,66.0984],[-67.9232,66.0712],[-68.003,66.0819],[-68.0192,66.0223],[-67.9899,66.0067],[-68.0239,65.9937],[-67.9233,65.944],[-67.9724,65.9404],[-67.9332,65.909],[-67.8355,65.8896],[-67.8108,65.9131],[-67.8023,65.8761],[-67.7326,65.8905],[-67.7765,65.8961],[-67.735,65.8986],[-67.7471,65.9287],[-67.8345,65.9384],[-67.7324,65.9468],[-67.8011,65.9778],[-67.7554,65.9954],[-67.7274,66.1092],[-67.7084,66.0789],[-67.7306,66.0762],[-67.7125,66.0505],[-67.7426,65.9736],[-67.633,65.9117],[-67.6612,65.9033],[-67.4467,65.8925],[-67.4673,65.8967],[-67.4203,65.9152],[-67.4698,65.9296],[-67.4101,65.9206],[-67.409,65.9511],[-67.3286,65.925],[-67.357,65.914],[-67.2859,65.9334],[-67.1738,65.9115],[-67.2294,65.9524],[-67.2107,65.9833],[-67.3325,66.0051],[-67.2407,65.986],[-67.2371,66.017],[-67.2044,65.9967],[-67.135,66.0169],[-67.247,66.0496],[-67.2666,66.1046],[-67.4988,66.1542],[-67.4564,66.1614],[-67.6684,66.2315],[-67.7012,66.2144],[-67.7435,66.2486],[-67.8039,66.243],[-67.7823,66.2219],[-67.8137,66.211],[-67.813,66.2421],[-67.7572,66.2514],[-67.7987,66.2616],[-67.738,66.2543],[-67.6948,66.2815],[-67.7531,66.2844],[-67.6921,66.287],[-67.7435,66.3529],[-67.8711,66.418],[-67.8665,66.4548],[-67.9887,66.5102],[-67.9073,66.5198],[-67.8783,66.4923],[-67.8879,66.5169],[-67.8511,66.5169],[-67.8153,66.4648],[-67.6807,66.4445],[-67.699,66.4749],[-67.781,66.4717],[-67.7616,66.4858],[-67.7983,66.5119],[-67.7497,66.5118],[-67.64,66.4472],[-67.6557,66.4252],[-67.5303,66.3849],[-67.4893,66.4065],[-67.4905,66.3519],[-67.4166,66.2964],[-67.3421,66.3154],[-67.3467,66.2907],[-67.2413,66.2689],[-67.2605,66.2911],[-67.2267,66.2996],[-67.2525,66.3044],[-67.112,66.3131],[-67.1851,66.3593],[-67.3585,66.3889],[-67.4354,66.4456],[-67.3086,66.4238],[-67.3617,66.4145],[-67.3365,66.3992],[-67.2327,66.3997],[-67.322,66.4478],[-67.2973,66.4525],[-67.179,66.3703],[-67.1128,66.3782],[-67.1581,66.4057],[-67.1373,66.4095],[-67.1571,66.4366],[-67.1174,66.442],[-67.2681,66.4832],[-67.2662,66.515],[-67.36,66.551],[-67.7188,66.5578],[-67.9487,66.6334],[-67.743,66.5748],[-67.6118,66.5767],[-67.6368,66.6012],[-67.5221,66.5613],[-67.5392,66.5817],[-67.5048,66.59],[-67.5787,66.635],[-67.4424,66.5774],[-67.3551,66.5878],[-67.2963,66.6366],[-67.315,66.5679],[-67.2142,66.5444],[-67.1591,66.4866],[-67.0615,66.4954],[-67.1743,66.5212],[-67.1486,66.5473],[-67.0318,66.5207],[-66.8554,66.5679],[-67.1748,66.673],[-66.8547,66.5877],[-66.7301,66.5956],[-66.8585,66.5367],[-66.7968,66.5397],[-66.7642,66.5025],[-66.8177,66.4645],[-66.7927,66.4474],[-66.7276,66.4278],[-66.6648,66.4582],[-66.7196,66.3982],[-66.7025,66.3873],[-66.7666,66.3753],[-66.5981,66.3659],[-66.4929,66.4265],[-66.4892,66.4042],[-66.4318,66.421],[-66.5777,66.3529],[-66.4958,66.3495],[-66.5217,66.3293],[-66.4537,66.2812],[-66.5297,66.2916],[-66.5413,66.2436],[-66.4032,66.2042],[-66.3499,66.2237],[-66.4466,66.2797],[-66.2473,66.2373],[-66.2635,66.2602],[-66.1495,66.2788],[-66.1902,66.2673],[-66.1678,66.2422],[-66.2046,66.257],[-66.2816,66.2185],[-66.184,66.1879],[-66.2151,66.1765],[-66.1415,66.1311],[-65.9692,66.1107],[-65.5682,66.233],[-65.5686,66.3198],[-65.4748,66.3886],[-65.4749,66.3446],[-65.5331,66.3127],[-65.483,66.3131],[-65.5277,66.2316],[-65.6349,66.1929],[-65.5998,66.1891],[-65.6426,66.1647],[-65.8989,66.0975],[-65.9644,66.0435],[-65.9527,65.9694],[-65.8717,65.9425],[-65.355,65.9833],[-65.2873,66.0102],[-65.2779,66.0468],[-65.2334,66.0195],[-64.9518,66.0694],[-64.8335,66.1024],[-64.8488,66.196],[-64.6937,66.2845],[-64.3552,66.3566],[-64.3324,66.3474],[-64.3509,66.3281],[-64.5434,66.2939],[-64.7682,66.1792],[-64.7441,66.1551],[-64.7686,66.087],[-64.8557,66.0259],[-64.67,65.9582],[-64.928,66.0054],[-65.3578,65.9134],[-65.4979,65.7491],[-65.38,65.7818],[-65.4641,65.683],[-65.138,65.6632],[-65.0,65.7191],[-64.7836,65.7246],[-64.9851,65.7093],[-65.1358,65.6383],[-65.2943,65.6361],[-65.2938,65.5939],[-65.3435,65.5676],[-65.2989,65.5453],[-65.1678,65.5985],[-65.2235,65.5543],[-64.999,65.5486],[-64.9297,65.5742],[-64.8527,65.6595],[-64.7092,65.6523],[-64.8563,65.6427],[-64.8404,65.6037],[-64.7372,65.5802],[-64.8476,65.5928],[-64.8958,65.5577],[-64.8677,65.5441],[-64.9172,65.5502],[-64.9371,65.5198],[-65.1547,65.4965],[-65.1718,65.4837],[-65.1345,65.455],[-65.1601,65.4343],[-65.0631,65.372],[-64.9859,65.3728],[-64.9796,65.4071],[-64.866,65.4281],[-64.6885,65.4228],[-64.6289,65.4671],[-64.627,65.4458],[-64.4561,65.439],[-64.436,65.4905],[-64.4016,65.4796],[-64.4355,65.423],[-64.6075,65.4287],[-64.6701,65.3883],[-64.9089,65.3429],[-64.6847,65.342],[-64.7569,65.3255],[-64.7324,65.3042],[-64.8127,65.3317],[-64.913,65.3012],[-64.8442,65.2897],[-64.9043,65.2814],[-64.8059,65.232],[-64.7142,65.2738],[-64.6868,65.2705],[-64.7005,65.2461],[-64.6028,65.2511],[-64.724,65.2221],[-64.6708,65.1983],[-64.7151,65.1835],[-64.7104,65.1596],[-64.6188,65.1935],[-64.6049,65.1746],[-64.6471,65.1405],[-64.564,65.1305],[-64.5572,65.0847],[-64.4491,65.1917],[-64.4816,65.2171],[-64.4541,65.2335],[-64.4677,65.301],[-64.2126,65.4503],[-64.1963,65.4351],[-64.2839,65.4039],[-64.2533,65.4061],[-64.2587,65.3818],[-64.4016,65.3026],[-64.4011,65.2705],[-64.3737,65.3127],[-64.3442,65.2976],[-64.4084,65.2507],[-64.3722,65.1799],[-64.3223,65.1425],[-64.2426,65.1992],[-64.1659,65.198],[-64.1155,65.2578],[-64.1467,65.1935],[-64.0748,65.1996],[-64.2365,65.1618],[-64.2641,65.1026],[-64.1773,65.1134],[-64.2101,65.0933],[-64.1076,65.0435],[-64.0766,65.0622],[-64.0722,65.1394],[-64.0326,65.0967],[-63.9652,65.0891],[-63.9294,65.0973],[-63.9231,65.1457],[-63.8824,65.1211],[-63.8618,65.1964],[-63.8001,65.2147],[-63.8081,65.25],[-63.7792,65.2119],[-63.8601,65.1929],[-63.7967,65.1777],[-63.9003,65.0931],[-63.836,65.0581],[-63.8793,65.0345],[-63.7565,65.0368],[-63.6778,65.1053],[-63.7445,65.062],[-63.663,65.0408],[-63.7831,65.0184],[-63.7402,65.0032],[-63.8395,65.0067],[-63.804,64.9957],[-63.8466,64.9776],[-63.7366,64.9544],[-63.7011,64.9727],[-63.7169,64.9864],[-63.6078,65.0045],[-63.6328,64.975],[-63.5948,64.9703],[-63.6734,64.9385],[-63.6067,64.9294],[-63.6711,64.9067],[-63.5372,64.8853],[-63.5732,64.9165],[-63.525,64.934],[-63.5459,64.9744],[-63.5062,64.9652],[-63.5709,64.9947],[-63.5411,65.008],[-63.5877,65.0071],[-63.5465,65.0409],[-63.5885,65.0512],[-63.53,65.0448],[-63.5216,65.0022],[-63.4565,64.9866],[-63.5158,65.0389],[-63.4159,65.0138],[-63.3944,65.0364],[-63.4929,65.0541],[-63.355,65.0584],[-63.4807,65.0904],[-63.3288,65.1441],[-63.4644,65.1348],[-63.434,65.1481],[-63.5268,65.1576],[-63.4468,65.1713],[-63.5202,65.1986],[-63.3798,65.2062],[-63.3473,65.1809],[-63.3122,65.1855],[-63.3183,65.2145],[-63.4854,65.2467],[-63.3409,65.2407],[-63.352,65.2697],[-63.4891,65.2613],[-63.4592,65.2666],[-63.4649,65.297],[-63.3595,65.285],[-63.4098,65.3166],[-63.3747,65.3199],[-63.5776,65.3539],[-63.4249,65.3696],[-63.5253,65.385],[-63.3887,65.3846],[-63.579,65.4176],[-63.5949,65.4452],[-63.6608,65.4254],[-63.616,65.4538],[-63.7517,65.4802],[-63.5516,65.4667],[-63.4405,65.4205],[-63.4602,65.4329],[-63.2905,65.423],[-63.4177,65.4783],[-63.5394,65.4711],[-63.536,65.5142],[-63.6967,65.5654],[-63.5789,65.5391],[-63.5728,65.5744],[-63.6043,65.5895],[-63.577,65.5969],[-63.4646,65.5181],[-63.365,65.5294],[-63.3592,65.5788],[-63.3281,65.5868],[-63.3709,65.6254],[-63.7377,65.6703],[-63.3454,65.6596],[-63.3971,65.6995],[-63.4148,65.7846],[-63.5418,65.8728],[-63.5152,65.8847],[-63.5184,65.931],[-63.4547,65.9349],[-63.474,65.9067],[-63.3225,65.7224],[-63.231,65.6683],[-63.2389,65.6344],[-63.0429,65.6261],[-62.9548,65.5735],[-62.8896,65.6378],[-62.9165,65.6328],[-62.9287,65.7202],[-62.9061,65.7272],[-62.9583,65.7399],[-62.914,65.748],[-62.8731,65.628],[-62.7943,65.58],[-62.8054,65.5982],[-62.7345,65.5832],[-62.7154,65.5983],[-62.7374,65.6102],[-62.6657,65.6373],[-62.6662,65.5754],[-62.5984,65.6524],[-62.6116,65.6764],[-62.7904,65.7091],[-62.8414,65.7615],[-62.5855,65.7005],[-62.5645,65.7464],[-62.7991,65.8236],[-62.8192,65.8384],[-62.7647,65.8286],[-62.8503,65.8705],[-62.8497,65.9095],[-62.6846,65.8063],[-62.5677,65.7908],[-62.5315,65.8263],[-62.5137,65.7807],[-62.285,65.8005],[-62.3943,65.8685],[-62.3616,65.895],[-62.4914,65.9017],[-62.3901,65.9191],[-62.4148,65.9657],[-62.7972,66.0095],[-62.874,66.0439],[-62.9246,66.1268],[-63.049,66.1164],[-62.9193,66.141],[-62.758,66.0214],[-62.4986,66.0189],[-62.3209,65.9667],[-62.1983,66.0048],[-62.1222,65.9862],[-62.0161,66.0233],[-61.9901,65.9997],[-61.9371,66.0134],[-61.9914,66.0447],[-62.146,66.0348],[-62.034,66.0844],[-62.0573,66.1043],[-62.1946,66.0829],[-62.1008,66.1356],[-62.401,66.1585],[-62.3113,66.1689],[-62.3442,66.1791],[-62.4702,66.1658],[-62.4487,66.1859],[-62.5138,66.2052],[-62.4944,66.2193],[-62.7085,66.1877],[-62.7884,66.2202],[-62.8033,66.2815],[-62.8901,66.3125],[-62.8768,66.3303],[-62.7758,66.3019],[-62.7691,66.2365],[-62.6964,66.229],[-62.695,66.2056],[-62.3156,66.299],[-62.4775,66.3999],[-62.7019,66.4059],[-62.5711,66.3972],[-62.5975,66.4457],[-62.5567,66.4199],[-62.1958,66.4066],[-62.2241,66.3631],[-62.1667,66.3065],[-62.0582,66.3261],[-61.8884,66.2778],[-61.7603,66.3269],[-61.5355,66.3266],[-61.468,66.3682],[-61.5615,66.4155],[-61.9893,66.4003],[-61.5578,66.4578],[-61.7959,66.6127],[-61.9686,66.6387],[-62.0601,66.5985],[-62.1841,66.6212],[-62.0576,66.6262],[-61.9814,66.6616],[-62.012,66.6895],[-61.9832,66.6899],[-61.7115,66.6287],[-61.5986,66.5397],[-61.5336,66.5264],[-61.4275,66.5313],[-61.4431,66.5494],[-61.3507,66.5623],[-61.2619,66.6182],[-61.2922,66.6209],[-61.2865,66.674],[-61.3737,66.7038],[-61.395,66.7405],[-61.4667,66.7457],[-61.4509,66.7711],[-61.5225,66.8043],[-61.7895,66.8099],[-61.6637,66.8201],[-61.5942,66.8579],[-61.6154,66.8684],[-61.7248,66.88],[-61.7876,66.8545],[-61.7887,66.8782],[-61.9482,66.8838],[-61.9387,66.8624],[-62.0007,66.8532],[-61.9864,66.8901],[-61.7657,66.8898],[-61.7229,66.9276],[-61.7822,66.9443],[-61.8726,66.9162],[-61.8299,66.9687],[-61.9743,66.9558],[-62.0263,66.9015],[-62.1303,66.9182],[-62.0582,66.923],[-62.05,66.9979],[-61.9659,67.0234],[-62.0168,67.0543],[-62.2147,67.0427],[-62.1968,67.0191],[-62.2725,67.0497],[-62.2856,67.0034],[-62.2378,66.9292],[-62.4238,66.9284],[-62.3954,66.8779],[-62.4487,66.8952],[-62.4315,66.8657],[-62.3007,66.7591],[-62.3337,66.7172],[-62.4148,66.8218],[-62.5105,66.8667],[-62.5637,66.953],[-62.7629,66.934],[-62.7226,66.8604],[-62.7605,66.8221],[-62.7329,66.7697],[-62.8114,66.7476],[-62.8129,66.6679],[-62.9615,66.6068],[-62.8673,66.6695],[-62.8483,66.7192],[-62.8706,66.7396],[-62.8115,66.8059],[-62.8586,66.9314],[-62.8305,66.9637],[-63.1389,66.9472],[-63.2162,66.8937],[-63.3309,66.8973],[-63.3432,66.8551],[-63.3093,66.816],[-63.3812,66.7115],[-63.4377,66.7177],[-63.3904,66.8061],[-63.425,66.91],[-63.4678,66.9069],[-63.4959,66.8811],[-63.4825,66.8463],[-63.5651,66.8121],[-63.8343,66.8183],[-63.5833,66.8377],[-63.546,66.8498],[-63.5614,66.8926],[-63.512,66.9188],[-63.232,66.9607],[-63.2229,67.015],[-63.286,67.111],[-63.0722,67.1454],[-62.9538,67.2196],[-62.9727,67.2776],[-63.0756,67.3301],[-63.1876,67.3281],[-63.1424,67.2841],[-63.2455,67.2427],[-63.2938,67.2477],[-63.1808,67.2934],[-63.2893,67.3035],[-63.3986,67.2111],[-63.4002,67.151],[-63.4683,67.1021],[-63.7671,67.007],[-63.7997,66.9],[-63.8272,66.8959],[-63.7885,66.9209],[-63.7962,66.9873],[-63.8272,66.9972],[-63.5062,67.1154],[-63.4613,67.1543],[-63.4466,67.2283],[-63.5731,67.2401],[-63.749,67.2044],[-63.7931,67.2396],[-63.8566,67.2174],[-63.8663,67.2384],[-63.9833,67.1729],[-64.1641,67.1847],[-64.5477,67.1263],[-64.6203,67.0944],[-64.6352,67.0274],[-64.7146,67.0066],[-64.6892,67.1],[-64.6203,67.1383],[-64.1826,67.2131],[-64.0275,67.2086],[-63.9532,67.2689],[-64.5955,67.233],[-64.7907,67.1942],[-64.8263,67.2079],[-64.6151,67.2527],[-64.3553,67.2554],[-64.2339,67.3008],[-64.6852,67.3286],[-64.797,67.371],[-64.4038,67.3191],[-64.0332,67.3113],[-63.9454,67.3473],[-63.9511,67.4138],[-64.0313,67.4601],[-64.2982,67.4441],[-64.463,67.4727],[-64.2345,67.4561],[-64.064,67.5216],[-64.1056,67.546],[-64.0658,67.5659],[-64.0964,67.6144],[-64.3013,67.6141],[-64.2433,67.6207],[-64.2028,67.666],[-64.2904,67.7232],[-64.6522,67.6516],[-64.6047,67.6849],[-64.4086,67.7037],[-64.3572,67.7404],[-64.5463,67.7371],[-64.4416,67.778],[-64.5198,67.8119],[-64.7527,67.8198],[-64.7884,67.6771],[-64.9035,67.6766],[-64.8329,67.6984],[-64.8232,67.7603],[-64.9422,67.7841],[-65.0356,67.7295],[-65.1433,67.7123],[-65.1908,67.6491],[-65.1769,67.6255],[-65.2276,67.6432],[-65.189,67.7219],[-65.0656,67.75],[-65.0139,67.7997],[-65.0954,67.8183],[-65.1947,67.7546],[-65.2577,67.7569],[-65.1363,67.7987],[-65.1271,67.8549],[-65.0572,67.8394],[-64.922,67.9198],[-65.0929,67.9219],[-64.8617,67.9284],[-64.7251,67.9823],[-64.9413,68.0423],[-65.0781,68.0438],[-65.1148,68.0103],[-65.175,68.0194],[-65.1326,67.9929],[-65.1946,67.9506],[-65.4264,67.9172],[-65.5053,67.8092],[-65.5743,67.7814],[-65.3911,67.7018],[-65.3283,67.5984],[-65.3533,67.5869],[-65.4291,67.6955],[-65.6277,67.7892],[-65.4861,67.889],[-65.4595,67.987],[-65.6441,68.0011],[-65.7456,67.9548],[-65.8003,67.9733],[-65.7331,67.9113],[-65.7772,67.8607],[-65.9359,67.8208],[-65.9769,67.6418],[-66.0573,67.5883],[-66.0326,67.6005],[-66.0569,67.612],[-66.0255,67.7224],[-65.9922,67.7464],[-65.9979,67.819],[-65.9247,67.8723],[-66.0071,67.9492],[-66.1511,67.9224],[-66.0259,67.9625],[-65.9355,68.0328],[-66.2564,67.9641],[-66.2684,67.9275],[-66.3276,67.9047],[-66.3304,67.8019],[-66.3743,67.7688],[-66.3914,67.8306],[-66.6018,67.8022],[-66.5299,67.8328],[-66.7317,67.8717],[-66.4919,67.8466],[-66.3885,67.8661],[-66.3975,67.9035],[-66.3433,67.9696],[-66.1833,68.0141],[-66.2682,68.0877],[-66.4942,68.051],[-66.457,68.0686],[-66.5344,68.078],[-66.3639,68.086],[-66.3125,68.1256],[-66.616,68.1386],[-66.6406,68.0352],[-66.743,67.9326],[-66.7435,67.9809],[-66.6767,68.0698],[-66.678,68.1378],[-66.8386,68.0961],[-66.9207,68.0543],[-66.9532,67.9976],[-67.052,67.9959],[-66.9808,68.0071],[-66.9747,68.0662],[-66.8343,68.1211],[-66.9264,68.1381],[-66.845,68.1561],[-66.7628,68.2392],[-67.1234,68.2848],[-67.2808,68.2337],[-67.2821,68.187],[-67.3334,68.1845],[-67.3016,68.174],[-67.3642,68.1274],[-67.6032,68.1668],[-67.4027,68.1434],[-67.3338,68.1797],[-67.3379,68.2365],[-67.2354,68.2922],[-67.2579,68.307],[-67.0149,68.3312],[-67.2667,68.3676],[-67.337,68.3238],[-67.326,68.3531],[-67.3867,68.3653],[-67.5523,68.3031],[-67.5398,68.2762],[-67.5826,68.2546],[-67.7067,68.2466],[-67.5706,68.277],[-67.5849,68.3218],[-67.5215,68.3407],[-67.7394,68.3274],[-67.8812,68.2692],[-67.8823,68.3063],[-67.7858,68.343],[-67.4796,68.372],[-67.4164,68.4049],[-67.0242,68.3607],[-66.9418,68.3784],[-66.9247,68.424],[-66.8155,68.4107],[-66.8099,68.4336],[-66.6711,68.4478],[-66.8214,68.4796],[-66.9786,68.442],[-67.1293,68.488],[-67.102,68.4253],[-67.3597,68.4149],[-67.2074,68.4385],[-67.2479,68.4857],[-67.2889,68.458],[-67.3384,68.5044],[-67.3877,68.4669],[-67.417,68.4978],[-67.5701,68.4925],[-67.5663,68.4105],[-67.6206,68.3836],[-67.6034,68.4331],[-67.6302,68.5088],[-67.5098,68.5403],[-67.6857,68.571],[-67.8797,68.539],[-67.9029,68.4299],[-67.9683,68.4049],[-67.9229,68.4552],[-67.9448,68.5329],[-67.9179,68.5467],[-67.9421,68.5605],[-68.0111,68.5267],[-68.1284,68.5334],[-68.1629,68.5557],[-68.125,68.5573],[-68.1362,68.5785],[-68.3345,68.5978],[-68.4643,68.5679],[-68.7532,68.5738],[-68.4777,68.6111],[-68.631,68.638],[-68.8192,68.593],[-68.9138,68.6112],[-68.6883,68.6594],[-68.3691,68.6326],[-68.2346,68.6638],[-68.103,68.6356],[-68.0904,68.6593],[-68.1883,68.6725],[-68.0668,68.6847],[-68.7466,68.7661],[-68.8833,68.7726],[-68.9671,68.7432],[-69.0,68.7619],[-68.943,68.7868],[-69.4107,68.8157],[-69.3734,68.8397],[-69.1739,68.8367],[-69.4167,68.8706],[-69.3089,68.8803],[-68.6243,68.7887],[-68.4963,68.7986],[-68.6314,68.8418],[-68.6081,68.8548],[-67.7703,68.7857],[-68.5235,68.9023],[-67.9681,68.8632],[-67.9924,68.8923],[-68.1181,68.9078],[-68.0595,68.9465],[-68.331,68.9557],[-68.3001,68.9845],[-68.3424,68.9916],[-68.5713,68.9678],[-68.3441,69.0181],[-68.0175,68.9721],[-68.002,69.0007],[-67.7151,69.0227],[-68.2068,69.1527],[-68.4344,69.1824],[-68.8277,69.1078],[-68.8846,69.0873],[-68.9411,68.991],[-69.0156,68.9796],[-68.9703,68.9987],[-68.9261,69.1054],[-69.0928,69.1055],[-68.7252,69.1442],[-68.5058,69.2098],[-69.008,69.2199],[-68.9797,69.2335],[-68.1435,69.2047],[-68.0845,69.2242],[-68.2067,69.2764],[-68.4321,69.2706],[-68.9341,69.3384],[-69.2729,69.2664],[-69.0489,69.3565],[-68.3932,69.2971],[-68.1953,69.3177],[-67.6529,69.1754],[-67.351,69.1961],[-67.2026,69.1531],[-67.22,69.1845],[-67.135,69.1977],[-66.7742,69.1425],[-66.6806,69.1885],[-66.6773,69.269],[-66.8549,69.3676],[-67.2296,69.4688],[-67.7704,69.4904],[-67.9982,69.4675],[-68.6022,69.5893],[-68.7449,69.5966],[-69.238,69.509],[-69.6773,69.5529],[-69.9883,69.5127],[-70.0603,69.5427],[-69.9399,69.525],[-69.9711,69.5352],[-69.7333,69.5696],[-69.3135,69.532],[-68.7117,69.6498],[-68.3213,69.6311],[-68.1047,69.7646],[-67.9056,69.7833],[-67.4148,69.7199],[-67.1212,69.7355],[-67.1594,69.7587],[-67.2477,69.9697],[-67.3542,69.9957],[-67.379,70.028],[-67.3468,70.0332],[-67.4346,70.0698],[-67.351,70.0385],[-67.3746,70.058],[-67.604,70.1814]],[[-73.7418,69.3516],[-73.7378,69.3501],[-73.7503,69.3521],[-73.7418,69.3516]],[[-77.0002,69.9727],[-77.0027,69.9753],[-76.9968,69.973],[-77.0002,69.9727]],[[-69.0766,68.8665],[-69.053,68.8763],[-69.033,68.8747],[-69.0766,68.8665]],[[-89.1938,71.0226],[-89.2115,71.0299],[-89.1748,71.0277],[-89.1938,71.0226]],[[-61.5121,66.7001],[-61.5272,66.707],[-61.4517,66.7347],[-61.5121,66.7001]],[[-67.1724,65.2493],[-67.4546,65.1967],[-67.4738,65.2183],[-67.2623,65.2613],[-67.1724,65.2493]]],[[[-94.6509,72.0],[-95.1727,71.9571],[-95.2019,71.941],[-95.1389,71.9384],[-95.204,71.9226],[-95.224,71.8984],[-95.1824,71.8923],[-95.2301,71.8725],[-95.1708,71.8394],[-94.5797,71.8628],[-94.719,71.8265],[-94.8384,71.8547],[-95.225,71.835],[-95.2842,71.7619],[-95.2089,71.7349],[-95.4758,71.7324],[-95.5529,71.7023],[-95.4871,71.701],[-95.6472,71.675],[-95.638,71.6561],[-95.6872,71.6479],[-95.6601,71.6284],[-95.8998,71.6053],[-95.8375,71.5853],[-95.9206,71.5509],[-95.8114,71.5095],[-95.5144,71.491],[-95.2933,71.5271],[-95.0577,71.5148],[-95.3147,71.5195],[-95.4946,71.4708],[-95.5455,71.4172],[-95.3966,71.3788],[-95.5676,71.3601],[-95.495,71.3384],[-95.5337,71.3052],[-95.5166,71.2859],[-95.6624,71.2907],[-95.8001,71.3372],[-95.8852,71.4082],[-96.0313,71.4219],[-96.1773,71.3943],[-96.2657,71.2885],[-96.3882,71.2983],[-96.4686,71.2707],[-96.4255,71.2443],[-96.3677,71.2673],[-96.4158,71.2526],[-96.4262,71.1972],[-96.333,71.1477],[-96.4096,71.1719],[-96.5279,71.1316],[-96.4376,71.0782],[-96.3668,71.0876],[-96.3788,71.1233],[-96.3219,71.0876],[-96.4566,71.0372],[-96.437,71.022],[-96.5187,70.9018],[-96.5903,70.8472],[-96.5806,70.7878],[-96.4262,70.749],[-96.3552,70.6781],[-96.1468,70.6156],[-96.0905,70.6626],[-95.7476,70.7214],[-96.0433,70.6446],[-96.0292,70.5977],[-95.7655,70.5293],[-96.0552,70.5924],[-96.1502,70.5232],[-96.2209,70.5698],[-96.2938,70.4975],[-96.3056,70.4164],[-96.3901,70.4217],[-96.4901,70.3729],[-96.5448,70.3052],[-96.5492,70.2418],[-96.4811,70.0992],[-96.246,69.9687],[-96.0123,69.9368],[-96.1057,69.9421],[-96.1188,69.9144],[-96.0562,69.9204],[-96.0468,69.8969],[-96.1041,69.8955],[-96.0736,69.8666],[-96.1326,69.8865],[-96.1937,69.8663],[-95.8474,69.7668],[-95.8535,69.7933],[-95.7977,69.8031],[-95.7578,69.7865],[-95.808,69.7977],[-95.7767,69.7724],[-95.8166,69.761],[-95.7562,69.7412],[-95.732,69.7912],[-95.6829,69.8047],[-95.6402,69.7757],[-95.6213,69.8028],[-95.601,69.7934],[-95.6258,69.778],[-95.5603,69.7407],[-95.1356,69.6407],[-95.1659,69.635],[-95.0899,69.605],[-94.9948,69.6231],[-94.9856,69.5971],[-94.8034,69.5631],[-94.7079,69.6084],[-94.7769,69.672],[-94.5814,69.6859],[-94.5264,69.7302],[-94.618,69.6767],[-94.5961,69.6659],[-94.6153,69.6432],[-94.5431,69.6589],[-94.4937,69.56],[-94.2763,69.4401],[-93.8913,69.4389],[-93.8142,69.4959],[-93.7579,69.479],[-93.6737,69.5261],[-93.5199,69.5375],[-93.4593,69.4803],[-93.4161,69.4794],[-93.5745,69.3665],[-93.4797,69.37],[-93.505,69.3487],[-93.2064,69.4112],[-93.2879,69.4374],[-92.7654,69.393],[-92.8721,69.3321],[-92.9648,69.3252],[-92.9403,69.2734],[-92.9986,69.2684],[-92.9866,69.2405],[-93.0178,69.2194],[-92.9377,69.2421],[-92.9358,69.2188],[-93.0142,69.2061],[-93.087,69.1504],[-93.0,69.1524],[-93.0613,69.1109],[-93.0657,69.0565],[-93.0883,69.064],[-93.0705,69.0985],[-93.1629,69.0617],[-93.1609,69.0821],[-93.2118,69.0756],[-93.1262,69.1584],[-93.2941,69.1498],[-93.2572,69.174],[-93.3061,69.1909],[-93.2269,69.2334],[-93.3643,69.2047],[-93.2505,69.2267],[-93.2005,69.2694],[-93.2412,69.2555],[-93.2296,69.2795],[-93.2601,69.2967],[-93.1562,69.3028],[-93.2481,69.2992],[-93.1925,69.3264],[-93.2402,69.3344],[-93.2076,69.3514],[-93.2343,69.3741],[-93.2034,69.3712],[-93.2275,69.4035],[-93.5387,69.3056],[-93.8304,69.1625],[-93.8498,69.1778],[-93.7898,69.2234],[-93.8697,69.222],[-93.7877,69.2714],[-93.8677,69.2345],[-93.8589,69.2636],[-93.5112,69.4433],[-93.6638,69.4204],[-93.8535,69.343],[-93.9442,69.367],[-94.2648,69.3224],[-94.2795,69.2939],[-94.2351,69.2796],[-94.276,69.2473],[-94.2522,69.235],[-94.2941,69.1599],[-94.2179,69.1216],[-93.9857,69.1582],[-94.1481,69.1067],[-94.1613,69.0801],[-94.1157,69.0765],[-94.137,69.0514],[-94.3048,69.0408],[-94.4075,68.9489],[-94.4591,68.9498],[-94.4391,68.9627],[-94.4739,68.9793],[-94.5465,68.9441],[-94.4923,68.983],[-94.5841,68.9757],[-94.5425,68.9379],[-94.5625,68.8985],[-94.5181,68.8936],[-94.591,68.8276],[-94.5779,68.7947],[-94.618,68.7494],[-94.5462,68.7648],[-94.3938,68.7225],[-94.2456,68.7624],[-94.0682,68.7631],[-93.7873,68.8869],[-93.9382,68.8505],[-93.9032,68.8842],[-94.0121,68.8357],[-94.0585,68.8552],[-94.0069,68.8809],[-94.0858,68.875],[-93.9057,68.9563],[-93.9292,68.9649],[-93.8854,69.0077],[-93.9184,69.006],[-93.8791,69.0261],[-93.9048,69.0327],[-93.7829,69.0742],[-93.8879,68.9966],[-93.8213,69.0152],[-93.849,68.984],[-93.8146,68.9998],[-93.8449,68.9714],[-93.8168,68.9638],[-93.6094,68.984],[-93.6569,68.943],[-93.626,68.9419],[-93.6185,68.8763],[-93.564,68.8551],[-93.6476,68.7773],[-93.6145,68.7683],[-93.6951,68.7503],[-93.6085,68.7404],[-93.6864,68.7182],[-93.7134,68.6255],[-93.7455,68.6161],[-93.6325,68.635],[-93.4855,68.6034],[-93.6345,68.5217],[-94.0206,68.4565],[-94.1903,68.3744],[-94.1608,68.2775],[-94.5827,68.1483],[-94.6793,68.0692],[-94.816,68.037],[-94.8546,68.0],[-94.8297,68.0317],[-94.9023,68.0394],[-94.885,68.0598],[-95.0047,68.0455],[-95.0769,68.0942],[-95.277,68.0282],[-95.211,68.0814],[-95.4652,68.0642],[-95.3933,68.0219],[-95.4987,67.932],[-95.4921,67.8543],[-95.6958,67.7341],[-95.5334,67.6523],[-95.4303,67.6466],[-95.4506,67.6318],[-95.3159,67.5646],[-95.2839,67.5151],[-95.3836,67.4706],[-95.3464,67.4626],[-95.2891,67.3418],[-95.1264,67.2842],[-95.2304,67.2754],[-95.2164,67.2356],[-95.2897,67.1724],[-95.466,67.1415],[-95.4451,67.1852],[-95.4796,67.1937],[-95.4494,67.2093],[-95.5011,67.2244],[-95.7203,67.1765],[-95.614,67.2425],[-95.8348,67.1589],[-95.5395,67.3125],[-95.5386,67.3443],[-95.5012,67.3562],[-95.545,67.3913],[-95.6594,67.3326],[-95.7154,67.3936],[-95.7581,67.3398],[-96.0964,67.2226],[-96.12,67.2272],[-96.087,67.2491],[-96.0971,67.2785],[-96.237,67.2699],[-96.1652,67.3321],[-96.1963,67.3341],[-96.1528,67.3384],[-96.0556,67.4346],[-96.0441,67.4581],[-96.0901,67.45],[-96.0711,67.4855],[-96.1804,67.4123],[-96.251,67.4602],[-96.3164,67.4199],[-96.3126,67.4552],[-96.363,67.4543],[-96.3317,67.4989],[-96.3875,67.4655],[-96.3671,67.5011],[-96.3911,67.5024],[-96.4444,67.4655],[-96.4404,67.5209],[-96.6386,67.426],[-96.5298,67.5364],[-96.4736,67.536],[-96.4833,67.5631],[-96.3454,67.5576],[-96.276,67.641],[-96.3211,67.6777],[-96.3106,67.7074],[-96.2478,67.6814],[-96.2359,67.6357],[-96.1421,67.6196],[-96.1234,67.6981],[-96.1659,67.702],[-96.1832,67.654],[-96.1864,67.6915],[-96.1099,67.7551],[-96.1753,67.7587],[-96.1971,67.8378],[-96.1368,67.8826],[-96.1311,67.9512],[-96.0371,68.024],[-96.0915,68.0333],[-96.0616,68.0285],[-95.9865,68.1158],[-96.0509,68.1618],[-95.8745,68.3002],[-95.9977,68.2484],[-96.2656,68.2136],[-96.5326,68.0834],[-96.4363,68.1048],[-96.4556,68.065],[-96.4092,68.0499],[-96.4893,68.0353],[-96.5315,68.0763],[-96.5828,68.0712],[-96.5667,68.057],[-96.6182,68.0579],[-96.5812,68.0485],[-96.6507,68.013],[-96.7118,68.0135],[-96.756,68.0381],[-96.7353,68.0708],[-96.9193,68.1288],[-96.6457,68.0854],[-96.6625,68.1098],[-96.5095,68.1709],[-96.4331,68.2457],[-96.4452,68.2853],[-96.3673,68.3221],[-96.6093,68.2373],[-96.5611,68.2039],[-96.5698,68.1779],[-96.5919,68.1915],[-96.5693,68.2054],[-96.6389,68.2066],[-96.662,68.2359],[-96.5776,68.2545],[-96.6317,68.2513],[-96.6575,68.2916],[-96.7408,68.2774],[-96.7175,68.2653],[-96.7802,68.2846],[-96.7465,68.2671],[-96.8007,68.258],[-96.869,68.2752],[-96.8204,68.2448],[-96.969,68.2641],[-97.0132,68.2984],[-96.993,68.2761],[-97.0204,68.2623],[-97.0699,68.2789],[-97.0243,68.2785],[-97.049,68.2993],[-97.0305,68.3163],[-96.9155,68.2801],[-96.966,68.3135],[-96.9675,68.3525],[-97.0116,68.3435],[-97.1579,68.4035],[-97.0921,68.393],[-97.3068,68.5073],[-97.5229,68.5201],[-97.4987,68.5068],[-97.5911,68.4959],[-97.5604,68.4779],[-97.5804,68.4536],[-97.4995,68.4579],[-97.4728,68.4138],[-97.608,68.448],[-97.6271,68.4802],[-97.5893,68.4916],[-97.6792,68.541],[-97.7303,68.517],[-97.8448,68.5614],[-97.8165,68.5428],[-97.8516,68.5457],[-97.8411,68.5208],[-97.8999,68.5625],[-97.9139,68.5398],[-97.86,68.524],[-97.9829,68.5456],[-97.9557,68.5268],[-97.9962,68.5232],[-97.8547,68.4627],[-97.8844,68.4449],[-97.852,68.4215],[-97.6771,68.3841],[-97.7198,68.3855],[-97.6861,68.357],[-97.845,68.4027],[-97.8335,68.3801],[-97.9065,68.3726],[-97.7586,68.3577],[-97.8622,68.3706],[-97.8169,68.3455],[-97.8898,68.3398],[-97.9443,68.3713],[-97.8831,68.3118],[-97.98,68.3723],[-98.0623,68.3779],[-98.0375,68.3508],[-98.0912,68.3607],[-98.0069,68.3231],[-98.0863,68.3359],[-98.0755,68.3102],[-98.1319,68.3509],[-98.1166,68.305],[-98.1849,68.3038],[-98.292,68.3769],[-98.2714,68.3489],[-98.3446,68.3934],[-98.3334,68.3751],[-98.3956,68.371],[-98.4773,68.4289],[-98.4997,68.389],[-98.4193,68.3485],[-98.5074,68.3901],[-98.4789,68.3339],[-98.5232,68.3717],[-98.5428,68.3533],[-98.6783,68.3986],[-98.6461,68.336],[-98.4529,68.2437],[-98.5285,68.2445],[-98.4781,68.2049],[-98.2889,68.1816],[-98.2988,68.1388],[-98.2695,68.1195],[-98.3116,68.1173],[-98.2773,68.1002],[-98.3555,68.0838],[-98.4149,68.1338],[-98.3872,68.1597],[-98.4239,68.1955],[-98.4961,68.1675],[-98.4867,68.1471],[-98.5624,68.1614],[-98.0849,67.8371],[-98.0385,67.8287],[-98.0461,67.9207],[-97.965,67.952],[-97.9715,67.9902],[-97.9195,67.9259],[-97.8072,67.9951],[-97.7486,67.9676],[-97.7543,68.0014],[-97.7251,68.0011],[-97.7485,67.9886],[-97.6756,67.9668],[-97.6945,67.9947],[-97.6453,67.9905],[-97.6594,68.0213],[-97.6349,68.0246],[-97.3552,67.8735],[-97.2449,67.8908],[-97.2074,67.9505],[-97.1879,67.8637],[-97.1291,67.8506],[-97.0784,67.7835],[-97.1847,67.7334],[-97.1792,67.7045],[-97.0116,67.7858],[-97.0983,67.7142],[-97.0165,67.6935],[-97.0245,67.6748],[-97.1381,67.6852],[-97.5433,67.6001],[-97.6404,67.6539],[-97.7071,67.6436],[-97.7464,67.6847],[-97.9224,67.6928],[-97.8929,67.6961],[-97.9628,67.7131],[-97.9485,67.7444],[-98.0144,67.7674],[-98.1176,67.7381],[-98.064,67.7657],[-98.0926,67.7614],[-98.1857,67.8751],[-98.2383,67.8681],[-98.2446,67.9061],[-98.2046,67.9215],[-98.6532,68.1296],[-98.5833,68.091],[-98.7205,68.0776],[-98.7309,68.0431],[-98.6942,68.016],[-98.7158,68.0145],[-98.699,67.9709],[-98.6292,67.9339],[-98.7079,67.9548],[-98.5196,67.8692],[-98.4183,67.8746],[-98.3023,67.7667],[-98.3455,67.794],[-98.6193,67.7789],[-98.6986,67.816],[-98.6804,67.7846],[-98.7259,67.7524],[-98.7942,67.7411],[-98.8339,67.7713],[-98.8826,67.7496],[-98.8998,67.7009],[-98.8681,67.6756],[-98.9805,67.7315],[-99.0148,67.7102],[-99.0,67.6945],[-99.0164,67.731],[-99.0899,67.7532],[-99.1187,67.7434],[-99.1115,67.7094],[-99.1604,67.7341],[-99.1804,67.7059],[-99.271,67.7585],[-99.2637,67.6999],[-99.3005,67.7755],[-99.3517,67.7652],[-99.319,67.752],[-99.3384,67.7419],[-99.3598,67.7844],[-99.4175,67.8024],[-99.4377,67.7874],[-99.3751,67.7626],[-99.4782,67.8073],[-99.6014,67.7854],[-99.6415,67.8172],[-99.7083,67.8053],[-99.7496,67.8401],[-99.7637,67.8051],[-99.8151,67.8009],[-99.8755,67.8285],[-99.9309,67.8033],[-100.3863,67.8521],[-100.5421,67.8083],[-100.5795,67.8463],[-100.6789,67.8276],[-100.6475,67.8529],[-100.6775,67.8537],[-100.7141,67.8238],[-100.689,67.8159],[-100.885,67.7996],[-100.8767,67.7624],[-101.0932,67.7353],[-101.0517,67.7618],[-101.0684,67.7977],[-101.1418,67.752],[-101.2154,67.7855],[-101.2013,67.7474],[-101.2379,67.722],[-101.2968,67.7387],[-101.3229,67.7319],[-101.3038,67.7101],[-101.3399,67.7118],[-101.401,67.7428],[-101.4114,67.7126],[-101.3627,67.711],[-101.3841,67.6842],[-101.4585,67.7059],[-101.5288,67.6701],[-101.63,67.7183],[-101.6898,67.6893],[-101.7221,67.7425],[-101.8116,67.6985],[-101.8449,67.7322],[-101.7894,67.7531],[-101.9054,67.7437],[-101.9267,67.7605],[-101.905,67.7861],[-101.9358,67.801],[-101.9758,67.7852],[-101.9663,67.7509],[-102.059,67.7334],[-102.1291,67.7736],[-102.2145,67.7036],[-102.4234,67.7889],[-102.7864,67.8218],[-102.9404,67.9185],[-103.0716,67.8939],[-103.0964,67.9601],[-103.1874,67.9543],[-103.2751,68.0107],[-103.3529,68.0086],[-103.3449,68.0435],[-103.3769,68.0534],[-103.3574,68.0919],[-103.3868,68.1012],[-103.303,68.1036],[-103.4376,68.1664],[-103.5264,68.1091],[-103.4925,68.0734],[-103.5605,68.0543],[-103.6721,68.0875],[-103.6794,68.0501],[-103.786,68.0249],[-104.0552,68.051],[-104.15,68.011],[-104.3472,68.0518],[-104.474,68.0224],[-104.5194,68.0564],[-104.4939,68.0806],[-104.5537,68.0919],[-104.5721,68.134],[-104.5469,68.148],[-104.6484,68.146],[-104.5684,68.2166],[-104.5694,68.254],[-104.7741,68.2343],[-104.7932,68.2693],[-104.9005,68.2347],[-105.0238,68.2824],[-105.0588,68.2688],[-105.104,68.2888],[-105.0811,68.313],[-105.2003,68.3194],[-105.3267,68.3773],[-105.2988,68.4081],[-105.3449,68.4035],[-105.3007,68.4306],[-105.4032,68.4092],[-105.3608,68.4533],[-105.5346,68.4075],[-105.4706,68.4462],[-105.4959,68.4606],[-105.4327,68.4639],[-105.4478,68.5003],[-105.4047,68.4901],[-105.4341,68.4897],[-105.4195,68.471],[-105.3527,68.4908],[-105.2726,68.461],[-105.2773,68.4934],[-105.323,68.5],[-105.3019,68.5185],[-105.3841,68.5072],[-105.4152,68.5408],[-105.3863,68.5699],[-105.5445,68.6948],[-105.4837,68.69],[-105.5034,68.7041],[-105.4285,68.7208],[-105.4484,68.7465],[-105.766,68.8824],[-105.9626,68.8904],[-106.1759,68.9452],[-106.6503,68.8173],[-106.798,68.8182],[-107.2762,68.7029],[-108.3551,68.6035],[-108.5575,68.4203],[-108.7302,68.3469],[-108.7123,68.3048],[-108.8063,68.2634],[-108.735,68.234],[-108.549,68.2539],[-108.4102,68.3379],[-108.2587,68.3557],[-108.4321,68.3161],[-108.4025,68.3028],[-108.4209,68.2785],[-108.3618,68.3027],[-108.3524,68.2693],[-108.4276,68.1888],[-108.3591,68.1743],[-108.3835,68.2245],[-108.3006,68.2534],[-108.3213,68.234],[-108.2786,68.2088],[-108.326,68.168],[-108.2715,68.1698],[-108.3273,68.1342],[-108.362,68.1384],[-108.3357,68.1638],[-108.3935,68.1627],[-108.3759,68.1233],[-108.1196,68.1817],[-107.9672,68.1708],[-107.9909,68.1429],[-107.7526,68.184],[-107.5645,68.1655],[-107.7211,68.2062],[-107.7144,68.2378],[-107.8975,68.2773],[-107.8322,68.2801],[-107.8686,68.3083],[-107.7997,68.3491],[-107.5324,68.3581],[-107.4143,68.3169],[-107.2808,68.3133],[-107.2896,68.3336],[-107.2223,68.262],[-107.1245,68.2724],[-107.1019,68.2874],[-107.1179,68.3141],[-106.969,68.3724],[-106.9898,68.4313],[-106.9002,68.4232],[-106.9713,68.4065],[-106.9395,68.3626],[-106.9195,68.3852],[-106.7747,68.3705],[-106.7975,68.3949],[-106.7641,68.4174],[-106.6876,68.378],[-106.7086,68.3527],[-106.6219,68.3719],[-106.6389,68.3545],[-106.6017,68.316],[-106.5157,68.2936],[-106.4999,68.3132],[-106.5506,68.3575],[-106.4393,68.4086],[-106.5668,68.4291],[-106.5551,68.4458],[-106.6154,68.4748],[-106.5241,68.4753],[-106.543,68.4576],[-106.4968,68.4476],[-106.443,68.4677],[-106.4506,68.4904],[-106.556,68.5025],[-106.3715,68.5094],[-106.5647,68.5296],[-106.1235,68.5699],[-106.16,68.5765],[-105.8841,68.643],[-105.771,68.6378],[-105.8082,68.6254],[-105.7713,68.6102],[-105.6189,68.6373],[-105.6557,68.629],[-105.6484,68.5899],[-105.6861,68.6064],[-105.6821,68.5835],[-105.7697,68.5528],[-105.7147,68.5396],[-105.7549,68.5382],[-105.7036,68.5067],[-105.7072,68.5397],[-105.6564,68.5261],[-105.6863,68.525],[-105.6643,68.4906],[-105.7331,68.4142],[-105.7776,68.4114],[-105.7946,68.4661],[-105.8403,68.4346],[-105.817,68.4204],[-105.9333,68.4259],[-105.9816,68.3884],[-106.0467,68.4181],[-106.2137,68.33],[-106.1317,68.3776],[-106.2032,68.4],[-106.326,68.3372],[-106.426,68.3415],[-106.4516,68.3147],[-106.4176,68.3271],[-106.4021,68.2973],[-106.4491,68.3021],[-106.4363,68.2774],[-106.4891,68.2381],[-106.3208,68.1871],[-106.4105,68.1653],[-106.4224,68.1955],[-106.5917,68.2575],[-106.6199,68.1751],[-106.6947,68.1996],[-106.6617,68.2275],[-106.7796,68.2322],[-106.7046,68.1314],[-106.7396,68.144],[-106.7164,68.1172],[-106.7388,68.1091],[-106.6981,68.0986],[-106.8025,68.1304],[-106.8418,68.1281],[-106.8292,68.1075],[-106.951,68.1202],[-106.921,68.091],[-107.0167,68.1144],[-107.1236,68.0847],[-107.089,68.1288],[-107.1184,68.1366],[-107.2828,68.0561],[-107.6705,68.0539],[-107.6777,68.0272],[-107.7351,68.0252],[-107.7014,68.0148],[-107.7408,68.0122],[-107.7048,67.9956],[-107.7429,67.9729],[-107.6347,67.9641],[-107.6547,67.9391],[-107.5789,67.9101],[-107.6411,67.9311],[-107.8184,67.8616],[-107.9308,67.8671],[-108.0243,67.7759],[-107.962,67.6909],[-107.8382,67.6625],[-107.6576,67.5679],[-107.6783,67.5439],[-107.5669,67.5023],[-107.6325,67.4609],[-107.6166,67.3991],[-107.7076,67.404],[-107.6253,67.3257],[-107.5932,67.342],[-107.5792,67.2637],[-107.5261,67.2689],[-107.5604,67.2421],[-107.5223,67.2068],[-107.351,67.1331],[-107.3269,67.1632],[-107.2746,67.1303],[-107.0,67.1466],[-107.2732,67.115],[-107.2196,67.0813],[-107.3862,67.0795],[-107.3096,67.0331],[-107.4285,67.0616],[-107.1895,66.9707],[-107.1819,66.9292],[-107.1124,66.8878],[-107.1433,66.8699],[-107.063,66.8149],[-107.1384,66.8315],[-107.1808,66.8941],[-107.4323,66.9855],[-107.3687,66.9109],[-107.4944,66.8787],[-107.3861,66.8187],[-107.4721,66.8619],[-107.4998,66.8412],[-107.4692,66.8326],[-107.5575,66.8403],[-107.4989,66.8739],[-107.5787,66.9061],[-107.5784,66.8692],[-107.6801,66.9637],[-107.572,66.916],[-107.4605,66.9218],[-107.5191,66.9841],[-107.4919,66.9905],[-107.5075,67.0267],[-107.6358,67.0794],[-107.6561,67.0723],[-107.606,66.9633],[-107.75,67.0066],[-107.7604,66.9508],[-107.6849,66.8676],[-107.6691,66.7585],[-107.7869,66.7705],[-107.6297,66.7032],[-107.5304,66.6297],[-107.5292,66.5754],[-107.2474,66.4358],[-107.1353,66.3397],[-107.2082,66.3455],[-107.4832,66.5353],[-107.541,66.5561],[-107.5249,66.5341],[-107.5583,66.5294],[-107.702,66.6101],[-107.7228,66.6323],[-107.6644,66.6385],[-107.858,66.7707],[-107.8229,66.7239],[-107.8643,66.6815],[-107.82,66.662],[-107.8713,66.6711],[-107.9447,66.733],[-107.9206,66.7292],[-107.9163,66.7856],[-107.9752,66.8215],[-107.9599,66.839],[-108.0713,66.8238],[-108.0943,66.792],[-108.0319,66.7859],[-108.0319,66.7629],[-108.1642,66.843],[-108.2994,66.8702],[-108.2143,66.8614],[-108.193,66.89],[-108.2224,66.8585],[-108.0972,66.8512],[-108.1069,66.8961],[-108.0791,66.9206],[-108.1544,66.9736],[-108.3336,66.9914],[-108.3625,67.0367],[-108.4537,67.0696],[-108.4574,67.0356],[-108.5017,67.0275],[-108.6063,67.153],[-108.5645,67.1601],[-108.4614,67.0928],[-108.1702,67.004],[-108.1828,67.0514],[-108.1186,67.0516],[-108.1252,67.0822],[-108.041,67.0507],[-107.9826,67.0881],[-107.8534,67.0423],[-107.897,67.1376],[-107.8612,67.1424],[-107.9632,67.2832],[-108.246,67.3786],[-108.2693,67.4156],[-108.2835,67.3613],[-108.2387,67.3108],[-108.3392,67.3174],[-108.3267,67.3399],[-108.3897,67.3635],[-108.3097,67.3807],[-108.3278,67.4088],[-108.2776,67.3824],[-108.3039,67.4298],[-108.3749,67.4499],[-108.4187,67.434],[-108.394,67.4148],[-108.4318,67.3959],[-108.406,67.3599],[-108.4716,67.3471],[-108.5173,67.4559],[-108.498,67.4938],[-108.5648,67.5701],[-108.5563,67.5988],[-108.6638,67.6405],[-108.6994,67.613],[-108.7128,67.4579],[-108.7674,67.3617],[-108.834,67.3533],[-108.8576,67.4154],[-108.9179,67.3987],[-108.8928,67.4323],[-108.96,67.437],[-109.0,67.4864],[-108.8787,67.5349],[-108.9357,67.548],[-108.9675,67.6641],[-109.0467,67.7178],[-109.0162,67.7227],[-109.3867,67.7313],[-109.4049,67.7487],[-109.3508,67.7634],[-109.3896,67.773],[-109.4829,67.7438],[-109.4958,67.6932],[-109.7012,67.7174],[-109.7188,67.7447],[-109.5968,67.737],[-109.7179,67.7705],[-109.7123,67.7983],[-109.648,67.8035],[-109.7536,67.8273],[-109.8003,67.8748],[-109.9454,67.8939],[-109.9633,67.8827],[-109.8955,67.8507],[-109.9738,67.8519],[-109.9482,67.9454],[-110.0365,68.0111],[-110.177,68.0022],[-110.0274,67.9734],[-110.1899,67.9722],[-110.0953,67.9149],[-110.1987,67.9254],[-110.1648,67.9228],[-110.2109,67.9761],[-110.2344,67.9696],[-110.2038,67.9531],[-110.2932,67.9703],[-110.2741,67.9639],[-110.3361,67.9608],[-110.2874,67.9404],[-110.4499,67.9402],[-110.4933,67.9215],[-110.463,67.9129],[-110.6583,67.8818],[-110.9614,67.7735],[-111.0531,67.7605],[-111.0401,67.7884],[-111.0698,67.79],[-111.195,67.7534],[-111.1354,67.7956],[-111.2237,67.7918],[-111.1163,67.8342],[-111.2002,67.838],[-111.3434,67.7949],[-111.3763,67.7572],[-111.3547,67.7355],[-111.4807,67.7197],[-111.4436,67.7559],[-111.4846,67.7661],[-111.5733,67.745],[-111.5256,67.709],[-111.7828,67.7543],[-111.7713,67.7364],[-111.7957,67.7622],[-111.9051,67.7552],[-111.8753,67.7367],[-111.8966,67.7138],[-111.8379,67.7007],[-111.8721,67.6794],[-111.9679,67.683],[-111.943,67.7122],[-111.9718,67.7532],[-112.342,67.7379],[-112.3024,67.6957],[-112.4319,67.6803],[-112.9925,67.6713],[-113.2678,67.7139],[-113.6978,67.6876],[-114.0199,67.7322],[-114.3054,67.7269],[-114.4318,67.75],[-114.4182,67.7647],[-114.4997,67.7883],[-114.485,67.802],[-114.626,67.7795],[-114.7336,67.8228],[-114.9943,67.7935],[-115.0693,67.8108],[-114.986,67.8213],[-115.0492,67.8167],[-115.0289,67.8324],[-115.165,67.825],[-115.2777,67.8557],[-115.2112,67.8692],[-115.2842,67.8719],[-115.2085,67.8953],[-115.3669,67.8762],[-115.5608,67.9226],[-115.0922,68.0074],[-115.2257,68.0306],[-115.2157,68.0957],[-115.1414,68.1426],[-115.2458,68.1905],[-114.8939,68.1496],[-114.8078,68.1878],[-114.7269,68.1816],[-114.8829,68.2635],[-115.0228,68.2906],[-114.6714,68.2398],[-114.443,68.2642],[-114.3198,68.2281],[-114.2254,68.233],[-114.2359,68.2597],[-114.0,68.2406],[-114.0466,68.295],[-113.9356,68.3531],[-113.9576,68.3841],[-113.8925,68.4017],[-113.9691,68.4373],[-113.9908,68.4196],[-113.9724,68.3987],[-114.0548,68.3886],[-114.1222,68.4301],[-114.0354,68.4386],[-114.1044,68.528],[-114.4303,68.6238],[-114.4508,68.6385],[-114.4196,68.6452],[-114.475,68.665],[-114.4491,68.6864],[-114.5422,68.7284],[-114.7675,68.75],[-114.7361,68.7591],[-114.8208,68.7862],[-114.7677,68.8016],[-114.985,68.8528],[-114.9475,68.8581],[-114.9725,68.8693],[-115.0759,68.8808],[-115.0614,68.8589],[-115.0919,68.8532],[-115.5991,68.9814],[-115.9219,69.0139],[-115.7636,68.9551],[-115.8745,68.9333],[-116.2119,68.9925],[-116.3297,68.9572],[-115.9278,68.8232],[-115.9646,68.8057],[-116.3924,68.8909],[-116.5036,68.8641],[-116.6406,68.862],[-116.789,68.9024],[-116.8282,68.8842],[-116.9568,68.9454],[-116.9945,68.9421],[-116.9674,68.9063],[-117.1639,68.8998],[-117.3852,68.9642],[-117.9794,69.0158],[-118.4731,69.1291],[-118.6975,69.2338],[-119.2383,69.3037],[-120.0015,69.3537],[-120.3835,69.4368],[-120.7248,69.5738],[-120.6056,68.6234],[-120.5907,68.2491],[-120.6308,67.78],[-118.5942,67.1989],[-117.0655,66.9292],[-115.0127,66.287],[-112.5834,65.4471],[-110.5384,65.4458],[-108.8379,64.7321],[-105.0178,64.4774],[-102.0,64.1891],[-102.0,60.0],[-94.8244,60.0],[-94.7669,60.0811],[-94.7093,60.0991],[-94.7599,60.1715],[-94.7315,60.1894],[-94.7624,60.1788],[-94.7186,60.196],[-94.7462,60.2476],[-94.6454,60.3807],[-94.71,60.4689],[-94.6734,60.4835],[-94.6967,60.5153],[-94.5642,60.5295],[-94.5409,60.6012],[-94.5713,60.6121],[-94.5346,60.6107],[-94.4298,60.6996],[-94.4445,60.7445],[-94.3783,60.796],[-94.4183,60.808],[-94.3756,60.8012],[-94.4173,60.8129],[-94.3678,60.8064],[-94.3504,60.8277],[-94.3732,60.8453],[-94.2282,60.8853],[-94.1738,61.0427],[-94.1364,61.0541],[-94.1899,61.059],[-93.9797,61.0957],[-94.1143,61.1355],[-93.9671,61.1342],[-94.1188,61.1645],[-94.0044,61.1638],[-94.0772,61.1764],[-94.0133,61.206],[-94.0474,61.2416],[-94.0282,61.2564],[-94.0971,61.3099],[-93.9732,61.2867],[-93.7987,61.3364],[-93.8635,61.3853],[-93.9944,61.3802],[-93.9383,61.3871],[-94.0,61.3956],[-93.9703,61.4118],[-93.9244,61.4033],[-93.9804,61.4156],[-93.9662,61.4438],[-93.9911,61.457],[-93.8297,61.5526],[-93.8638,61.5802],[-93.777,61.5515],[-93.7611,61.5834],[-93.532,61.6804],[-93.2781,61.7245],[-93.4849,61.7378],[-93.458,61.7081],[-93.6111,61.7076],[-93.6628,61.7485],[-93.6189,61.7506],[-93.8082,61.8115],[-93.8416,61.8007],[-93.8008,61.7816],[-93.8495,61.7912],[-93.8605,61.8277],[-93.425,61.7213],[-93.4805,61.7683],[-93.3125,61.7327],[-93.2596,61.7345],[-93.2834,61.7555],[-93.2484,61.7623],[-93.4183,61.8004],[-93.3728,61.7834],[-93.4121,61.7776],[-93.5374,61.8465],[-93.6924,61.8537],[-93.73,61.8748],[-93.6078,61.8752],[-93.75,61.9565],[-93.8235,61.9524],[-93.8304,61.98],[-93.6075,61.8781],[-93.484,61.8778],[-93.638,61.9577],[-93.4838,61.926],[-93.5276,61.9519],[-93.3301,61.8758],[-93.2768,61.8919],[-93.4251,61.9536],[-93.196,61.9435],[-93.3271,62.0199],[-93.4524,62.0499],[-93.2379,62.0384],[-93.2468,62.0032],[-93.1579,61.9709],[-93.1017,61.9814],[-93.1842,62.0513],[-93.0705,62.042],[-93.1124,62.0828],[-92.987,62.0669],[-92.9601,62.1015],[-93.1275,62.1092],[-93.1419,62.1441],[-93.0747,62.1429],[-93.2736,62.1773],[-93.0251,62.1605],[-93.2088,62.2136],[-92.9688,62.1588],[-93.0446,62.1997],[-92.9,62.1877],[-92.9336,62.2058],[-92.8861,62.203],[-92.8941,62.2213],[-92.7765,62.1713],[-92.7962,62.1975],[-92.759,62.2195],[-92.7861,62.2296],[-92.7398,62.2236],[-92.846,62.2781],[-93.2158,62.3405],[-93.2647,62.3738],[-93.425,62.3955],[-93.4539,62.3917],[-93.4143,62.3696],[-93.5381,62.3726],[-93.6356,62.4092],[-93.4681,62.4007],[-93.5298,62.4425],[-93.4081,62.3958],[-93.5006,62.4589],[-93.351,62.4202],[-93.4085,62.4368],[-93.4614,62.5],[-93.3314,62.3912],[-93.4171,62.4136],[-93.3878,62.3805],[-93.2948,62.3893],[-93.3121,62.3762],[-92.7925,62.2903],[-92.7499,62.3068],[-92.6392,62.2677],[-92.6657,62.2685],[-92.6391,62.2439],[-92.6572,62.2305],[-92.5775,62.1982],[-92.5984,62.1453],[-92.5299,62.166],[-92.5372,62.1987],[-92.4782,62.1578],[-92.5432,62.2348],[-92.602,62.2511],[-92.5459,62.2567],[-92.5515,62.3149],[-92.7791,62.3676],[-92.6619,62.3899],[-92.7519,62.4016],[-92.6982,62.4064],[-92.7375,62.4496],[-92.7703,62.442],[-92.7374,62.4831],[-92.5448,62.4561],[-92.5565,62.4128],[-92.6403,62.4298],[-92.5865,62.3895],[-92.3583,62.4015],[-92.3058,62.3886],[-92.342,62.3598],[-92.277,62.3551],[-92.0733,62.3801],[-92.1701,62.3626],[-92.1779,62.3908],[-92.0908,62.4137],[-92.1881,62.4216],[-92.1596,62.4009],[-92.2265,62.3965],[-92.3854,62.4311],[-92.3261,62.4078],[-92.3659,62.3951],[-92.5442,62.4515],[-92.5045,62.451],[-92.5714,62.4805],[-92.5123,62.4777],[-92.579,62.4921],[-92.4959,62.4939],[-92.7188,62.6773],[-92.5676,62.5874],[-92.5942,62.5849],[-92.4498,62.5281],[-92.3079,62.5335],[-92.343,62.5697],[-92.2237,62.562],[-92.2746,62.5858],[-92.2296,62.5908],[-92.1666,62.5677],[-92.1875,62.5486],[-92.1646,62.5361],[-91.9471,62.5206],[-91.9727,62.5515],[-91.9006,62.5535],[-91.9071,62.573],[-91.8529,62.5741],[-91.8668,62.6071],[-91.8305,62.6053],[-91.9208,62.6444],[-91.8905,62.6537],[-91.9942,62.6408],[-92.3058,62.7062],[-92.428,62.7961],[-92.4117,62.8304],[-92.3245,62.8475],[-92.2957,62.8199],[-92.2992,62.8477],[-92.1189,62.7846],[-92.158,62.8086],[-92.056,62.804],[-92.1366,62.8486],[-92.0989,62.8624],[-92.2057,62.9153],[-92.0971,62.8607],[-91.8778,62.8241],[-91.3534,62.7922],[-91.3939,62.8327],[-91.2448,62.8375],[-91.1757,62.8689],[-91.1961,62.8903],[-91.0624,62.9047],[-91.0337,62.9356],[-90.7994,62.9161],[-90.822,62.927],[-90.6941,62.9683],[-90.7516,62.9853],[-90.6744,62.9991],[-90.7081,63.0188],[-90.6485,63.0247],[-90.6503,63.0569],[-90.626,63.051],[-90.6493,63.0622],[-90.6206,63.0708],[-90.6438,63.0815],[-90.6173,63.0814],[-90.6988,63.1358],[-90.6341,63.1322],[-90.6644,63.1527],[-90.6329,63.1635],[-90.6971,63.1866],[-90.6874,63.2228],[-90.7472,63.2518],[-90.6924,63.2634],[-90.7508,63.299],[-90.6932,63.2975],[-90.7623,63.3222],[-90.6611,63.3333],[-90.6725,63.3559],[-90.9303,63.3856],[-90.9793,63.4259],[-90.7587,63.3783],[-90.9394,63.427],[-91.0002,63.4733],[-91.0634,63.4433],[-91.2734,63.5035],[-91.3781,63.4707],[-91.3808,63.5116],[-91.5029,63.5423],[-91.5117,63.5764],[-91.6884,63.5605],[-91.6303,63.5857],[-91.7075,63.6429],[-91.6143,63.6117],[-91.5964,63.6401],[-91.7297,63.712],[-91.859,63.7138],[-92.0436,63.6667],[-92.0328,63.6264],[-92.2016,63.6113],[-92.2127,63.5545],[-92.2696,63.5657],[-92.2221,63.5297],[-92.3049,63.5729],[-92.3869,63.5384],[-92.2872,63.4707],[-92.2511,63.5209],[-92.2235,63.5069],[-92.2679,63.479],[-92.2621,63.4295],[-92.1827,63.3948],[-92.2053,63.3944],[-92.3113,63.417],[-92.3036,63.4503],[-92.3321,63.4628],[-92.3012,63.4732],[-92.3863,63.5396],[-92.4898,63.5445],[-92.463,63.5111],[-92.6105,63.5383],[-92.4949,63.5453],[-92.5111,63.5622],[-92.4691,63.5403],[-92.4221,63.5623],[-92.4429,63.584],[-92.3716,63.5722],[-92.3336,63.5937],[-92.3581,63.6334],[-92.3132,63.6091],[-92.1212,63.6386],[-92.2699,63.6678],[-92.0941,63.6819],[-92.2396,63.7227],[-92.2376,63.745],[-92.4223,63.7128],[-92.3982,63.6913],[-92.4441,63.7208],[-92.3773,63.7255],[-92.5034,63.8133],[-92.6092,63.7589],[-92.7987,63.8331],[-93.1025,63.8643],[-93.135,63.9023],[-93.1988,63.8936],[-93.365,63.9672],[-93.446,63.9512],[-93.4173,63.9164],[-93.4478,63.9166],[-93.4078,63.8983],[-93.4254,63.8871],[-93.2439,63.8189],[-93.6341,63.8545],[-93.6558,63.8789],[-93.6101,63.8823],[-93.7168,63.9536],[-93.6624,63.9815],[-93.5302,63.9791],[-93.536,64.0209],[-93.6742,64.0885],[-93.6684,64.1312],[-93.9036,64.25],[-93.6504,64.1401],[-93.6176,64.0883],[-93.522,64.0669],[-93.4507,63.9994],[-93.2163,63.9727],[-93.0926,63.9202],[-92.9586,63.9414],[-92.928,63.8937],[-92.7399,63.8874],[-92.7518,63.8578],[-92.7128,63.8365],[-92.515,63.8331],[-92.3763,63.7686],[-92.0402,63.744],[-92.1012,63.7915],[-91.971,63.7362],[-91.7153,63.735],[-91.7319,63.7614],[-91.6803,63.7672],[-91.6664,63.8071],[-91.6895,63.8349],[-91.6419,63.8548],[-91.7025,63.8628],[-91.5911,63.8614],[-91.5,63.9352],[-91.5576,63.8995],[-91.5466,63.8693],[-91.6705,63.8299],[-91.6358,63.8107],[-91.6787,63.7964],[-91.6837,63.7239],[-91.5566,63.707],[-91.5563,63.7378],[-91.4288,63.6913],[-91.4071,63.7191],[-91.378,63.6956],[-91.4175,63.6858],[-91.3771,63.6474],[-91.2888,63.6579],[-91.2197,63.6137],[-91.1229,63.6352],[-91.1336,63.6179],[-91.0827,63.6027],[-91.0356,63.6223],[-90.9655,63.5747],[-90.9233,63.5816],[-90.9585,63.5482],[-90.9312,63.5266],[-90.9469,63.5499],[-90.816,63.5005],[-90.6674,63.5103],[-90.7352,63.5574],[-90.8027,63.5501],[-90.7704,63.5238],[-90.9253,63.5633],[-90.706,63.5751],[-90.782,63.6469],[-90.7052,63.5779],[-90.4939,63.6119],[-90.557,63.6204],[-90.6012,63.6825],[-90.6272,63.6723],[-90.6113,63.6511],[-90.721,63.6498],[-90.6498,63.6592],[-90.6562,63.6991],[-90.4314,63.6586],[-90.5584,63.66],[-90.4515,63.6392],[-90.508,63.6285],[-90.4626,63.5999],[-90.3069,63.6203],[-90.4008,63.6482],[-90.3467,63.659],[-90.2525,63.6299],[-90.3036,63.6319],[-90.3028,63.6093],[-90.2161,63.6048],[-90.2076,63.6289],[-90.1421,63.628],[-90.1874,63.6521],[-90.1467,63.6578],[-90.1463,63.708],[-90.0441,63.7206],[-90.0771,63.7245],[-90.0606,63.7538],[-90.0943,63.7505],[-90.0622,63.7647],[-90.1348,63.7857],[-90.0078,63.7943],[-90.104,63.8403],[-89.9988,63.7992],[-90.004,63.7724],[-89.9628,63.8022],[-90.0053,63.8441],[-90.1304,63.8749],[-90.0956,63.8771],[-90.1651,63.9197],[-90.0994,63.9211],[-90.1895,63.9813],[-90.3025,64.0117],[-90.1681,63.9981],[-90.1328,63.9552],[-90.0903,63.978],[-90.0708,63.9463],[-90.0248,63.9503],[-90.0563,63.9879],[-89.9715,63.9774],[-89.9575,63.9608],[-89.9995,63.9718],[-89.9381,63.9514],[-90.0195,63.9266],[-89.942,63.905],[-89.9538,63.9223],[-89.9067,63.9354],[-89.8232,63.9228],[-89.8253,63.9821],[-89.9591,63.9961],[-89.8816,63.9954],[-89.9323,64.0189],[-89.9208,64.036],[-89.8338,64.0193],[-89.8737,64.0607],[-89.9426,64.0595],[-89.9499,64.0969],[-89.9132,64.096],[-89.9514,64.1319],[-90.0099,64.1217],[-89.9646,64.1009],[-90.0195,64.1005],[-90.0989,64.1368],[-90.0181,64.1248],[-89.9816,64.1643],[-89.7902,64.1371],[-89.7825,64.1636],[-89.8865,64.1972],[-89.7819,64.1863],[-89.8093,64.2378],[-89.7666,64.2498],[-89.7941,64.2336],[-89.7645,64.2329],[-89.7158,64.1346],[-89.8192,64.1249],[-89.7065,64.0654],[-89.6918,64.0434],[-89.7318,64.0484],[-89.7157,64.0343],[-89.6732,64.0436],[-89.7252,64.1013],[-89.6746,64.095],[-89.6724,64.0621],[-89.5112,63.9731],[-89.5618,64.0338],[-89.5496,64.0955],[-89.5082,64.0381],[-89.5056,64.0824],[-89.4499,64.0258],[-89.3897,64.0487],[-89.2252,63.957],[-89.291,64.0312],[-89.1993,63.9594],[-89.1561,63.9875],[-89.1766,63.9665],[-89.137,63.9484],[-89.0869,63.9603],[-89.137,64.0058],[-89.0701,63.9772],[-89.1892,64.0566],[-89.2237,64.115],[-89.0757,64.0158],[-89.0926,64.0375],[-88.7609,63.9815],[-88.6193,64.0191],[-88.6622,64.0376],[-88.5543,64.0324],[-88.6215,64.0591],[-88.4684,64.047],[-88.5078,64.0683],[-88.4103,64.0841],[-88.6418,64.1242],[-88.3422,64.0998],[-88.1929,64.1706],[-88.1136,64.145],[-88.1346,64.1591],[-88.0391,64.1836],[-88.0708,64.1983],[-88.0123,64.2222],[-88.0912,64.2559],[-88.0349,64.25],[-88.0105,64.2937],[-87.8511,64.3722],[-87.8666,64.4235],[-87.8071,64.5102],[-87.5512,64.5687],[-87.5623,64.5971],[-87.5033,64.6211],[-87.5278,64.6248],[-87.4945,64.6744],[-87.5225,64.7184],[-87.4821,64.7367],[-87.5107,64.7476],[-87.4564,64.7471],[-87.4643,64.7003],[-87.4048,64.705],[-87.3285,64.7751],[-87.2955,64.7469],[-87.3086,64.7893],[-87.2423,64.8771],[-87.1749,64.9349],[-87.0515,64.9608],[-87.1259,65.005],[-86.9752,65.0445],[-86.9931,65.0681],[-86.969,65.0771],[-87.0051,65.1012],[-86.9234,65.1391],[-86.9456,65.1717],[-87.0246,65.1835],[-87.0123,65.2394],[-87.588,65.2718],[-87.5533,65.2924],[-87.7541,65.281],[-87.6613,65.2495],[-88.003,65.2836],[-88.0208,65.2634],[-87.988,65.2305],[-88.0909,65.2793],[-88.3072,65.2728],[-88.9521,65.34],[-89.0366,65.3233],[-89.1333,65.382],[-89.1643,65.4397],[-89.3399,65.4893],[-89.435,65.5623],[-89.4254,65.5981],[-89.5763,65.6412],[-89.6824,65.7171],[-90.0024,65.8088],[-90.4701,65.881],[-90.194,65.8629],[-90.034,65.8942],[-89.7092,65.8344],[-89.8167,65.8884],[-89.6916,65.8621],[-89.7765,65.9035],[-89.9993,65.937],[-89.7089,65.9328],[-89.8645,66.0],[-89.8392,66.0],[-89.4867,65.8844],[-89.5119,65.8701],[-89.461,65.8522],[-89.4425,65.8769],[-89.3884,65.8648],[-89.0252,65.7037],[-88.9129,65.6851],[-88.826,65.7083],[-88.3915,65.6287],[-88.8447,65.6482],[-88.5514,65.5903],[-88.2451,65.4463],[-88.2171,65.4031],[-88.0176,65.3446],[-87.35,65.3201],[-87.3688,65.3286],[-87.1498,65.3779],[-87.1647,65.4094],[-87.0631,65.3954],[-87.0519,65.4184],[-87.1026,65.4506],[-86.9427,65.5161],[-86.9748,65.5445],[-86.8083,65.5574],[-86.607,65.6664],[-86.5191,65.6568],[-86.5331,65.677],[-86.4718,65.7006],[-86.4906,65.7277],[-86.4311,65.7772],[-86.4842,65.7902],[-86.3942,65.8582],[-86.4173,65.8659],[-86.4036,65.9006],[-86.2268,65.9255],[-86.1896,65.9803],[-85.9625,66.0302],[-85.9845,66.0471],[-85.9492,66.0606],[-85.9927,66.1046],[-85.8597,66.1595],[-85.8973,66.1972],[-86.3182,66.2866],[-86.6254,66.3198],[-86.7869,66.4463],[-86.6103,66.437],[-86.7159,66.4807],[-86.75,66.5168],[-86.7251,66.5237],[-86.7694,66.5398],[-86.616,66.4995],[-86.6251,66.5185],[-86.5486,66.5191],[-86.5656,66.5606],[-86.3182,66.5084],[-86.3796,66.5374],[-86.3176,66.5336],[-86.3522,66.5511],[-86.3303,66.5564],[-86.251,66.5226],[-86.2856,66.5521],[-86.2019,66.5121],[-86.2171,66.5527],[-86.0802,66.4946],[-86.0287,66.4929],[-86.0576,66.5261],[-86.0074,66.4961],[-86.0055,66.5169],[-85.9547,66.4969],[-85.9851,66.5141],[-85.8817,66.5211],[-85.7882,66.4991],[-85.6051,66.5535],[-85.6704,66.5772],[-85.5595,66.5606],[-85.4266,66.5993],[-85.3832,66.5211],[-85.3013,66.4716],[-85.3034,66.385],[-85.2388,66.2691],[-85.1488,66.2537],[-85.1604,66.2743],[-85.0951,66.294],[-85.1092,66.3447],[-85.0699,66.2778],[-84.9301,66.2319],[-84.8947,66.2651],[-84.832,66.2591],[-84.7408,66.2089],[-84.555,66.2192],[-84.4597,66.1623],[-84.3296,66.1549],[-84.3585,66.2186],[-84.5154,66.3116],[-84.6311,66.3243],[-84.4688,66.409],[-84.3915,66.3524],[-84.3606,66.2772],[-84.2835,66.269],[-84.3028,66.3001],[-84.2219,66.301],[-84.2386,66.319],[-84.1392,66.3141],[-84.0964,66.2933],[-84.1185,66.2626],[-83.9476,66.2165],[-83.9523,66.195],[-83.7764,66.2201],[-83.7563,66.1808],[-83.7886,66.1922],[-83.8201,66.1466],[-83.6659,66.1822],[-83.6611,66.2165],[-83.7732,66.2722],[-83.7418,66.2871],[-83.8727,66.3069],[-83.8284,66.3137],[-83.8832,66.4503],[-84.2078,66.5979],[-84.149,66.5973],[-84.1013,66.656],[-84.1401,66.6775],[-84.1033,66.6806],[-84.2517,66.7009],[-84.2902,66.6783],[-84.2963,66.7024],[-84.4161,66.7236],[-84.2868,66.7798],[-84.6651,66.8343],[-84.4767,66.8317],[-84.7558,66.8986],[-84.5422,66.8976],[-84.6253,66.9068],[-84.5638,66.9327],[-84.687,66.9549],[-84.7139,66.953],[-84.6622,66.9391],[-84.8759,66.9348],[-84.7949,66.9102],[-84.9609,66.9267],[-84.9915,66.9142],[-84.8248,66.8883],[-84.9192,66.8885],[-84.8705,66.8598],[-85.0535,66.8478],[-85.0235,66.8359],[-85.04,66.815],[-84.9914,66.8263],[-85.0342,66.7954],[-84.9402,66.7768],[-84.9539,66.7608],[-85.2317,66.7761],[-85.0818,66.7866],[-85.0336,66.8252],[-85.1962,66.8736],[-85.1092,66.9037],[-85.1862,66.9092],[-85.0132,66.9455],[-85.0537,66.9471],[-85.031,66.9623],[-84.6004,66.9775],[-84.7444,67.0134],[-84.8457,66.9699],[-84.8605,66.9868],[-84.8271,67.007],[-84.9248,67.0311],[-84.8714,67.0413],[-85.1652,67.0394],[-85.0899,67.0537],[-85.1855,67.1021],[-85.055,67.0503],[-84.9165,67.064],[-84.8393,67.0204],[-84.3182,66.9638],[-84.5727,66.9751],[-84.3519,66.9119],[-84.4111,66.9148],[-84.3634,66.9065],[-84.4181,66.8932],[-84.3763,66.8917],[-84.4036,66.8759],[-84.3631,66.866],[-84.3758,66.8492],[-84.1695,66.8348],[-84.4806,66.8496],[-84.3718,66.8212],[-84.425,66.8274],[-84.4268,66.8042],[-84.2236,66.7841],[-84.3118,66.75],[-84.2212,66.7074],[-84.1052,66.6983],[-84.0612,66.7478],[-84.0121,66.7514],[-84.0148,66.7889],[-83.8905,66.8048],[-83.8858,66.8841],[-83.9174,66.9321],[-83.8596,66.875],[-83.8525,66.8185],[-83.8807,66.7775],[-83.9178,66.7834],[-83.9427,66.7249],[-83.8428,66.6794],[-83.8812,66.6395],[-83.88,66.7041],[-83.9974,66.6952],[-83.9546,66.6455],[-83.986,66.6428],[-83.9773,66.615],[-83.9121,66.6249],[-83.9126,66.6028],[-83.9616,66.6112],[-83.9557,66.5872],[-83.8506,66.5989],[-83.8576,66.569],[-83.8128,66.5422],[-83.7521,66.5366],[-83.7366,66.566],[-83.7299,66.5266],[-83.6244,66.5265],[-83.6364,66.4834],[-83.4665,66.3912],[-83.6175,66.4134],[-83.549,66.3832],[-83.5733,66.3645],[-83.5139,66.3677],[-83.5518,66.3401],[-83.3976,66.3449],[-83.3166,66.3834],[-83.3446,66.3456],[-83.0229,66.4606],[-82.9817,66.5],[-82.9825,66.5506],[-82.5776,66.5611],[-82.539,66.6298],[-82.4241,66.6548],[-82.4571,66.6777],[-82.3275,66.6962],[-82.3814,66.7041],[-82.3392,66.7314],[-82.1148,66.7105],[-82.1662,66.7513],[-82.1243,66.7697],[-82.157,66.7775],[-82.0986,66.7877],[-82.1231,66.8095],[-82.0453,66.8081],[-82.0337,66.8267],[-82.0845,66.8499],[-82.0115,66.8734],[-82.0073,66.903],[-82.3486,66.9111],[-82.0092,66.9067],[-82.1586,66.9501],[-82.1154,66.9522],[-82.243,66.9537],[-82.168,66.9559],[-82.2755,66.9678],[-82.3052,67.0],[-82.0074,66.9123],[-82.0392,66.9301],[-81.973,66.9252],[-81.9982,66.934],[-81.8119,66.9957],[-81.7031,66.9654],[-81.5932,66.9986],[-81.6197,67.0089],[-81.455,66.9969],[-81.4317,67.056],[-81.3874,67.0536],[-81.3884,67.0929],[-81.4096,67.0883],[-81.3448,67.1688],[-81.3264,67.3109],[-81.1863,67.452],[-81.376,67.5967],[-81.5918,67.6632],[-81.618,67.7086],[-81.8537,67.7919],[-81.7562,67.7837],[-81.9161,67.819],[-82.085,67.9104],[-82.093,67.9537],[-82.1754,68.0055],[-82.1046,68.0395],[-82.1402,68.0537],[-82.0995,68.0592],[-82.1165,68.0906],[-82.0625,68.0825],[-82.1236,68.1059],[-82.0357,68.108],[-81.9833,68.1516],[-81.9561,68.1934],[-81.9787,68.2152],[-82.0865,68.1711],[-82.0584,68.1607],[-82.1365,68.1106],[-82.2456,68.1246],[-82.219,68.128],[-82.3371,68.1605],[-82.2247,68.2299],[-82.2436,68.2939],[-82.3297,68.2548],[-82.4937,68.3141],[-82.3199,68.3128],[-82.3225,68.3587],[-82.0551,68.2975],[-82.0,68.3439],[-82.625,68.3985],[-82.6443,68.4324],[-82.4758,68.4434],[-82.6313,68.5022],[-82.5374,68.5274],[-82.4556,68.4783],[-82.1885,68.459],[-82.1662,68.4833],[-82.2379,68.5185],[-82.2515,68.5408],[-82.2254,68.5433],[-82.4663,68.6152],[-82.5851,68.6005],[-82.5486,68.563],[-82.5936,68.545],[-82.6528,68.5962],[-83.0,68.6509],[-82.6977,68.5913],[-82.6611,68.6008],[-82.6794,68.7177],[-82.8599,68.75],[-82.691,68.7221],[-82.7577,68.7494],[-82.6819,68.7234],[-82.598,68.7617],[-82.3904,68.6877],[-82.3866,68.7141],[-82.315,68.7188],[-82.3373,68.7311],[-82.1888,68.7432],[-82.2445,68.8195],[-82.341,68.8559],[-82.3077,68.9235],[-82.1318,68.805],[-82.0574,68.8082],[-81.9973,68.8577],[-81.9538,68.8291],[-82.0356,68.8047],[-81.9887,68.716],[-81.9182,68.6739],[-82.0107,68.6761],[-81.9516,68.6405],[-82.0861,68.6481],[-82.0504,68.6238],[-82.1148,68.6073],[-82.0831,68.5964],[-82.2205,68.6359],[-82.1685,68.5705],[-82.2827,68.5935],[-82.2959,68.5691],[-82.043,68.5059],[-82.0451,68.4758],[-81.9424,68.4068],[-81.7849,68.4615],[-81.7887,68.5275],[-81.5832,68.5151],[-81.3462,68.5893],[-81.3338,68.6209],[-81.2366,68.639],[-81.248,68.751],[-81.202,68.7732],[-81.3183,68.8597],[-81.4113,68.8839],[-81.5393,68.8217],[-81.558,68.8766],[-81.6293,68.9082],[-82.0446,68.8815],[-81.6716,68.9458],[-81.6497,68.9639],[-81.6688,68.9953],[-81.5585,68.988],[-81.4558,69.0713],[-81.2394,69.086],[-81.3186,69.1973],[-81.4909,69.2061],[-81.6989,69.2677],[-82.2535,69.2429],[-82.263,69.2631],[-82.2086,69.2753],[-82.2511,69.2959],[-82.1182,69.2918],[-82.3912,69.401],[-82.1969,69.3937],[-82.6274,69.4775],[-83.2602,69.542],[-82.4412,69.4923],[-82.5572,69.5077],[-82.4481,69.5],[-82.5801,69.5569],[-82.5504,69.5682],[-82.7647,69.5747],[-82.5141,69.5934],[-82.6524,69.6307],[-82.5878,69.6271],[-82.5981,69.6538],[-82.4469,69.6519],[-82.3897,69.6107],[-82.3938,69.638],[-82.2145,69.6362],[-82.5036,69.6604],[-82.5474,69.7002],[-82.6793,69.708],[-82.5959,69.6769],[-83.2467,69.707],[-83.3045,69.6993],[-83.2936,69.6783],[-83.4669,69.688],[-83.3407,69.6555],[-84.0637,69.764],[-84.0163,69.7661],[-84.1326,69.7961],[-84.0873,69.7984],[-84.122,69.8179],[-84.4059,69.8611],[-84.7493,69.8347],[-84.8794,69.8555],[-84.8274,69.8372],[-84.8577,69.834],[-84.8501,69.8078],[-84.9241,69.8213],[-85.0554,69.7879],[-85.0013,69.7598],[-85.3742,69.8521],[-85.5419,69.8614],[-85.583,69.8197],[-85.332,69.8215],[-85.2782,69.7965],[-85.3276,69.7995],[-85.3098,69.7725],[-85.1562,69.7858],[-85.3863,69.7432],[-85.3577,69.7766],[-85.3891,69.7946],[-85.4985,69.7574],[-85.3935,69.7259],[-85.4523,69.671],[-85.5068,69.6866],[-85.5251,69.6455],[-85.3403,69.5716],[-85.4706,69.5681],[-85.4251,69.5517],[-85.492,69.5409],[-85.5228,69.4874],[-85.4728,69.4412],[-85.3067,69.4425],[-85.3976,69.45],[-85.3433,69.4297],[-85.3617,69.4044],[-85.4852,69.4115],[-85.4612,69.3721],[-85.3722,69.3678],[-85.4414,69.3615],[-85.426,69.3286],[-85.3129,69.3049],[-85.4874,69.3223],[-85.4501,69.26],[-85.3394,69.22],[-85.3905,69.2097],[-85.1798,69.1932],[-85.3075,69.1619],[-85.23,69.1297],[-85.1579,69.1361],[-85.1963,69.1626],[-85.14,69.1723],[-84.9718,69.1718],[-85.1339,69.1336],[-85.089,69.1103],[-84.9739,69.1462],[-84.948,69.1324],[-85.0154,69.1087],[-84.9165,69.1151],[-84.9507,69.0824],[-84.8589,69.0723],[-84.7232,69.0804],[-84.7514,69.0382],[-84.5046,69.0052],[-84.803,69.038],[-84.8403,69.0248],[-84.8082,69.0068],[-84.9653,69.0137],[-84.7446,68.9519],[-84.7979,68.9494],[-84.7536,68.9284],[-84.8095,68.9441],[-84.7313,68.9131],[-85.1332,68.9611],[-85.0247,68.9197],[-84.9674,68.9362],[-85.0427,68.9157],[-85.0291,68.8919],[-84.8945,68.8914],[-85.0501,68.8806],[-84.963,68.8322],[-85.0777,68.8761],[-85.1902,68.8578],[-85.138,68.8212],[-84.7983,68.812],[-84.7216,68.7673],[-84.7729,68.7434],[-84.6342,68.7284],[-85.2756,68.7576],[-85.17,68.7115],[-85.3755,68.7424],[-85.3308,68.766],[-85.47,68.7869],[-85.5275,68.7837],[-85.433,68.7716],[-85.4386,68.7506],[-85.6146,68.7408],[-85.7179,68.6276],[-85.7203,68.561],[-85.6776,68.4965],[-85.7252,68.4654],[-85.6492,68.4457],[-85.7255,68.4404],[-85.6842,68.4093],[-85.754,68.3352],[-85.8148,68.3222],[-85.7605,68.2907],[-85.845,68.2365],[-85.7608,68.2178],[-85.8861,68.1867],[-85.8834,68.155],[-85.8371,68.1473],[-85.886,68.1184],[-85.8724,68.0435],[-86.07,67.9794],[-86.0939,68.0122],[-86.1048,67.9553],[-86.2943,67.8602],[-86.5099,67.6858],[-86.4554,67.6185],[-86.4785,67.6112],[-86.4307,67.5871],[-86.4769,67.5551],[-86.4559,67.5127],[-86.497,67.4979],[-86.4614,67.4441],[-86.5276,67.434],[-86.4835,67.3762],[-86.5124,67.3301],[-86.5357,67.3639],[-86.5804,67.3293],[-86.5874,67.4056],[-86.6313,67.4071],[-86.6088,67.3516],[-86.7448,67.4232],[-86.8554,67.4112],[-86.961,67.3619],[-86.9456,67.3323],[-86.9745,67.3299],[-86.9383,67.3091],[-87.0161,67.3208],[-86.9758,67.3385],[-87.008,67.3551],[-87.0764,67.3404],[-87.0013,67.32],[-87.0353,67.3044],[-86.9656,67.304],[-86.9901,67.2716],[-86.8415,67.1595],[-86.9732,67.2472],[-87.0061,67.2505],[-86.9609,67.2332],[-86.9869,67.2279],[-87.0554,67.2607],[-87.088,67.1645],[-87.1245,67.2059],[-87.0889,67.211],[-87.1363,67.2365],[-87.1718,67.227],[-87.1329,67.205],[-87.22,67.2249],[-87.1952,67.2011],[-87.2364,67.191],[-87.2514,67.0956],[-87.2906,67.0983],[-87.2659,67.0989],[-87.3021,67.183],[-87.3375,67.1893],[-87.3017,67.2222],[-87.3485,67.229],[-87.4244,67.1969],[-87.4155,67.1484],[-87.5,67.1041],[-87.4516,67.1593],[-87.5192,67.1827],[-87.4412,67.1787],[-87.4766,67.2005],[-87.3435,67.2302],[-87.3811,67.2546],[-87.3328,67.2638],[-87.3985,67.2742],[-87.4549,67.2426],[-87.3888,67.2872],[-87.4444,67.3002],[-87.4654,67.3647],[-87.5,67.3468],[-87.4936,67.3752],[-87.5521,67.3786],[-87.8263,67.5686],[-88.1192,67.6763],[-88.1128,67.7365],[-88.1958,67.7654],[-88.334,67.9425],[-88.4066,67.9873],[-88.3397,68.0089],[-88.3785,68.0334],[-88.3185,68.0468],[-88.327,68.0824],[-88.2722,68.1057],[-88.2698,68.1548],[-88.3734,68.2493],[-88.3739,68.2903],[-88.2565,68.3207],[-88.1734,68.3808],[-88.1715,68.2427],[-88.0026,68.2405],[-87.9185,68.2026],[-87.7872,68.3124],[-87.7772,68.4127],[-87.8318,68.4482],[-87.8089,68.4775],[-87.8462,68.4742],[-87.9413,68.5945],[-87.9053,68.6571],[-87.9318,68.7296],[-88.0391,68.8245],[-88.2188,68.9196],[-88.8099,69.1109],[-88.9574,69.2416],[-89.1145,69.2766],[-89.2664,69.2644],[-89.3778,69.226],[-89.4639,69.1275],[-89.6366,69.058],[-89.7527,68.9664],[-89.7215,68.8406],[-89.6725,68.8147],[-89.7011,68.7154],[-89.7372,68.6957],[-89.7268,68.6386],[-89.7772,68.6281],[-89.7421,68.6678],[-89.7886,68.7245],[-89.9007,68.6603],[-89.9393,68.5914],[-89.8312,68.5351],[-89.837,68.4825],[-89.8977,68.4877],[-89.865,68.4602],[-89.9801,68.4454],[-89.8939,68.4404],[-89.9834,68.4229],[-89.959,68.41],[-89.9754,68.3825],[-90.0964,68.333],[-90.0315,68.3248],[-90.1315,68.3062],[-90.0801,68.2687],[-90.0998,68.2534],[-90.2292,68.2286],[-90.3227,68.3176],[-90.2875,68.3279],[-90.3108,68.355],[-90.279,68.3749],[-90.5951,68.4506],[-90.4593,68.537],[-90.5333,68.5725],[-90.4614,68.599],[-90.5496,68.6299],[-90.4844,68.6611],[-90.4596,68.7129],[-90.5231,68.738],[-90.4935,68.7641],[-90.5221,68.7908],[-90.4516,68.773],[-90.4747,68.7759],[-90.4344,68.7933],[-90.4564,68.8255],[-90.4308,68.8357],[-90.5959,68.8047],[-90.5007,68.8454],[-90.4149,68.8424],[-90.4751,68.855],[-90.4287,68.8818],[-90.6201,68.9174],[-90.551,68.9541],[-90.5974,68.9955],[-90.6956,69.015],[-90.6371,69.0545],[-90.6415,69.0814],[-91.4283,69.3596],[-91.1527,69.2919],[-90.9224,69.3592],[-90.9996,69.3128],[-90.9738,69.3115],[-91.1002,69.2812],[-90.9009,69.2991],[-90.9712,69.2681],[-90.8693,69.2738],[-90.9148,69.2572],[-90.8646,69.2497],[-90.8079,69.2598],[-90.8025,69.3109],[-90.8305,69.3342],[-90.7717,69.3636],[-90.8222,69.3633],[-90.5966,69.4233],[-90.7077,69.462],[-90.5729,69.4297],[-90.5071,69.4489],[-90.5659,69.4254],[-90.5363,69.4235],[-90.3432,69.4682],[-90.4021,69.4603],[-90.4082,69.4882],[-90.4494,69.4838],[-90.4318,69.4972],[-90.469,69.4847],[-90.4521,69.5045],[-90.6322,69.5207],[-90.6354,69.5431],[-90.7137,69.4644],[-90.7651,69.462],[-90.6433,69.542],[-90.6872,69.5482],[-90.7485,69.5061],[-90.7229,69.488],[-90.8084,69.4861],[-90.8712,69.4441],[-90.8937,69.4484],[-90.8057,69.4914],[-90.8816,69.4802],[-90.8366,69.5049],[-90.8668,69.5103],[-90.9884,69.4722],[-90.8855,69.5129],[-90.9418,69.521],[-91.3007,69.4101],[-91.1302,69.4657],[-91.0888,69.509],[-90.9726,69.527],[-91.1486,69.5171],[-91.1173,69.5357],[-91.163,69.527],[-91.1189,69.5434],[-91.1586,69.5408],[-91.1753,69.5591],[-91.1524,69.5662],[-91.3282,69.5344],[-91.308,69.5203],[-91.6268,69.5197],[-91.3137,69.5544],[-91.1975,69.648],[-91.2342,69.625],[-91.2638,69.6572],[-91.4363,69.6655],[-91.5695,69.624],[-91.5271,69.6269],[-91.5912,69.6048],[-91.5465,69.5901],[-91.5998,69.5783],[-91.5721,69.5723],[-91.7089,69.5532],[-91.6513,69.5436],[-91.7902,69.5024],[-91.753,69.4751],[-92.1234,69.5553],[-92.1008,69.5641],[-92.2023,69.5976],[-92.1801,69.6009],[-92.2291,69.5905],[-92.2093,69.6047],[-92.2883,69.645],[-92.1626,69.6348],[-92.2935,69.6584],[-92.2577,69.6688],[-92.3334,69.6661],[-92.3058,69.6497],[-92.4753,69.7016],[-92.8204,69.6536],[-93.0048,69.6864],[-92.663,69.663],[-92.6941,69.6774],[-92.5083,69.7122],[-92.8563,69.7129],[-92.752,69.7156],[-92.7815,69.7156],[-92.6351,69.7616],[-92.6626,69.7795],[-92.6332,69.7924],[-92.6019,69.7936],[-92.6346,69.7895],[-92.5881,69.7574],[-92.553,69.7681],[-92.5573,69.8066],[-92.2874,69.8668],[-92.2228,69.8966],[-92.2661,69.9138],[-92.183,69.9155],[-92.0836,69.9853],[-91.9347,70.0222],[-91.9854,70.0657],[-92.1512,70.0975],[-92.3355,70.0411],[-92.2233,70.0894],[-92.4169,70.0883],[-92.4723,70.0498],[-92.4956,70.0879],[-92.5857,70.0836],[-92.4585,70.0971],[-92.4823,70.1012],[-92.3749,70.1574],[-92.5462,70.1767],[-92.264,70.1962],[-92.2882,70.2345],[-92.3624,70.2452],[-92.2759,70.2423],[-92.2844,70.282],[-92.2419,70.2132],[-92.2038,70.2498],[-92.2223,70.1895],[-92.1054,70.1719],[-92.0483,70.1316],[-91.5252,70.1487],[-91.5089,70.1792],[-91.6508,70.2413],[-91.6718,70.2125],[-91.6196,70.1937],[-91.6934,70.2009],[-91.6798,70.2541],[-91.7116,70.3142],[-91.687,70.3428],[-91.7325,70.3725],[-91.767,70.3387],[-91.7777,70.3669],[-91.8947,70.3681],[-91.8796,70.3283],[-91.8281,70.3179],[-91.9178,70.3077],[-91.9374,70.2443],[-91.9465,70.2879],[-91.9929,70.28],[-92.0024,70.3104],[-92.0755,70.2962],[-91.9977,70.3204],[-91.9975,70.3629],[-91.9555,70.3628],[-91.9904,70.3791],[-92.0349,70.3438],[-92.0044,70.4072],[-92.0606,70.3794],[-92.0307,70.426],[-92.1193,70.4401],[-92.1091,70.4852],[-92.2944,70.4991],[-92.1848,70.5119],[-92.2628,70.5611],[-92.126,70.5814],[-92.1711,70.6136],[-92.2791,70.6438],[-92.2402,70.6251],[-92.2732,70.5687],[-92.3288,70.5951],[-92.2689,70.6071],[-92.2914,70.6404],[-92.5333,70.6874],[-92.6502,70.6706],[-92.6231,70.6999],[-92.6779,70.6904],[-92.6231,70.7275],[-92.6967,70.7252],[-92.6294,70.742],[-92.6877,70.7529],[-92.6575,70.7635],[-92.6718,70.7813],[-93.0,70.8454],[-92.9437,70.833],[-93.0317,70.8881],[-92.9138,70.8422],[-92.8205,70.8619],[-92.8982,70.9057],[-92.8883,70.9824],[-92.8317,71.0481],[-92.8791,71.0762],[-92.8376,71.1085],[-92.8617,71.1233],[-92.84,71.166],[-92.932,71.2311],[-92.9268,71.2948],[-92.9789,71.3262],[-92.9499,71.3505],[-93.1234,71.3816],[-93.1778,71.4585],[-93.3457,71.5108],[-93.3285,71.5331],[-93.5503,71.5611],[-93.7877,71.6493],[-93.6691,71.7218],[-93.6846,71.768],[-93.9144,71.7464],[-93.9975,71.7643],[-93.998,71.7932],[-94.161,71.7719],[-94.1327,71.7845],[-94.1763,71.8051],[-94.4027,71.6675],[-94.4159,71.649],[-94.3626,71.644],[-94.399,71.6378],[-94.3974,71.6107],[-94.4747,71.6268],[-94.5797,71.5677],[-94.4909,71.6464],[-94.588,71.656],[-94.689,71.5933],[-94.6325,71.6853],[-94.4317,71.6356],[-94.3664,71.6982],[-94.3664,71.7282],[-94.3925,71.7255],[-94.3664,71.7351],[-94.3794,71.7853],[-94.3275,71.7964],[-94.3871,71.8137],[-94.4491,71.7888],[-94.4623,71.8254],[-94.5077,71.7833],[-94.4331,71.7813],[-94.5946,71.7551],[-94.5841,71.7913],[-94.6072,71.7943],[-94.5836,71.8046],[-94.6348,71.825],[-94.5612,71.8597],[-94.4525,71.8524],[-94.4276,71.8951],[-94.488,71.9109],[-94.3707,71.9379],[-94.5052,71.9591],[-94.453,71.9825],[-94.4865,71.9956],[-94.6509,72.0]],[[-85.9998,66.0203],[-85.9988,66.0202],[-86.0003,66.0201],[-85.9998,66.0203]],[[-90.8378,63.4105],[-90.8401,63.4111],[-90.8393,63.4115],[-90.8378,63.4105]],[[-87.5146,67.1862],[-87.5205,67.1882],[-87.5154,67.1873],[-87.5146,67.1862]],[[-84.3092,66.7504],[-84.3067,66.7527],[-84.3054,66.7508],[-84.3092,66.7504]],[[-90.7268,63.0021],[-90.721,63.0014],[-90.7297,62.9996],[-90.7268,63.0021]],[[-90.7305,62.963],[-90.7202,62.9602],[-90.7311,62.9581],[-90.7305,62.963]],[[-82.2042,68.3414],[-82.2103,68.3358],[-82.2189,68.3405],[-82.2042,68.3414]],[[-82.1122,68.3465],[-82.1222,68.3545],[-82.1026,68.348],[-82.1122,68.3465]],[[-90.6913,63.0082],[-90.6746,62.9997],[-90.7046,63.007],[-90.6913,63.0082]],[[-96.641,68.1962],[-96.6872,68.2306],[-96.6734,68.2318],[-96.641,68.1962]],[[-92.3675,63.2638],[-92.2999,63.2424],[-92.4167,63.25],[-92.3675,63.2638]],[[-92.7739,63.5685],[-92.6138,63.5386],[-92.6982,63.5443],[-92.6869,63.521],[-92.7739,63.5685]],[[-92.721,63.5217],[-92.5617,63.4124],[-92.8331,63.5635],[-92.721,63.5217]],[[-93.5322,62.3532],[-93.4476,62.3291],[-93.6172,62.2997],[-93.6631,62.3182],[-93.5976,62.3088],[-93.5195,62.334],[-93.5322,62.3532]],[[-91.3333,63.8133],[-91.0775,63.7515],[-91.2873,63.7925],[-91.3632,63.763],[-91.3012,63.7107],[-91.3888,63.7625],[-91.4171,63.7427],[-91.3822,63.7196],[-91.4129,63.7218],[-91.4228,63.7555],[-91.3897,63.7641],[-91.4171,63.7692],[-91.2947,63.7899],[-91.3333,63.8133]],[[-92.3009,63.4128],[-92.1599,63.3364],[-92.2212,63.3214],[-92.3301,63.3623],[-92.3009,63.4128]],[[-92.7571,63.4169],[-92.7782,63.4086],[-92.4186,63.25],[-92.633,63.3527],[-92.6952,63.3476],[-92.8766,63.475],[-93.0,63.5174],[-92.8091,63.5329],[-92.8649,63.5258],[-92.8879,63.4804],[-92.7571,63.4169]]]]},"properties":{"PRENAME":"Nunavut","PREABBR":"Nvt.","PRUID":"62"}}]}